session_date,month,channel,sessions,bounce_rate
2025-01-01,2025-01,Google Ads,22,0.449
2025-01-01,2025-01,Organic,6,0.47
2025-01-01,2025-01,Organic,9,0.485
2025-01-01,2025-01,Meta,81,0.627
2025-01-01,2025-01,Email,7,0.398
2025-01-01,2025-01,Affiliate,14,0.701
2025-01-01,2025-01,Google Ads,26,0.446
2025-01-02,2025-01,Meta,15,0.545
2025-01-02,2025-01,Organic,2,0.458
2025-01-02,2025-01,Email,3,0.526
2025-01-02,2025-01,Email,2,0.416
2025-01-02,2025-01,Google Ads,24,0.542
2025-01-02,2025-01,Affiliate,15,0.659
2025-01-02,2025-01,Meta,12,0.446
2025-01-02,2025-01,Email,2,0.387
2025-01-02,2025-01,Google Ads,33,0.469
2025-01-02,2025-01,Organic,2,0.303
2025-01-03,2025-01,Meta,18,0.519
2025-01-03,2025-01,Meta,16,0.635
2025-01-03,2025-01,Google Ads,22,0.58
2025-01-03,2025-01,Email,6,0.312
2025-01-03,2025-01,Affiliate,19,0.703
2025-01-03,2025-01,Email,4,0.381
2025-01-03,2025-01,Meta,15,0.507
2025-01-03,2025-01,Google Ads,23,0.486
2025-01-03,2025-01,Organic,10,0.411
2025-01-04,2025-01,Email,7,0.554
2025-01-04,2025-01,Meta,51,0.576
2025-01-04,2025-01,Email,5,0.395
2025-01-04,2025-01,Google Ads,9,0.521
2025-01-04,2025-01,Google Ads,16,0.504
2025-01-04,2025-01,Organic,1,0.384
2025-01-04,2025-01,Google Ads,19,0.423
2025-01-04,2025-01,Organic,5,0.539
2025-01-04,2025-01,Affiliate,12,0.716
2025-01-05,2025-01,Affiliate,7,0.636
2025-01-05,2025-01,Affiliate,12,0.701
2025-01-05,2025-01,Organic,6,0.452
2025-01-05,2025-01,Organic,4,0.369
2025-01-05,2025-01,Affiliate,17,0.512
2025-01-05,2025-01,Email,12,0.378
2025-01-05,2025-01,Meta,51,0.575
2025-01-05,2025-01,Google Ads,27,0.441
2025-01-05,2025-01,Google Ads,23,0.508
2025-01-06,2025-01,Google Ads,15,0.517
2025-01-06,2025-01,Google Ads,16,0.505
2025-01-06,2025-01,Affiliate,8,0.609
2025-01-06,2025-01,Meta,59,0.609
2025-01-06,2025-01,Organic,15,0.343
2025-01-06,2025-01,Organic,8,0.39
2025-01-06,2025-01,Affiliate,13,0.554
2025-01-06,2025-01,Email,4,0.487
2025-01-06,2025-01,Google Ads,22,0.412
2025-01-06,2025-01,Email,6,0.53
2025-01-06,2025-01,Affiliate,5,0.531
2025-01-07,2025-01,Google Ads,29,0.598
2025-01-07,2025-01,Affiliate,10,0.664
2025-01-07,2025-01,Meta,36,0.612
2025-01-07,2025-01,Google Ads,19,0.468
2025-01-07,2025-01,Affiliate,12,0.545
2025-01-07,2025-01,Email,1,0.439
2025-01-07,2025-01,Meta,27,0.512
2025-01-07,2025-01,Organic,7,0.457
2025-01-07,2025-01,Organic,4,0.376
2025-01-07,2025-01,Email,2,0.434
2025-01-07,2025-01,Email,6,0.371
2025-01-08,2025-01,Meta,19,0.541
2025-01-08,2025-01,Organic,7,0.507
2025-01-08,2025-01,Affiliate,6,0.608
2025-01-08,2025-01,Affiliate,6,0.603
2025-01-08,2025-01,Email,15,0.435
2025-01-08,2025-01,Organic,3,0.344
2025-01-08,2025-01,Affiliate,7,0.595
2025-01-08,2025-01,Organic,3,0.345
2025-01-08,2025-01,Meta,18,0.593
2025-01-08,2025-01,Meta,15,0.63
2025-01-08,2025-01,Google Ads,51,0.451
2025-01-09,2025-01,Meta,18,0.597
2025-01-09,2025-01,Organic,2,0.317
2025-01-09,2025-01,Google Ads,12,0.52
2025-01-09,2025-01,Google Ads,20,0.495
2025-01-09,2025-01,Email,11,0.358
2025-01-09,2025-01,Organic,3,0.411
2025-01-09,2025-01,Organic,5,0.407
2025-01-09,2025-01,Affiliate,13,0.656
2025-01-09,2025-01,Meta,17,0.624
2025-01-10,2025-01,Email,2,0.523
2025-01-10,2025-01,Meta,17,0.622
2025-01-10,2025-01,Meta,13,0.643
2025-01-10,2025-01,Organic,1,0.368
2025-01-10,2025-01,Affiliate,8,0.628
2025-01-10,2025-01,Meta,9,0.612
2025-01-10,2025-01,Affiliate,6,0.551
2025-01-10,2025-01,Google Ads,23,0.427
2025-01-10,2025-01,Email,4,0.393
2025-01-10,2025-01,Organic,3,0.415
2025-01-10,2025-01,Google Ads,20,0.434
2025-01-11,2025-01,Affiliate,13,0.615
2025-01-11,2025-01,Meta,55,0.594
2025-01-11,2025-01,Google Ads,19,0.51
2025-01-11,2025-01,Google Ads,8,0.442
2025-01-11,2025-01,Organic,6,0.427
2025-01-11,2025-01,Email,3,0.519
2025-01-11,2025-01,Google Ads,12,0.485
2025-01-11,2025-01,Organic,4,0.459
2025-01-11,2025-01,Affiliate,7,0.651
2025-01-11,2025-01,Email,5,0.333
2025-01-12,2025-01,Organic,10,0.411
2025-01-12,2025-01,Affiliate,3,0.687
2025-01-12,2025-01,Email,7,0.503
2025-01-12,2025-01,Affiliate,6,0.646
2025-01-12,2025-01,Meta,30,0.58
2025-01-12,2025-01,Google Ads,24,0.469
2025-01-12,2025-01,Google Ads,30,0.572
2025-01-12,2025-01,Meta,25,0.507
2025-01-12,2025-01,Affiliate,8,0.574
2025-01-12,2025-01,Email,2,0.413
2025-01-12,2025-01,Email,5,0.437
2025-01-13,2025-01,Google Ads,23,0.502
2025-01-13,2025-01,Meta,12,0.637
2025-01-13,2025-01,Organic,6,0.398
2025-01-13,2025-01,Google Ads,26,0.495
2025-01-13,2025-01,Affiliate,14,0.652
2025-01-13,2025-01,Meta,18,0.597
2025-01-13,2025-01,Meta,15,0.553
2025-01-13,2025-01,Affiliate,8,0.653
2025-01-13,2025-01,Email,14,0.491
2025-01-14,2025-01,Affiliate,9,0.531
2025-01-14,2025-01,Google Ads,26,0.532
2025-01-14,2025-01,Meta,31,0.581
2025-01-14,2025-01,Meta,20,0.623
2025-01-14,2025-01,Organic,3,0.489
2025-01-14,2025-01,Google Ads,28,0.474
2025-01-14,2025-01,Email,6,0.502
2025-01-14,2025-01,Organic,5,0.459
2025-01-14,2025-01,Affiliate,14,0.517
2025-01-15,2025-01,Meta,24,0.622
2025-01-15,2025-01,Organic,4,0.362
2025-01-15,2025-01,Meta,30,0.543
2025-01-15,2025-01,Google Ads,33,0.491
2025-01-15,2025-01,Affiliate,13,0.576
2025-01-15,2025-01,Organic,3,0.451
2025-01-15,2025-01,Google Ads,32,0.422
2025-01-15,2025-01,Email,13,0.505
2025-01-15,2025-01,Organic,3,0.348
2025-01-15,2025-01,Affiliate,5,0.56
2025-01-16,2025-01,Google Ads,25,0.479
2025-01-16,2025-01,Google Ads,25,0.496
2025-01-16,2025-01,Email,7,0.516
2025-01-16,2025-01,Meta,15,0.522
2025-01-16,2025-01,Meta,18,0.622
2025-01-16,2025-01,Affiliate,20,0.573
2025-01-16,2025-01,Organic,14,0.325
2025-01-16,2025-01,Email,2,0.331
2025-01-17,2025-01,Affiliate,5,0.622
2025-01-17,2025-01,Google Ads,23,0.444
2025-01-17,2025-01,Google Ads,24,0.434
2025-01-17,2025-01,Affiliate,12,0.541
2025-01-17,2025-01,Google Ads,24,0.389
2025-01-17,2025-01,Organic,15,0.385
2025-01-17,2025-01,Meta,43,0.64
2025-01-17,2025-01,Email,12,0.495
2025-01-18,2025-01,Meta,10,0.577
2025-01-18,2025-01,Meta,9,0.513
2025-01-18,2025-01,Organic,6,0.419
2025-01-18,2025-01,Email,2,0.477
2025-01-18,2025-01,Affiliate,12,0.634
2025-01-18,2025-01,Organic,1,0.469
2025-01-18,2025-01,Meta,15,0.464
2025-01-18,2025-01,Email,3,0.382
2025-01-18,2025-01,Google Ads,33,0.45
2025-01-18,2025-01,Organic,1,0.411
2025-01-19,2025-01,Meta,20,0.52
2025-01-19,2025-01,Google Ads,21,0.503
2025-01-19,2025-01,Google Ads,12,0.552
2025-01-19,2025-01,Affiliate,16,0.657
2025-01-19,2025-01,Affiliate,11,0.623
2025-01-19,2025-01,Meta,30,0.586
2025-01-19,2025-01,Email,4,0.522
2025-01-19,2025-01,Organic,6,0.326
2025-01-19,2025-01,Google Ads,17,0.471
2025-01-19,2025-01,Email,7,0.43
2025-01-19,2025-01,Organic,7,0.438
2025-01-20,2025-01,Organic,6,0.345
2025-01-20,2025-01,Meta,17,0.541
2025-01-20,2025-01,Meta,22,0.691
2025-01-20,2025-01,Google Ads,29,0.526
2025-01-20,2025-01,Affiliate,9,0.696
2025-01-20,2025-01,Google Ads,33,0.456
2025-01-20,2025-01,Email,7,0.531
2025-01-20,2025-01,Organic,6,0.341
2025-01-20,2025-01,Email,7,0.467
2025-01-20,2025-01,Meta,17,0.564
2025-01-20,2025-01,Affiliate,7,0.613
2025-01-21,2025-01,Affiliate,12,0.592
2025-01-21,2025-01,Organic,19,0.444
2025-01-21,2025-01,Organic,11,0.276
2025-01-21,2025-01,Google Ads,29,0.468
2025-01-21,2025-01,Meta,28,0.582
2025-01-21,2025-01,Google Ads,19,0.387
2025-01-21,2025-01,Email,4,0.351
2025-01-21,2025-01,Meta,23,0.507
2025-01-21,2025-01,Affiliate,6,0.551
2025-01-22,2025-01,Organic,11,0.476
2025-01-22,2025-01,Email,11,0.387
2025-01-22,2025-01,Meta,61,0.547
2025-01-22,2025-01,Affiliate,18,0.709
2025-01-22,2025-01,Google Ads,44,0.538
2025-01-23,2025-01,Organic,4,0.43
2025-01-23,2025-01,Email,7,0.564
2025-01-23,2025-01,Affiliate,6,0.636
2025-01-23,2025-01,Google Ads,51,0.408
2025-01-23,2025-01,Affiliate,7,0.676
2025-01-23,2025-01,Email,5,0.443
2025-01-23,2025-01,Meta,21,0.556
2025-01-23,2025-01,Meta,17,0.672
2025-01-23,2025-01,Affiliate,9,0.595
2025-01-24,2025-01,Organic,2,0.296
2025-01-24,2025-01,Google Ads,11,0.438
2025-01-24,2025-01,Email,4,0.524
2025-01-24,2025-01,Organic,2,0.374
2025-01-24,2025-01,Google Ads,12,0.526
2025-01-24,2025-01,Email,3,0.52
2025-01-24,2025-01,Affiliate,14,0.611
2025-01-24,2025-01,Meta,48,0.541
2025-01-24,2025-01,Google Ads,19,0.434
2025-01-25,2025-01,Email,3,0.427
2025-01-25,2025-01,Email,5,0.51
2025-01-25,2025-01,Meta,50,0.557
2025-01-25,2025-01,Affiliate,17,0.726
2025-01-25,2025-01,Organic,12,0.457
2025-01-25,2025-01,Google Ads,54,0.565
2025-01-26,2025-01,Meta,22,0.579
2025-01-26,2025-01,Google Ads,12,0.425
2025-01-26,2025-01,Organic,5,0.416
2025-01-26,2025-01,Affiliate,3,0.677
2025-01-26,2025-01,Organic,5,0.362
2025-01-26,2025-01,Email,9,0.429
2025-01-26,2025-01,Email,5,0.481
2025-01-26,2025-01,Google Ads,19,0.478
2025-01-26,2025-01,Affiliate,6,0.645
2025-01-26,2025-01,Affiliate,9,0.6
2025-01-26,2025-01,Meta,22,0.639
2025-01-26,2025-01,Google Ads,21,0.509
2025-01-27,2025-01,Affiliate,12,0.685
2025-01-27,2025-01,Email,11,0.478
2025-01-27,2025-01,Meta,19,0.551
2025-01-27,2025-01,Meta,16,0.521
2025-01-27,2025-01,Organic,4,0.359
2025-01-27,2025-01,Organic,1,0.351
2025-01-27,2025-01,Google Ads,52,0.481
2025-01-27,2025-01,Meta,12,0.537
2025-01-28,2025-01,Email,10,0.427
2025-01-28,2025-01,Organic,3,0.454
2025-01-28,2025-01,Google Ads,12,0.51
2025-01-28,2025-01,Affiliate,7,0.63
2025-01-28,2025-01,Organic,2,0.415
2025-01-28,2025-01,Google Ads,15,0.431
2025-01-28,2025-01,Affiliate,9,0.592
2025-01-28,2025-01,Email,3,0.351
2025-01-28,2025-01,Meta,54,0.58
2025-01-28,2025-01,Google Ads,16,0.478
2025-01-28,2025-01,Organic,2,0.345
2025-01-29,2025-01,Meta,48,0.575
2025-01-29,2025-01,Google Ads,32,0.378
2025-01-29,2025-01,Email,10,0.501
2025-01-29,2025-01,Organic,3,0.542
2025-01-29,2025-01,Google Ads,35,0.534
2025-01-29,2025-01,Organic,1,0.37
2025-01-29,2025-01,Affiliate,7,0.695
2025-01-29,2025-01,Affiliate,9,0.572
2025-01-29,2025-01,Organic,3,0.379
2025-01-30,2025-01,Email,3,0.456
2025-01-30,2025-01,Google Ads,18,0.401
2025-01-30,2025-01,Email,3,0.339
2025-01-30,2025-01,Email,3,0.472
2025-01-30,2025-01,Meta,18,0.586
2025-01-30,2025-01,Organic,4,0.375
2025-01-30,2025-01,Affiliate,6,0.618
2025-01-30,2025-01,Affiliate,6,0.597
2025-01-30,2025-01,Organic,2,0.388
2025-01-30,2025-01,Google Ads,21,0.426
2025-01-30,2025-01,Organic,4,0.406
2025-01-30,2025-01,Meta,13,0.644
2025-01-31,2025-01,Google Ads,17,0.526
2025-01-31,2025-01,Affiliate,4,0.689
2025-01-31,2025-01,Email,4,0.402
2025-01-31,2025-01,Organic,2,0.348
2025-01-31,2025-01,Organic,5,0.435
2025-01-31,2025-01,Email,6,0.45
2025-01-31,2025-01,Affiliate,7,0.631
2025-01-31,2025-01,Organic,2,0.422
2025-01-31,2025-01,Meta,23,0.612
2025-01-31,2025-01,Meta,22,0.536
2025-01-31,2025-01,Google Ads,17,0.579
2025-02-01,2025-02,Meta,17,0.554
2025-02-01,2025-02,Email,2,0.412
2025-02-01,2025-02,Organic,6,0.39
2025-02-01,2025-02,Google Ads,25,0.473
2025-02-01,2025-02,Google Ads,21,0.356
2025-02-01,2025-02,Email,3,0.378
2025-02-01,2025-02,Meta,15,0.599
2025-02-01,2025-02,Affiliate,9,0.594
2025-02-02,2025-02,Organic,5,0.392
2025-02-02,2025-02,Meta,18,0.666
2025-02-02,2025-02,Google Ads,62,0.434
2025-02-02,2025-02,Email,5,0.357
2025-02-02,2025-02,Email,3,0.439
2025-02-02,2025-02,Affiliate,4,0.71
2025-02-02,2025-02,Meta,14,0.677
2025-02-02,2025-02,Affiliate,7,0.652
2025-02-02,2025-02,Meta,14,0.599
2025-02-03,2025-02,Organic,9,0.352
2025-02-03,2025-02,Email,7,0.397
2025-02-03,2025-02,Organic,6,0.491
2025-02-03,2025-02,Google Ads,62,0.524
2025-02-03,2025-02,Email,4,0.351
2025-02-03,2025-02,Affiliate,10,0.656
2025-02-03,2025-02,Meta,44,0.498
2025-02-04,2025-02,Meta,29,0.482
2025-02-04,2025-02,Email,4,0.466
2025-02-04,2025-02,Affiliate,4,0.601
2025-02-04,2025-02,Google Ads,27,0.504
2025-02-04,2025-02,Affiliate,3,0.685
2025-02-04,2025-02,Email,2,0.41
2025-02-04,2025-02,Affiliate,2,0.656
2025-02-04,2025-02,Meta,39,0.501
2025-02-04,2025-02,Organic,18,0.311
2025-02-04,2025-02,Google Ads,36,0.499
2025-02-05,2025-02,Meta,68,0.594
2025-02-05,2025-02,Affiliate,10,0.57
2025-02-05,2025-02,Organic,5,0.384
2025-02-05,2025-02,Organic,2,0.295
2025-02-05,2025-02,Affiliate,6,0.475
2025-02-05,2025-02,Email,8,0.318
2025-02-05,2025-02,Affiliate,5,0.646
2025-02-05,2025-02,Google Ads,31,0.456
2025-02-05,2025-02,Google Ads,22,0.45
2025-02-05,2025-02,Google Ads,33,0.432
2025-02-05,2025-02,Email,8,0.453
2025-02-06,2025-02,Email,1,0.42
2025-02-06,2025-02,Google Ads,18,0.477
2025-02-06,2025-02,Meta,24,0.485
2025-02-06,2025-02,Meta,33,0.503
2025-02-06,2025-02,Organic,7,0.367
2025-02-06,2025-02,Organic,4,0.355
2025-02-06,2025-02,Email,2,0.471
2025-02-06,2025-02,Google Ads,23,0.441
2025-02-06,2025-02,Affiliate,31,0.611
2025-02-07,2025-02,Google Ads,67,0.514
2025-02-07,2025-02,Meta,51,0.609
2025-02-07,2025-02,Affiliate,5,0.608
2025-02-07,2025-02,Organic,8,0.417
2025-02-07,2025-02,Email,18,0.358
2025-02-07,2025-02,Affiliate,4,0.601
2025-02-08,2025-02,Organic,4,0.456
2025-02-08,2025-02,Organic,3,0.454
2025-02-08,2025-02,Affiliate,13,0.602
2025-02-08,2025-02,Google Ads,21,0.478
2025-02-08,2025-02,Meta,23,0.623
2025-02-08,2025-02,Google Ads,30,0.441
2025-02-08,2025-02,Email,7,0.405
2025-02-08,2025-02,Meta,21,0.594
2025-02-09,2025-02,Email,9,0.375
2025-02-09,2025-02,Google Ads,47,0.396
2025-02-09,2025-02,Meta,28,0.528
2025-02-09,2025-02,Organic,12,0.438
2025-02-09,2025-02,Meta,35,0.628
2025-02-09,2025-02,Affiliate,16,0.61
2025-02-09,2025-02,Email,7,0.483
2025-02-10,2025-02,Google Ads,42,0.519
2025-02-10,2025-02,Affiliate,8,0.568
2025-02-10,2025-02,Organic,4,0.446
2025-02-10,2025-02,Email,4,0.423
2025-02-10,2025-02,Organic,3,0.469
2025-02-10,2025-02,Google Ads,36,0.564
2025-02-10,2025-02,Email,6,0.411
2025-02-10,2025-02,Meta,49,0.646
2025-02-11,2025-02,Meta,16,0.597
2025-02-11,2025-02,Affiliate,14,0.647
2025-02-11,2025-02,Meta,18,0.534
2025-02-11,2025-02,Affiliate,8,0.641
2025-02-11,2025-02,Organic,10,0.3
2025-02-11,2025-02,Google Ads,31,0.453
2025-02-11,2025-02,Google Ads,36,0.478
2025-02-11,2025-02,Email,13,0.375
2025-02-12,2025-02,Affiliate,22,0.614
2025-02-12,2025-02,Meta,15,0.597
2025-02-12,2025-02,Meta,14,0.573
2025-02-12,2025-02,Email,5,0.413
2025-02-12,2025-02,Organic,6,0.469
2025-02-12,2025-02,Organic,4,0.411
2025-02-12,2025-02,Meta,21,0.502
2025-02-12,2025-02,Google Ads,44,0.436
2025-02-12,2025-02,Email,7,0.434
2025-02-13,2025-02,Email,7,0.439
2025-02-13,2025-02,Organic,5,0.405
2025-02-13,2025-02,Google Ads,28,0.51
2025-02-13,2025-02,Google Ads,24,0.481
2025-02-13,2025-02,Affiliate,10,0.632
2025-02-13,2025-02,Google Ads,30,0.501
2025-02-13,2025-02,Meta,44,0.57
2025-02-13,2025-02,Affiliate,9,0.694
2025-02-14,2025-02,Google Ads,55,0.448
2025-02-14,2025-02,Organic,9,0.468
2025-02-14,2025-02,Affiliate,6,0.651
2025-02-14,2025-02,Organic,6,0.433
2025-02-14,2025-02,Meta,62,0.542
2025-02-14,2025-02,Affiliate,7,0.753
2025-02-14,2025-02,Affiliate,9,0.653
2025-02-14,2025-02,Email,6,0.373
2025-02-14,2025-02,Email,5,0.372
2025-02-15,2025-02,Affiliate,2,0.645
2025-02-15,2025-02,Affiliate,8,0.719
2025-02-15,2025-02,Email,6,0.401
2025-02-15,2025-02,Meta,48,0.482
2025-02-15,2025-02,Google Ads,26,0.477
2025-02-15,2025-02,Google Ads,30,0.453
2025-02-15,2025-02,Organic,8,0.385
2025-02-15,2025-02,Email,7,0.456
2025-02-15,2025-02,Affiliate,4,0.68
2025-02-16,2025-02,Affiliate,15,0.593
2025-02-16,2025-02,Google Ads,49,0.428
2025-02-16,2025-02,Organic,5,0.409
2025-02-16,2025-02,Affiliate,10,0.694
2025-02-16,2025-02,Email,2,0.405
2025-02-16,2025-02,Meta,80,0.654
2025-02-16,2025-02,Email,3,0.457
2025-02-16,2025-02,Google Ads,42,0.364
2025-02-16,2025-02,Organic,3,0.387
2025-02-17,2025-02,Meta,26,0.648
2025-02-17,2025-02,Organic,4,0.389
2025-02-17,2025-02,Email,4,0.5
2025-02-17,2025-02,Email,3,0.398
2025-02-17,2025-02,Google Ads,38,0.44
2025-02-17,2025-02,Affiliate,14,0.552
2025-02-17,2025-02,Meta,38,0.544
2025-02-17,2025-02,Organic,7,0.446
2025-02-17,2025-02,Affiliate,8,0.545
2025-02-17,2025-02,Email,2,0.422
2025-02-17,2025-02,Google Ads,34,0.468
2025-02-18,2025-02,Email,2,0.459
2025-02-18,2025-02,Google Ads,62,0.425
2025-02-18,2025-02,Organic,7,0.369
2025-02-18,2025-02,Meta,16,0.59
2025-02-18,2025-02,Meta,14,0.573
2025-02-18,2025-02,Meta,9,0.532
2025-02-18,2025-02,Email,2,0.493
2025-02-18,2025-02,Email,4,0.365
2025-02-18,2025-02,Affiliate,30,0.626
2025-02-18,2025-02,Organic,4,0.311
2025-02-19,2025-02,Google Ads,38,0.501
2025-02-19,2025-02,Email,6,0.449
2025-02-19,2025-02,Meta,31,0.521
2025-02-19,2025-02,Meta,22,0.66
2025-02-19,2025-02,Email,3,0.439
2025-02-19,2025-02,Organic,17,0.468
2025-02-19,2025-02,Affiliate,7,0.584
2025-02-19,2025-02,Meta,27,0.522
2025-02-19,2025-02,Google Ads,40,0.409
2025-02-19,2025-02,Affiliate,12,0.596
2025-02-20,2025-02,Organic,6,0.383
2025-02-20,2025-02,Meta,23,0.603
2025-02-20,2025-02,Organic,4,0.369
2025-02-20,2025-02,Affiliate,8,0.573
2025-02-20,2025-02,Email,7,0.431
2025-02-20,2025-02,Affiliate,9,0.64
2025-02-20,2025-02,Affiliate,10,0.685
2025-02-20,2025-02,Google Ads,54,0.434
2025-02-20,2025-02,Meta,22,0.619
2025-02-21,2025-02,Google Ads,35,0.485
2025-02-21,2025-02,Organic,4,0.338
2025-02-21,2025-02,Organic,3,0.362
2025-02-21,2025-02,Google Ads,38,0.534
2025-02-21,2025-02,Affiliate,16,0.626
2025-02-21,2025-02,Meta,24,0.57
2025-02-21,2025-02,Meta,30,0.568
2025-02-21,2025-02,Email,10,0.363
2025-02-22,2025-02,Google Ads,87,0.526
2025-02-22,2025-02,Affiliate,3,0.591
2025-02-22,2025-02,Email,3,0.492
2025-02-22,2025-02,Meta,17,0.675
2025-02-22,2025-02,Affiliate,4,0.533
2025-02-22,2025-02,Affiliate,6,0.579
2025-02-22,2025-02,Email,3,0.348
2025-02-22,2025-02,Organic,5,0.314
2025-02-22,2025-02,Organic,8,0.443
2025-02-22,2025-02,Email,2,0.454
2025-02-22,2025-02,Meta,26,0.584
2025-02-23,2025-02,Affiliate,17,0.573
2025-02-23,2025-02,Meta,18,0.627
2025-02-23,2025-02,Google Ads,29,0.465
2025-02-23,2025-02,Meta,18,0.647
2025-02-23,2025-02,Organic,10,0.309
2025-02-23,2025-02,Meta,21,0.553
2025-02-23,2025-02,Email,7,0.381
2025-02-23,2025-02,Google Ads,23,0.523
2025-02-24,2025-02,Meta,35,0.629
2025-02-24,2025-02,Google Ads,29,0.491
2025-02-24,2025-02,Meta,34,0.53
2025-02-24,2025-02,Email,1,0.377
2025-02-24,2025-02,Google Ads,26,0.385
2025-02-24,2025-02,Organic,9,0.42
2025-02-24,2025-02,Affiliate,14,0.606
2025-02-24,2025-02,Email,6,0.441
2025-02-24,2025-02,Google Ads,32,0.56
2025-02-24,2025-02,Email,3,0.484
2025-02-25,2025-02,Google Ads,45,0.432
2025-02-25,2025-02,Organic,14,0.413
2025-02-25,2025-02,Email,5,0.384
2025-02-25,2025-02,Meta,61,0.541
2025-02-25,2025-02,Affiliate,31,0.58
2025-02-25,2025-02,Email,3,0.491
2025-02-25,2025-02,Google Ads,23,0.379
2025-02-26,2025-02,Email,3,0.472
2025-02-26,2025-02,Meta,21,0.583
2025-02-26,2025-02,Affiliate,22,0.58
2025-02-26,2025-02,Organic,1,0.516
2025-02-26,2025-02,Google Ads,37,0.467
2025-02-26,2025-02,Google Ads,39,0.336
2025-02-26,2025-02,Email,5,0.5
2025-02-26,2025-02,Meta,16,0.681
2025-02-26,2025-02,Meta,20,0.581
2025-02-26,2025-02,Organic,6,0.437
2025-02-27,2025-02,Google Ads,27,0.449
2025-02-27,2025-02,Affiliate,5,0.612
2025-02-27,2025-02,Meta,16,0.611
2025-02-27,2025-02,Email,3,0.427
2025-02-27,2025-02,Email,3,0.458
2025-02-27,2025-02,Affiliate,7,0.612
2025-02-27,2025-02,Google Ads,23,0.417
2025-02-27,2025-02,Meta,15,0.479
2025-02-27,2025-02,Meta,14,0.531
2025-02-27,2025-02,Organic,9,0.425
2025-02-28,2025-02,Google Ads,12,0.469
2025-02-28,2025-02,Affiliate,10,0.672
2025-02-28,2025-02,Google Ads,24,0.526
2025-02-28,2025-02,Affiliate,6,0.764
2025-02-28,2025-02,Email,5,0.403
2025-02-28,2025-02,Organic,5,0.4
2025-02-28,2025-02,Meta,46,0.627
2025-02-28,2025-02,Email,1,0.388
2025-02-28,2025-02,Google Ads,17,0.569
2025-02-28,2025-02,Organic,6,0.501
2025-02-28,2025-02,Organic,5,0.398
2025-03-01,2025-03,Meta,59,0.581
2025-03-01,2025-03,Organic,2,0.41
2025-03-01,2025-03,Affiliate,10,0.601
2025-03-01,2025-03,Email,10,0.429
2025-03-01,2025-03,Affiliate,6,0.584
2025-03-01,2025-03,Organic,5,0.389
2025-03-01,2025-03,Google Ads,18,0.474
2025-03-01,2025-03,Google Ads,22,0.347
2025-03-01,2025-03,Email,5,0.442
2025-03-01,2025-03,Affiliate,3,0.679
2025-03-01,2025-03,Google Ads,17,0.478
2025-03-02,2025-03,Affiliate,6,0.577
2025-03-02,2025-03,Organic,3,0.31
2025-03-02,2025-03,Affiliate,6,0.703
2025-03-02,2025-03,Google Ads,62,0.418
2025-03-02,2025-03,Meta,59,0.625
2025-03-02,2025-03,Organic,3,0.364
2025-03-03,2025-03,Meta,28,0.738
2025-03-03,2025-03,Affiliate,5,0.726
2025-03-03,2025-03,Email,15,0.481
2025-03-03,2025-03,Meta,29,0.561
2025-03-03,2025-03,Google Ads,25,0.445
2025-03-03,2025-03,Google Ads,38,0.541
2025-03-03,2025-03,Affiliate,6,0.538
2025-03-03,2025-03,Affiliate,10,0.657
2025-03-03,2025-03,Organic,6,0.4
2025-03-04,2025-03,Email,7,0.452
2025-03-04,2025-03,Google Ads,13,0.435
2025-03-04,2025-03,Organic,5,0.498
2025-03-04,2025-03,Email,3,0.411
2025-03-04,2025-03,Meta,70,0.558
2025-03-04,2025-03,Google Ads,28,0.45
2025-03-04,2025-03,Google Ads,22,0.43
2025-03-04,2025-03,Affiliate,13,0.54
2025-03-04,2025-03,Organic,6,0.433
2025-03-04,2025-03,Affiliate,14,0.62
2025-03-04,2025-03,Email,4,0.445
2025-03-05,2025-03,Affiliate,5,0.694
2025-03-05,2025-03,Google Ads,33,0.413
2025-03-05,2025-03,Affiliate,11,0.613
2025-03-05,2025-03,Email,3,0.504
2025-03-05,2025-03,Email,8,0.524
2025-03-05,2025-03,Google Ads,43,0.489
2025-03-05,2025-03,Meta,21,0.604
2025-03-05,2025-03,Organic,8,0.288
2025-03-05,2025-03,Meta,18,0.45
2025-03-05,2025-03,Email,2,0.37
2025-03-06,2025-03,Email,5,0.435
2025-03-06,2025-03,Google Ads,68,0.523
2025-03-06,2025-03,Meta,15,0.528
2025-03-06,2025-03,Organic,7,0.373
2025-03-06,2025-03,Affiliate,3,0.675
2025-03-06,2025-03,Meta,24,0.608
2025-03-06,2025-03,Affiliate,9,0.595
2025-03-06,2025-03,Meta,19,0.58
2025-03-06,2025-03,Email,5,0.458
2025-03-07,2025-03,Email,9,0.476
2025-03-07,2025-03,Meta,17,0.552
2025-03-07,2025-03,Email,7,0.434
2025-03-07,2025-03,Google Ads,36,0.555
2025-03-07,2025-03,Organic,7,0.473
2025-03-07,2025-03,Meta,24,0.464
2025-03-07,2025-03,Affiliate,7,0.581
2025-03-07,2025-03,Meta,17,0.62
2025-03-07,2025-03,Affiliate,7,0.655
2025-03-07,2025-03,Google Ads,41,0.47
2025-03-08,2025-03,Affiliate,6,0.51
2025-03-08,2025-03,Email,11,0.415
2025-03-08,2025-03,Google Ads,52,0.515
2025-03-08,2025-03,Meta,48,0.661
2025-03-08,2025-03,Organic,2,0.369
2025-03-08,2025-03,Affiliate,9,0.577
2025-03-08,2025-03,Organic,4,0.35
2025-03-09,2025-03,Organic,10,0.488
2025-03-09,2025-03,Meta,17,0.603
2025-03-09,2025-03,Affiliate,6,0.653
2025-03-09,2025-03,Google Ads,87,0.503
2025-03-09,2025-03,Meta,16,0.539
2025-03-09,2025-03,Affiliate,4,0.713
2025-03-09,2025-03,Email,15,0.479
2025-03-09,2025-03,Meta,18,0.61
2025-03-09,2025-03,Affiliate,4,0.514
2025-03-10,2025-03,Email,10,0.425
2025-03-10,2025-03,Organic,6,0.316
2025-03-10,2025-03,Email,8,0.456
2025-03-10,2025-03,Organic,6,0.471
2025-03-10,2025-03,Meta,58,0.67
2025-03-10,2025-03,Google Ads,56,0.46
2025-03-10,2025-03,Affiliate,16,0.611
2025-03-11,2025-03,Email,3,0.481
2025-03-11,2025-03,Organic,7,0.418
2025-03-11,2025-03,Google Ads,25,0.457
2025-03-11,2025-03,Organic,12,0.272
2025-03-11,2025-03,Email,7,0.41
2025-03-11,2025-03,Meta,97,0.616
2025-03-11,2025-03,Google Ads,26,0.454
2025-03-11,2025-03,Affiliate,20,0.602
2025-03-11,2025-03,Google Ads,23,0.463
2025-03-12,2025-03,Affiliate,6,0.628
2025-03-12,2025-03,Email,10,0.479
2025-03-12,2025-03,Meta,76,0.527
2025-03-12,2025-03,Organic,5,0.382
2025-03-12,2025-03,Email,7,0.483
2025-03-12,2025-03,Affiliate,4,0.572
2025-03-12,2025-03,Organic,2,0.434
2025-03-12,2025-03,Organic,3,0.429
2025-03-12,2025-03,Google Ads,42,0.458
2025-03-13,2025-03,Affiliate,2,0.604
2025-03-13,2025-03,Email,6,0.503
2025-03-13,2025-03,Meta,79,0.523
2025-03-13,2025-03,Organic,5,0.378
2025-03-13,2025-03,Email,7,0.36
2025-03-13,2025-03,Google Ads,79,0.494
2025-03-13,2025-03,Affiliate,6,0.744
2025-03-13,2025-03,Organic,3,0.389
2025-03-13,2025-03,Affiliate,10,0.636
2025-03-14,2025-03,Organic,7,0.406
2025-03-14,2025-03,Email,3,0.368
2025-03-14,2025-03,Affiliate,5,0.632
2025-03-14,2025-03,Affiliate,8,0.631
2025-03-14,2025-03,Google Ads,72,0.395
2025-03-14,2025-03,Meta,18,0.512
2025-03-14,2025-03,Email,3,0.348
2025-03-14,2025-03,Meta,29,0.527
2025-03-15,2025-03,Meta,29,0.6
2025-03-15,2025-03,Organic,3,0.47
2025-03-15,2025-03,Organic,3,0.406
2025-03-15,2025-03,Affiliate,7,0.718
2025-03-15,2025-03,Google Ads,30,0.414
2025-03-15,2025-03,Email,4,0.428
2025-03-15,2025-03,Google Ads,32,0.444
2025-03-15,2025-03,Meta,20,0.437
2025-03-15,2025-03,Email,8,0.452
2025-03-16,2025-03,Google Ads,19,0.462
2025-03-16,2025-03,Organic,10,0.414
2025-03-16,2025-03,Meta,23,0.635
2025-03-16,2025-03,Affiliate,10,0.506
2025-03-16,2025-03,Google Ads,20,0.534
2025-03-16,2025-03,Affiliate,5,0.68
2025-03-16,2025-03,Email,5,0.451
2025-03-16,2025-03,Google Ads,16,0.485
2025-03-16,2025-03,Meta,32,0.478
2025-03-16,2025-03,Email,6,0.456
2025-03-17,2025-03,Email,4,0.437
2025-03-17,2025-03,Google Ads,16,0.483
2025-03-17,2025-03,Meta,45,0.682
2025-03-17,2025-03,Affiliate,10,0.628
2025-03-17,2025-03,Google Ads,19,0.403
2025-03-17,2025-03,Google Ads,24,0.367
2025-03-17,2025-03,Organic,12,0.421
2025-03-17,2025-03,Organic,5,0.419
2025-03-17,2025-03,Affiliate,7,0.655
2025-03-17,2025-03,Meta,36,0.576
2025-03-17,2025-03,Email,9,0.451
2025-03-18,2025-03,Google Ads,44,0.42
2025-03-18,2025-03,Email,10,0.45
2025-03-18,2025-03,Meta,45,0.563
2025-03-18,2025-03,Affiliate,7,0.707
2025-03-18,2025-03,Affiliate,5,0.629
2025-03-18,2025-03,Email,10,0.536
2025-03-18,2025-03,Organic,10,0.444
2025-03-18,2025-03,Google Ads,52,0.559
2025-03-18,2025-03,Meta,41,0.411
2025-03-18,2025-03,Affiliate,10,0.702
2025-03-19,2025-03,Affiliate,9,0.572
2025-03-19,2025-03,Google Ads,37,0.46
2025-03-19,2025-03,Email,6,0.496
2025-03-19,2025-03,Email,1,0.501
2025-03-19,2025-03,Affiliate,6,0.703
2025-03-19,2025-03,Meta,37,0.668
2025-03-19,2025-03,Google Ads,25,0.368
2025-03-19,2025-03,Meta,27,0.633
2025-03-19,2025-03,Organic,8,0.419
2025-03-19,2025-03,Affiliate,5,0.723
2025-03-20,2025-03,Meta,45,0.578
2025-03-20,2025-03,Affiliate,13,0.538
2025-03-20,2025-03,Organic,9,0.454
2025-03-20,2025-03,Affiliate,8,0.664
2025-03-20,2025-03,Meta,34,0.504
2025-03-20,2025-03,Organic,4,0.36
2025-03-20,2025-03,Google Ads,24,0.554
2025-03-20,2025-03,Email,11,0.338
2025-03-20,2025-03,Google Ads,24,0.461
2025-03-21,2025-03,Organic,12,0.337
2025-03-21,2025-03,Email,15,0.522
2025-03-21,2025-03,Google Ads,36,0.451
2025-03-21,2025-03,Meta,74,0.611
2025-03-21,2025-03,Affiliate,15,0.561
2025-03-21,2025-03,Google Ads,25,0.513
2025-03-22,2025-03,Organic,9,0.434
2025-03-22,2025-03,Email,8,0.425
2025-03-22,2025-03,Google Ads,28,0.539
2025-03-22,2025-03,Meta,42,0.565
2025-03-22,2025-03,Affiliate,8,0.546
2025-03-22,2025-03,Meta,41,0.629
2025-03-22,2025-03,Email,5,0.381
2025-03-22,2025-03,Affiliate,6,0.651
2025-03-22,2025-03,Google Ads,32,0.436
2025-03-23,2025-03,Meta,23,0.649
2025-03-23,2025-03,Organic,3,0.401
2025-03-23,2025-03,Google Ads,38,0.462
2025-03-23,2025-03,Meta,30,0.527
2025-03-23,2025-03,Organic,4,0.455
2025-03-23,2025-03,Email,8,0.443
2025-03-23,2025-03,Affiliate,7,0.64
2025-03-23,2025-03,Affiliate,5,0.68
2025-03-23,2025-03,Affiliate,4,0.575
2025-03-23,2025-03,Google Ads,35,0.527
2025-03-23,2025-03,Email,9,0.484
2025-03-24,2025-03,Email,7,0.374
2025-03-24,2025-03,Google Ads,31,0.468
2025-03-24,2025-03,Organic,3,0.419
2025-03-24,2025-03,Organic,3,0.377
2025-03-24,2025-03,Affiliate,4,0.551
2025-03-24,2025-03,Meta,16,0.501
2025-03-24,2025-03,Google Ads,45,0.501
2025-03-24,2025-03,Meta,19,0.549
2025-03-24,2025-03,Email,7,0.311
2025-03-24,2025-03,Affiliate,6,0.65
2025-03-24,2025-03,Meta,13,0.58
2025-03-24,2025-03,Organic,3,0.378
2025-03-25,2025-03,Meta,80,0.664
2025-03-25,2025-03,Affiliate,5,0.531
2025-03-25,2025-03,Google Ads,26,0.447
2025-03-25,2025-03,Email,7,0.559
2025-03-25,2025-03,Email,4,0.368
2025-03-25,2025-03,Organic,11,0.373
2025-03-25,2025-03,Google Ads,25,0.471
2025-03-25,2025-03,Affiliate,5,0.691
2025-03-26,2025-03,Google Ads,23,0.425
2025-03-26,2025-03,Meta,51,0.503
2025-03-26,2025-03,Organic,6,0.347
2025-03-26,2025-03,Google Ads,25,0.428
2025-03-26,2025-03,Meta,43,0.544
2025-03-26,2025-03,Affiliate,15,0.657
2025-03-26,2025-03,Google Ads,37,0.481
2025-03-26,2025-03,Organic,6,0.329
2025-03-26,2025-03,Email,10,0.475
2025-03-27,2025-03,Organic,7,0.481
2025-03-27,2025-03,Affiliate,14,0.724
2025-03-27,2025-03,Affiliate,7,0.683
2025-03-27,2025-03,Meta,29,0.494
2025-03-27,2025-03,Google Ads,59,0.63
2025-03-27,2025-03,Email,8,0.429
2025-03-27,2025-03,Email,11,0.449
2025-03-27,2025-03,Meta,22,0.515
2025-03-28,2025-03,Google Ads,32,0.411
2025-03-28,2025-03,Meta,67,0.567
2025-03-28,2025-03,Affiliate,10,0.605
2025-03-28,2025-03,Organic,4,0.423
2025-03-28,2025-03,Email,5,0.448
2025-03-28,2025-03,Affiliate,8,0.577
2025-03-28,2025-03,Email,8,0.344
2025-03-28,2025-03,Google Ads,32,0.542
2025-03-28,2025-03,Organic,3,0.333
2025-03-28,2025-03,Organic,1,0.337
2025-03-29,2025-03,Organic,5,0.444
2025-03-29,2025-03,Affiliate,3,0.612
2025-03-29,2025-03,Meta,26,0.609
2025-03-29,2025-03,Affiliate,5,0.666
2025-03-29,2025-03,Google Ads,13,0.395
2025-03-29,2025-03,Email,4,0.437
2025-03-29,2025-03,Organic,3,0.43
2025-03-29,2025-03,Email,15,0.427
2025-03-29,2025-03,Meta,19,0.613
2025-03-29,2025-03,Affiliate,8,0.565
2025-03-29,2025-03,Google Ads,23,0.438
2025-03-30,2025-03,Email,9,0.45
2025-03-30,2025-03,Google Ads,45,0.507
2025-03-30,2025-03,Google Ads,29,0.523
2025-03-30,2025-03,Meta,27,0.554
2025-03-30,2025-03,Organic,1,0.434
2025-03-30,2025-03,Meta,30,0.593
2025-03-30,2025-03,Organic,4,0.387
2025-03-30,2025-03,Affiliate,8,0.679
2025-03-30,2025-03,Organic,3,0.424
2025-03-30,2025-03,Affiliate,9,0.675
2025-03-31,2025-03,Meta,36,0.617
2025-03-31,2025-03,Organic,4,0.39
2025-03-31,2025-03,Meta,42,0.709
2025-03-31,2025-03,Affiliate,19,0.596
2025-03-31,2025-03,Google Ads,51,0.437
2025-03-31,2025-03,Email,5,0.402
2025-03-31,2025-03,Email,8,0.445
2025-03-31,2025-03,Organic,3,0.429
2025-04-01,2025-04,Affiliate,5,0.571
2025-04-01,2025-04,Email,7,0.493
2025-04-01,2025-04,Organic,6,0.46
2025-04-01,2025-04,Organic,8,0.414
2025-04-01,2025-04,Meta,31,0.67
2025-04-01,2025-04,Google Ads,43,0.518
2025-04-01,2025-04,Affiliate,10,0.58
2025-04-01,2025-04,Email,9,0.498
2025-04-01,2025-04,Google Ads,49,0.512
2025-04-01,2025-04,Meta,24,0.635
2025-04-02,2025-04,Organic,4,0.438
2025-04-02,2025-04,Organic,6,0.41
2025-04-02,2025-04,Email,11,0.298
2025-04-02,2025-04,Google Ads,86,0.486
2025-04-02,2025-04,Meta,32,0.537
2025-04-02,2025-04,Affiliate,4,0.588
2025-04-02,2025-04,Affiliate,5,0.615
2025-04-02,2025-04,Affiliate,9,0.523
2025-04-02,2025-04,Meta,22,0.593
2025-04-03,2025-04,Affiliate,7,0.649
2025-04-03,2025-04,Google Ads,54,0.461
2025-04-03,2025-04,Organic,4,0.361
2025-04-03,2025-04,Organic,5,0.407
2025-04-03,2025-04,Affiliate,9,0.583
2025-04-03,2025-04,Meta,21,0.521
2025-04-03,2025-04,Email,9,0.453
2025-04-03,2025-04,Meta,33,0.518
2025-04-04,2025-04,Meta,52,0.542
2025-04-04,2025-04,Affiliate,9,0.627
2025-04-04,2025-04,Email,5,0.337
2025-04-04,2025-04,Google Ads,23,0.428
2025-04-04,2025-04,Google Ads,28,0.342
2025-04-04,2025-04,Organic,12,0.406
2025-04-04,2025-04,Email,2,0.406
2025-04-04,2025-04,Affiliate,7,0.604
2025-04-05,2025-04,Email,6,0.347
2025-04-05,2025-04,Organic,2,0.398
2025-04-05,2025-04,Google Ads,30,0.367
2025-04-05,2025-04,Meta,42,0.502
2025-04-05,2025-04,Organic,1,0.485
2025-04-05,2025-04,Affiliate,4,0.678
2025-04-05,2025-04,Affiliate,6,0.589
2025-04-05,2025-04,Organic,4,0.405
2025-04-05,2025-04,Affiliate,7,0.624
2025-04-05,2025-04,Google Ads,29,0.566
2025-04-05,2025-04,Email,5,0.48
2025-04-06,2025-04,Email,5,0.497
2025-04-06,2025-04,Meta,17,0.66
2025-04-06,2025-04,Google Ads,70,0.567
2025-04-06,2025-04,Email,4,0.431
2025-04-06,2025-04,Meta,19,0.539
2025-04-06,2025-04,Affiliate,12,0.682
2025-04-06,2025-04,Email,2,0.426
2025-04-06,2025-04,Organic,12,0.412
2025-04-06,2025-04,Affiliate,10,0.593
2025-04-07,2025-04,Email,5,0.472
2025-04-07,2025-04,Organic,6,0.47
2025-04-07,2025-04,Email,9,0.447
2025-04-07,2025-04,Meta,43,0.581
2025-04-07,2025-04,Email,7,0.413
2025-04-07,2025-04,Organic,5,0.295
2025-04-07,2025-04,Google Ads,48,0.546
2025-04-07,2025-04,Affiliate,18,0.656
2025-04-07,2025-04,Google Ads,46,0.562
2025-04-08,2025-04,Email,3,0.456
2025-04-08,2025-04,Organic,1,0.431
2025-04-08,2025-04,Meta,38,0.592
2025-04-08,2025-04,Organic,1,0.373
2025-04-08,2025-04,Google Ads,33,0.483
2025-04-08,2025-04,Email,4,0.379
2025-04-08,2025-04,Google Ads,53,0.51
2025-04-08,2025-04,Organic,1,0.442
2025-04-08,2025-04,Affiliate,12,0.675
2025-04-08,2025-04,Affiliate,5,0.739
2025-04-08,2025-04,Email,6,0.446
2025-04-09,2025-04,Affiliate,11,0.712
2025-04-09,2025-04,Google Ads,95,0.519
2025-04-09,2025-04,Meta,25,0.59
2025-04-09,2025-04,Organic,5,0.411
2025-04-09,2025-04,Meta,29,0.498
2025-04-09,2025-04,Affiliate,8,0.59
2025-04-09,2025-04,Organic,3,0.376
2025-04-09,2025-04,Email,15,0.51
2025-04-10,2025-04,Google Ads,36,0.553
2025-04-10,2025-04,Google Ads,20,0.55
2025-04-10,2025-04,Affiliate,16,0.69
2025-04-10,2025-04,Organic,12,0.386
2025-04-10,2025-04,Meta,45,0.577
2025-04-10,2025-04,Email,20,0.433
2025-04-11,2025-04,Meta,50,0.591
2025-04-11,2025-04,Affiliate,18,0.527
2025-04-11,2025-04,Google Ads,35,0.468
2025-04-11,2025-04,Organic,4,0.495
2025-04-11,2025-04,Organic,5,0.424
2025-04-11,2025-04,Affiliate,12,0.668
2025-04-11,2025-04,Email,11,0.508
2025-04-11,2025-04,Google Ads,28,0.465
2025-04-11,2025-04,Organic,3,0.432
2025-04-12,2025-04,Email,7,0.411
2025-04-12,2025-04,Meta,34,0.707
2025-04-12,2025-04,Email,4,0.449
2025-04-12,2025-04,Organic,3,0.398
2025-04-12,2025-04,Organic,4,0.446
2025-04-12,2025-04,Google Ads,23,0.462
2025-04-12,2025-04,Affiliate,10,0.66
2025-04-12,2025-04,Organic,1,0.51
2025-04-12,2025-04,Google Ads,31,0.486
2025-04-13,2025-04,Organic,13,0.389
2025-04-13,2025-04,Email,11,0.449
2025-04-13,2025-04,Affiliate,16,0.664
2025-04-13,2025-04,Meta,18,0.619
2025-04-13,2025-04,Meta,13,0.519
2025-04-13,2025-04,Google Ads,97,0.492
2025-04-14,2025-04,Affiliate,11,0.582
2025-04-14,2025-04,Email,10,0.428
2025-04-14,2025-04,Email,5,0.441
2025-04-14,2025-04,Meta,38,0.55
2025-04-14,2025-04,Organic,6,0.416
2025-04-14,2025-04,Google Ads,55,0.44
2025-04-14,2025-04,Organic,9,0.42
2025-04-15,2025-04,Meta,70,0.781
2025-04-15,2025-04,Google Ads,78,0.464
2025-04-15,2025-04,Organic,9,0.435
2025-04-15,2025-04,Email,9,0.421
2025-04-15,2025-04,Email,9,0.444
2025-04-15,2025-04,Affiliate,6,0.733
2025-04-15,2025-04,Affiliate,11,0.579
2025-04-15,2025-04,Organic,5,0.325
2025-04-16,2025-04,Email,2,0.416
2025-04-16,2025-04,Organic,13,0.501
2025-04-16,2025-04,Affiliate,15,0.512
2025-04-16,2025-04,Meta,22,0.617
2025-04-16,2025-04,Email,7,0.488
2025-04-16,2025-04,Google Ads,37,0.45
2025-04-16,2025-04,Google Ads,52,0.47
2025-04-16,2025-04,Meta,15,0.624
2025-04-16,2025-04,Meta,14,0.591
2025-04-17,2025-04,Google Ads,26,0.524
2025-04-17,2025-04,Google Ads,17,0.406
2025-04-17,2025-04,Google Ads,21,0.479
2025-04-17,2025-04,Affiliate,9,0.621
2025-04-17,2025-04,Meta,20,0.645
2025-04-17,2025-04,Meta,39,0.685
2025-04-17,2025-04,Affiliate,13,0.532
2025-04-17,2025-04,Email,5,0.553
2025-04-17,2025-04,Organic,4,0.442
2025-04-17,2025-04,Organic,4,0.42
2025-04-17,2025-04,Meta,22,0.603
2025-04-17,2025-04,Email,5,0.442
2025-04-18,2025-04,Google Ads,22,0.475
2025-04-18,2025-04,Organic,1,0.369
2025-04-18,2025-04,Meta,36,0.642
2025-04-18,2025-04,Google Ads,21,0.424
2025-04-18,2025-04,Meta,27,0.581
2025-04-18,2025-04,Organic,3,0.421
2025-04-18,2025-04,Affiliate,20,0.688
2025-04-18,2025-04,Google Ads,15,0.571
2025-04-18,2025-04,Email,5,0.403
2025-04-18,2025-04,Email,9,0.411
2025-04-19,2025-04,Email,1,0.396
2025-04-19,2025-04,Organic,7,0.328
2025-04-19,2025-04,Affiliate,3,0.79
2025-04-19,2025-04,Email,8,0.502
2025-04-19,2025-04,Affiliate,5,0.685
2025-04-19,2025-04,Meta,15,0.563
2025-04-19,2025-04,Organic,5,0.471
2025-04-19,2025-04,Affiliate,5,0.671
2025-04-19,2025-04,Google Ads,72,0.494
2025-04-19,2025-04,Organic,8,0.384
2025-04-19,2025-04,Meta,15,0.512
2025-04-20,2025-04,Meta,49,0.466
2025-04-20,2025-04,Google Ads,39,0.431
2025-04-20,2025-04,Organic,5,0.373
2025-04-20,2025-04,Google Ads,48,0.599
2025-04-20,2025-04,Affiliate,8,0.575
2025-04-20,2025-04,Email,4,0.412
2025-04-20,2025-04,Email,7,0.361
2025-04-20,2025-04,Organic,4,0.325
2025-04-20,2025-04,Affiliate,8,0.691
2025-04-20,2025-04,Affiliate,6,0.582
2025-04-21,2025-04,Google Ads,33,0.513
2025-04-21,2025-04,Meta,50,0.522
2025-04-21,2025-04,Affiliate,5,0.66
2025-04-21,2025-04,Google Ads,27,0.495
2025-04-21,2025-04,Email,11,0.436
2025-04-21,2025-04,Google Ads,22,0.471
2025-04-21,2025-04,Organic,2,0.394
2025-04-21,2025-04,Affiliate,14,0.651
2025-04-21,2025-04,Organic,1,0.432
2025-04-21,2025-04,Organic,2,0.402
2025-04-22,2025-04,Email,3,0.519
2025-04-22,2025-04,Meta,16,0.666
2025-04-22,2025-04,Meta,29,0.527
2025-04-22,2025-04,Organic,8,0.45
2025-04-22,2025-04,Google Ads,24,0.524
2025-04-22,2025-04,Affiliate,20,0.626
2025-04-22,2025-04,Google Ads,25,0.426
2025-04-22,2025-04,Google Ads,29,0.369
2025-04-22,2025-04,Organic,10,0.38
2025-04-22,2025-04,Email,5,0.369
2025-04-23,2025-04,Google Ads,43,0.544
2025-04-23,2025-04,Affiliate,21,0.644
2025-04-23,2025-04,Google Ads,46,0.407
2025-04-23,2025-04,Organic,4,0.473
2025-04-23,2025-04,Meta,61,0.527
2025-04-23,2025-04,Organic,6,0.391
2025-04-23,2025-04,Affiliate,7,0.584
2025-04-23,2025-04,Email,10,0.456
2025-04-24,2025-04,Organic,7,0.473
2025-04-24,2025-04,Affiliate,13,0.535
2025-04-24,2025-04,Google Ads,14,0.402
2025-04-24,2025-04,Email,7,0.412
2025-04-24,2025-04,Affiliate,11,0.619
2025-04-24,2025-04,Google Ads,16,0.439
2025-04-24,2025-04,Meta,29,0.6
2025-04-24,2025-04,Email,12,0.399
2025-04-24,2025-04,Meta,33,0.577
2025-04-25,2025-04,Email,4,0.288
2025-04-25,2025-04,Email,6,0.518
2025-04-25,2025-04,Email,3,0.416
2025-04-25,2025-04,Organic,7,0.404
2025-04-25,2025-04,Affiliate,5,0.671
2025-04-25,2025-04,Meta,30,0.635
2025-04-25,2025-04,Google Ads,31,0.425
2025-04-25,2025-04,Affiliate,7,0.638
2025-04-25,2025-04,Google Ads,33,0.563
2025-04-25,2025-04,Meta,26,0.52
2025-04-26,2025-04,Affiliate,13,0.647
2025-04-26,2025-04,Meta,21,0.599
2025-04-26,2025-04,Organic,7,0.458
2025-04-26,2025-04,Email,9,0.44
2025-04-26,2025-04,Google Ads,42,0.543
2025-04-26,2025-04,Google Ads,18,0.429
2025-04-26,2025-04,Organic,4,0.375
2025-04-26,2025-04,Affiliate,9,0.539
2025-04-26,2025-04,Meta,12,0.57
2025-04-26,2025-04,Meta,11,0.504
2025-04-27,2025-04,Organic,13,0.458
2025-04-27,2025-04,Google Ads,19,0.407
2025-04-27,2025-04,Meta,28,0.638
2025-04-27,2025-04,Email,13,0.419
2025-04-27,2025-04,Google Ads,20,0.5
2025-04-27,2025-04,Affiliate,22,0.757
2025-04-27,2025-04,Meta,30,0.627
2025-04-27,2025-04,Google Ads,15,0.423
2025-04-28,2025-04,Organic,6,0.442
2025-04-28,2025-04,Email,3,0.457
2025-04-28,2025-04,Google Ads,14,0.526
2025-04-28,2025-04,Organic,3,0.512
2025-04-28,2025-04,Affiliate,5,0.578
2025-04-28,2025-04,Email,8,0.516
2025-04-28,2025-04,Google Ads,27,0.402
2025-04-28,2025-04,Google Ads,20,0.476
2025-04-28,2025-04,Affiliate,13,0.695
2025-04-28,2025-04,Meta,46,0.587
2025-04-29,2025-04,Affiliate,8,0.698
2025-04-29,2025-04,Google Ads,23,0.447
2025-04-29,2025-04,Google Ads,22,0.531
2025-04-29,2025-04,Email,4,0.406
2025-04-29,2025-04,Organic,18,0.456
2025-04-29,2025-04,Meta,18,0.558
2025-04-29,2025-04,Meta,18,0.631
2025-04-29,2025-04,Affiliate,10,0.705
2025-04-29,2025-04,Meta,24,0.565
2025-04-29,2025-04,Google Ads,30,0.415
2025-04-29,2025-04,Email,8,0.347
2025-04-30,2025-04,Affiliate,6,0.686
2025-04-30,2025-04,Affiliate,8,0.681
2025-04-30,2025-04,Google Ads,49,0.509
2025-04-30,2025-04,Meta,48,0.591
2025-04-30,2025-04,Affiliate,9,0.742
2025-04-30,2025-04,Organic,9,0.505
2025-04-30,2025-04,Google Ads,41,0.462
2025-04-30,2025-04,Email,12,0.423
2025-05-01,2025-05,Meta,14,0.574
2025-05-01,2025-05,Google Ads,89,0.397
2025-05-01,2025-05,Affiliate,8,0.579
2025-05-01,2025-05,Meta,30,0.685
2025-05-01,2025-05,Email,1,0.416
2025-05-01,2025-05,Organic,8,0.447
2025-05-01,2025-05,Affiliate,4,0.704
2025-05-01,2025-05,Affiliate,4,0.594
2025-05-01,2025-05,Meta,21,0.657
2025-05-01,2025-05,Organic,6,0.42
2025-05-01,2025-05,Email,3,0.41
2025-05-02,2025-05,Organic,4,0.384
2025-05-02,2025-05,Organic,2,0.374
2025-05-02,2025-05,Affiliate,6,0.685
2025-05-02,2025-05,Meta,21,0.605
2025-05-02,2025-05,Google Ads,60,0.485
2025-05-02,2025-05,Email,2,0.407
2025-05-02,2025-05,Meta,23,0.612
2025-05-02,2025-05,Affiliate,7,0.663
2025-05-02,2025-05,Email,6,0.452
2025-05-02,2025-05,Google Ads,50,0.414
2025-05-03,2025-05,Organic,3,0.43
2025-05-03,2025-05,Email,4,0.498
2025-05-03,2025-05,Meta,86,0.573
2025-05-03,2025-05,Google Ads,76,0.501
2025-05-03,2025-05,Affiliate,6,0.643
2025-05-03,2025-05,Affiliate,9,0.675
2025-05-03,2025-05,Organic,3,0.388
2025-05-03,2025-05,Organic,4,0.384
2025-05-04,2025-05,Google Ads,39,0.53
2025-05-04,2025-05,Affiliate,10,0.529
2025-05-04,2025-05,Affiliate,6,0.631
2025-05-04,2025-05,Meta,35,0.606
2025-05-04,2025-05,Email,5,0.432
2025-05-04,2025-05,Google Ads,32,0.493
2025-05-04,2025-05,Email,3,0.345
2025-05-04,2025-05,Organic,6,0.427
2025-05-04,2025-05,Meta,46,0.656
2025-05-04,2025-05,Organic,2,0.359
2025-05-04,2025-05,Organic,4,0.34
2025-05-05,2025-05,Google Ads,109,0.426
2025-05-05,2025-05,Meta,81,0.543
2025-05-05,2025-05,Organic,4,0.476
2025-05-05,2025-05,Organic,2,0.434
2025-05-05,2025-05,Email,7,0.364
2025-05-05,2025-05,Affiliate,31,0.616
2025-05-05,2025-05,Email,6,0.48
2025-05-06,2025-05,Google Ads,59,0.492
2025-05-06,2025-05,Google Ads,50,0.474
2025-05-06,2025-05,Affiliate,19,0.696
2025-05-06,2025-05,Email,4,0.455
2025-05-06,2025-05,Email,9,0.407
2025-05-06,2025-05,Organic,14,0.404
2025-05-06,2025-05,Meta,86,0.513
2025-05-07,2025-05,Organic,3,0.449
2025-05-07,2025-05,Meta,26,0.504
2025-05-07,2025-05,Organic,6,0.328
2025-05-07,2025-05,Google Ads,64,0.562
2025-05-07,2025-05,Meta,37,0.533
2025-05-07,2025-05,Email,26,0.49
2025-05-07,2025-05,Affiliate,6,0.657
2025-05-07,2025-05,Affiliate,6,0.656
2025-05-08,2025-05,Google Ads,71,0.383
2025-05-08,2025-05,Meta,41,0.6
2025-05-08,2025-05,Email,3,0.336
2025-05-08,2025-05,Email,4,0.356
2025-05-08,2025-05,Organic,4,0.422
2025-05-08,2025-05,Organic,4,0.351
2025-05-08,2025-05,Affiliate,14,0.646
2025-05-08,2025-05,Email,6,0.404
2025-05-08,2025-05,Meta,33,0.552
2025-05-09,2025-05,Affiliate,16,0.647
2025-05-09,2025-05,Email,4,0.391
2025-05-09,2025-05,Organic,5,0.426
2025-05-09,2025-05,Meta,62,0.541
2025-05-09,2025-05,Organic,5,0.399
2025-05-09,2025-05,Email,5,0.375
2025-05-09,2025-05,Google Ads,91,0.475
2025-05-10,2025-05,Google Ads,66,0.521
2025-05-10,2025-05,Affiliate,4,0.69
2025-05-10,2025-05,Email,7,0.442
2025-05-10,2025-05,Meta,34,0.606
2025-05-10,2025-05,Email,5,0.465
2025-05-10,2025-05,Affiliate,7,0.691
2025-05-10,2025-05,Meta,24,0.551
2025-05-10,2025-05,Organic,8,0.317
2025-05-10,2025-05,Organic,3,0.444
2025-05-11,2025-05,Meta,83,0.457
2025-05-11,2025-05,Email,3,0.494
2025-05-11,2025-05,Affiliate,12,0.667
2025-05-11,2025-05,Organic,10,0.416
2025-05-11,2025-05,Email,6,0.509
2025-05-11,2025-05,Google Ads,76,0.439
2025-05-11,2025-05,Affiliate,5,0.597
2025-05-11,2025-05,Affiliate,2,0.655
2025-05-11,2025-05,Organic,7,0.391
2025-05-12,2025-05,Google Ads,36,0.505
2025-05-12,2025-05,Affiliate,19,0.626
2025-05-12,2025-05,Google Ads,48,0.487
2025-05-12,2025-05,Meta,86,0.531
2025-05-12,2025-05,Email,4,0.501
2025-05-12,2025-05,Organic,3,0.301
2025-05-12,2025-05,Email,5,0.386
2025-05-12,2025-05,Organic,2,0.345
2025-05-13,2025-05,Email,9,0.514
2025-05-13,2025-05,Google Ads,52,0.424
2025-05-13,2025-05,Affiliate,10,0.679
2025-05-13,2025-05,Meta,56,0.562
2025-05-13,2025-05,Google Ads,51,0.551
2025-05-13,2025-05,Organic,6,0.396
2025-05-14,2025-05,Organic,5,0.446
2025-05-14,2025-05,Email,7,0.543
2025-05-14,2025-05,Google Ads,46,0.511
2025-05-14,2025-05,Email,6,0.512
2025-05-14,2025-05,Organic,7,0.464
2025-05-14,2025-05,Affiliate,6,0.711
2025-05-14,2025-05,Meta,83,0.575
2025-05-14,2025-05,Affiliate,6,0.68
2025-05-14,2025-05,Google Ads,43,0.471
2025-05-15,2025-05,Google Ads,36,0.368
2025-05-15,2025-05,Email,9,0.406
2025-05-15,2025-05,Meta,42,0.586
2025-05-15,2025-05,Meta,38,0.592
2025-05-15,2025-05,Organic,8,0.416
2025-05-15,2025-05,Affiliate,7,0.588
2025-05-15,2025-05,Google Ads,36,0.607
2025-05-15,2025-05,Affiliate,5,0.669
2025-05-15,2025-05,Organic,11,0.351
2025-05-16,2025-05,Email,6,0.406
2025-05-16,2025-05,Organic,13,0.291
2025-05-16,2025-05,Affiliate,21,0.667
2025-05-16,2025-05,Google Ads,32,0.493
2025-05-16,2025-05,Google Ads,36,0.371
2025-05-16,2025-05,Email,5,0.475
2025-05-16,2025-05,Meta,37,0.527
2025-05-16,2025-05,Meta,26,0.532
2025-05-17,2025-05,Google Ads,43,0.407
2025-05-17,2025-05,Organic,4,0.439
2025-05-17,2025-05,Meta,22,0.598
2025-05-17,2025-05,Organic,5,0.402
2025-05-17,2025-05,Email,11,0.496
2025-05-17,2025-05,Organic,6,0.328
2025-05-17,2025-05,Google Ads,43,0.396
2025-05-17,2025-05,Meta,21,0.542
2025-05-17,2025-05,Affiliate,14,0.699
2025-05-18,2025-05,Email,5,0.49
2025-05-18,2025-05,Organic,4,0.383
2025-05-18,2025-05,Meta,19,0.608
2025-05-18,2025-05,Email,3,0.408
2025-05-18,2025-05,Google Ads,20,0.532
2025-05-18,2025-05,Google Ads,28,0.516
2025-05-18,2025-05,Affiliate,17,0.54
2025-05-18,2025-05,Meta,28,0.62
2025-05-18,2025-05,Meta,17,0.586
2025-05-18,2025-05,Organic,2,0.379
2025-05-18,2025-05,Google Ads,24,0.317
2025-05-19,2025-05,Organic,10,0.419
2025-05-19,2025-05,Organic,10,0.412
2025-05-19,2025-05,Google Ads,36,0.367
2025-05-19,2025-05,Google Ads,31,0.486
2025-05-19,2025-05,Email,14,0.383
2025-05-19,2025-05,Affiliate,12,0.649
2025-05-19,2025-05,Meta,80,0.519
2025-05-19,2025-05,Affiliate,15,0.654
2025-05-20,2025-05,Meta,18,0.646
2025-05-20,2025-05,Affiliate,5,0.718
2025-05-20,2025-05,Email,10,0.406
2025-05-20,2025-05,Organic,5,0.454
2025-05-20,2025-05,Google Ads,44,0.407
2025-05-20,2025-05,Meta,26,0.593
2025-05-20,2025-05,Organic,7,0.522
2025-05-20,2025-05,Google Ads,50,0.466
2025-05-20,2025-05,Meta,23,0.628
2025-05-20,2025-05,Affiliate,5,0.597
2025-05-20,2025-05,Affiliate,5,0.627
2025-05-21,2025-05,Meta,77,0.549
2025-05-21,2025-05,Organic,6,0.474
2025-05-21,2025-05,Affiliate,2,0.642
2025-05-21,2025-05,Email,4,0.433
2025-05-21,2025-05,Google Ads,50,0.555
2025-05-21,2025-05,Organic,3,0.279
2025-05-21,2025-05,Organic,5,0.525
2025-05-21,2025-05,Email,7,0.466
2025-05-21,2025-05,Google Ads,49,0.573
2025-05-21,2025-05,Affiliate,10,0.656
2025-05-22,2025-05,Google Ads,32,0.505
2025-05-22,2025-05,Email,12,0.459
2025-05-22,2025-05,Organic,7,0.398
2025-05-22,2025-05,Affiliate,19,0.514
2025-05-22,2025-05,Google Ads,29,0.51
2025-05-22,2025-05,Meta,36,0.546
2025-05-22,2025-05,Google Ads,25,0.478
2025-05-22,2025-05,Meta,29,0.57
2025-05-22,2025-05,Organic,8,0.38
2025-05-23,2025-05,Email,6,0.411
2025-05-23,2025-05,Affiliate,20,0.652
2025-05-23,2025-05,Organic,12,0.42
2025-05-23,2025-05,Google Ads,110,0.443
2025-05-23,2025-05,Meta,69,0.621
2025-05-23,2025-05,Email,5,0.357
2025-05-24,2025-05,Affiliate,25,0.586
2025-05-24,2025-05,Meta,38,0.532
2025-05-24,2025-05,Organic,8,0.471
2025-05-24,2025-05,Meta,45,0.556
2025-05-24,2025-05,Email,4,0.342
2025-05-24,2025-05,Google Ads,49,0.46
2025-05-24,2025-05,Email,4,0.526
2025-05-25,2025-05,Organic,16,0.361
2025-05-25,2025-05,Affiliate,12,0.573
2025-05-25,2025-05,Email,2,0.453
2025-05-25,2025-05,Google Ads,53,0.366
2025-05-25,2025-05,Google Ads,58,0.485
2025-05-25,2025-05,Meta,101,0.565
2025-05-25,2025-05,Email,11,0.364
2025-05-26,2025-05,Affiliate,6,0.696
2025-05-26,2025-05,Email,5,0.51
2025-05-26,2025-05,Organic,7,0.392
2025-05-26,2025-05,Google Ads,45,0.501
2025-05-26,2025-05,Affiliate,10,0.534
2025-05-26,2025-05,Organic,8,0.416
2025-05-26,2025-05,Google Ads,41,0.551
2025-05-26,2025-05,Meta,61,0.581
2025-05-26,2025-05,Email,7,0.411
2025-05-27,2025-05,Meta,83,0.599
2025-05-27,2025-05,Email,1,0.443
2025-05-27,2025-05,Organic,9,0.453
2025-05-27,2025-05,Email,2,0.485
2025-05-27,2025-05,Google Ads,41,0.373
2025-05-27,2025-05,Google Ads,49,0.525
2025-05-27,2025-05,Affiliate,4,0.69
2025-05-27,2025-05,Organic,8,0.457
2025-05-27,2025-05,Affiliate,5,0.637
2025-05-27,2025-05,Email,2,0.424
2025-05-28,2025-05,Meta,30,0.61
2025-05-28,2025-05,Organic,1,0.445
2025-05-28,2025-05,Affiliate,9,0.698
2025-05-28,2025-05,Email,3,0.401
2025-05-28,2025-05,Google Ads,118,0.447
2025-05-28,2025-05,Meta,32,0.563
2025-05-28,2025-05,Affiliate,8,0.536
2025-05-28,2025-05,Organic,6,0.267
2025-05-28,2025-05,Email,3,0.45
2025-05-28,2025-05,Organic,1,0.447
2025-05-28,2025-05,Meta,33,0.698
2025-05-29,2025-05,Meta,27,0.537
2025-05-29,2025-05,Google Ads,57,0.405
2025-05-29,2025-05,Affiliate,10,0.53
2025-05-29,2025-05,Google Ads,43,0.439
2025-05-29,2025-05,Organic,6,0.36
2025-05-29,2025-05,Organic,5,0.531
2025-05-29,2025-05,Email,5,0.428
2025-05-29,2025-05,Affiliate,9,0.639
2025-05-29,2025-05,Meta,23,0.529
2025-05-29,2025-05,Meta,17,0.607
2025-05-29,2025-05,Email,3,0.518
2025-05-30,2025-05,Meta,67,0.605
2025-05-30,2025-05,Affiliate,3,0.638
2025-05-30,2025-05,Email,10,0.44
2025-05-30,2025-05,Affiliate,6,0.617
2025-05-30,2025-05,Affiliate,3,0.716
2025-05-30,2025-05,Google Ads,29,0.444
2025-05-30,2025-05,Google Ads,29,0.471
2025-05-30,2025-05,Organic,5,0.419
2025-05-30,2025-05,Organic,3,0.426
2025-05-31,2025-05,Affiliate,6,0.661
2025-05-31,2025-05,Email,2,0.421
2025-05-31,2025-05,Meta,12,0.542
2025-05-31,2025-05,Meta,13,0.533
2025-05-31,2025-05,Affiliate,4,0.57
2025-05-31,2025-05,Organic,3,0.388
2025-05-31,2025-05,Organic,1,0.366
2025-05-31,2025-05,Organic,4,0.389
2025-05-31,2025-05,Meta,16,0.552
2025-05-31,2025-05,Google Ads,93,0.438
2025-05-31,2025-05,Email,3,0.417
2025-06-01,2025-06,Organic,7,0.457
2025-06-01,2025-06,Google Ads,46,0.486
2025-06-01,2025-06,Meta,20,0.511
2025-06-01,2025-06,Email,5,0.466
2025-06-01,2025-06,Google Ads,30,0.45
2025-06-01,2025-06,Affiliate,7,0.699
2025-06-01,2025-06,Meta,16,0.601
2025-06-01,2025-06,Affiliate,6,0.713
2025-06-01,2025-06,Meta,21,0.624
2025-06-01,2025-06,Organic,2,0.461
2025-06-02,2025-06,Affiliate,7,0.593
2025-06-02,2025-06,Email,4,0.433
2025-06-02,2025-06,Google Ads,23,0.419
2025-06-02,2025-06,Meta,56,0.68
2025-06-02,2025-06,Google Ads,22,0.491
2025-06-02,2025-06,Affiliate,1,0.694
2025-06-02,2025-06,Google Ads,26,0.438
2025-06-02,2025-06,Email,3,0.582
2025-06-02,2025-06,Affiliate,5,0.635
2025-06-02,2025-06,Organic,11,0.391
2025-06-03,2025-06,Google Ads,26,0.484
2025-06-03,2025-06,Meta,93,0.6
2025-06-03,2025-06,Organic,20,0.25
2025-06-03,2025-06,Email,15,0.451
2025-06-03,2025-06,Google Ads,34,0.455
2025-06-03,2025-06,Google Ads,32,0.493
2025-06-03,2025-06,Email,7,0.379
2025-06-03,2025-06,Affiliate,21,0.626
2025-06-04,2025-06,Google Ads,67,0.378
2025-06-04,2025-06,Affiliate,10,0.552
2025-06-04,2025-06,Email,20,0.444
2025-06-04,2025-06,Organic,8,0.321
2025-06-04,2025-06,Organic,4,0.381
2025-06-04,2025-06,Affiliate,9,0.678
2025-06-04,2025-06,Meta,68,0.594
2025-06-05,2025-06,Meta,29,0.504
2025-06-05,2025-06,Email,13,0.454
2025-06-05,2025-06,Meta,34,0.53
2025-06-05,2025-06,Google Ads,39,0.436
2025-06-05,2025-06,Google Ads,30,0.512
2025-06-05,2025-06,Affiliate,21,0.457
2025-06-05,2025-06,Google Ads,29,0.472
2025-06-05,2025-06,Organic,5,0.405
2025-06-05,2025-06,Email,15,0.436
2025-06-05,2025-06,Organic,5,0.399
2025-06-06,2025-06,Affiliate,3,0.568
2025-06-06,2025-06,Meta,20,0.542
2025-06-06,2025-06,Google Ads,62,0.425
2025-06-06,2025-06,Affiliate,5,0.694
2025-06-06,2025-06,Organic,2,0.343
2025-06-06,2025-06,Email,5,0.467
2025-06-06,2025-06,Email,4,0.487
2025-06-06,2025-06,Organic,4,0.38
2025-06-06,2025-06,Meta,21,0.509
2025-06-07,2025-06,Affiliate,9,0.572
2025-06-07,2025-06,Google Ads,22,0.467
2025-06-07,2025-06,Meta,26,0.479
2025-06-07,2025-06,Organic,10,0.461
2025-06-07,2025-06,Google Ads,30,0.472
2025-06-07,2025-06,Organic,5,0.312
2025-06-07,2025-06,Email,5,0.419
2025-06-07,2025-06,Meta,16,0.599
2025-06-07,2025-06,Affiliate,8,0.452
2025-06-07,2025-06,Email,4,0.498
2025-06-07,2025-06,Email,1,0.464
2025-06-08,2025-06,Email,8,0.458
2025-06-08,2025-06,Organic,6,0.467
2025-06-08,2025-06,Organic,6,0.399
2025-06-08,2025-06,Affiliate,7,0.646
2025-06-08,2025-06,Google Ads,24,0.394
2025-06-08,2025-06,Meta,52,0.544
2025-06-08,2025-06,Affiliate,5,0.644
2025-06-08,2025-06,Google Ads,23,0.385
2025-06-09,2025-06,Google Ads,49,0.488
2025-06-09,2025-06,Affiliate,7,0.672
2025-06-09,2025-06,Meta,41,0.516
2025-06-09,2025-06,Affiliate,3,0.685
2025-06-09,2025-06,Organic,3,0.454
2025-06-09,2025-06,Email,17,0.527
2025-06-09,2025-06,Google Ads,44,0.534
2025-06-09,2025-06,Organic,5,0.516
2025-06-09,2025-06,Affiliate,4,0.544
2025-06-10,2025-06,Affiliate,6,0.711
2025-06-10,2025-06,Affiliate,4,0.596
2025-06-10,2025-06,Email,15,0.431
2025-06-10,2025-06,Organic,2,0.447
2025-06-10,2025-06,Meta,31,0.673
2025-06-10,2025-06,Organic,4,0.342
2025-06-10,2025-06,Google Ads,88,0.425
2025-06-10,2025-06,Meta,24,0.65
2025-06-11,2025-06,Email,4,0.424
2025-06-11,2025-06,Organic,4,0.354
2025-06-11,2025-06,Email,5,0.496
2025-06-11,2025-06,Google Ads,30,0.498
2025-06-11,2025-06,Affiliate,21,0.7
2025-06-11,2025-06,Google Ads,23,0.549
2025-06-11,2025-06,Meta,86,0.536
2025-06-11,2025-06,Organic,9,0.405
2025-06-12,2025-06,Organic,2,0.397
2025-06-12,2025-06,Affiliate,7,0.584
2025-06-12,2025-06,Email,8,0.43
2025-06-12,2025-06,Google Ads,37,0.567
2025-06-12,2025-06,Organic,5,0.409
2025-06-12,2025-06,Google Ads,25,0.525
2025-06-12,2025-06,Meta,16,0.704
2025-06-12,2025-06,Meta,21,0.514
2025-06-12,2025-06,Organic,1,0.337
2025-06-12,2025-06,Affiliate,8,0.592
2025-06-13,2025-06,Affiliate,7,0.654
2025-06-13,2025-06,Affiliate,5,0.633
2025-06-13,2025-06,Meta,14,0.608
2025-06-13,2025-06,Organic,7,0.411
2025-06-13,2025-06,Meta,15,0.48
2025-06-13,2025-06,Email,8,0.364
2025-06-13,2025-06,Meta,7,0.492
2025-06-13,2025-06,Organic,4,0.497
2025-06-13,2025-06,Google Ads,25,0.482
2025-06-13,2025-06,Google Ads,23,0.489
2025-06-13,2025-06,Google Ads,23,0.37
2025-06-13,2025-06,Affiliate,4,0.624
2025-06-13,2025-06,Email,3,0.441
2025-06-14,2025-06,Email,7,0.447
2025-06-14,2025-06,Google Ads,30,0.478
2025-06-14,2025-06,Meta,15,0.548
2025-06-14,2025-06,Meta,16,0.542
2025-06-14,2025-06,Organic,5,0.346
2025-06-14,2025-06,Affiliate,3,0.601
2025-06-14,2025-06,Google Ads,24,0.466
2025-06-14,2025-06,Affiliate,7,0.706
2025-06-14,2025-06,Meta,12,0.576
2025-06-14,2025-06,Organic,5,0.388
2025-06-14,2025-06,Email,11,0.412
2025-06-15,2025-06,Affiliate,7,0.551
2025-06-15,2025-06,Organic,12,0.488
2025-06-15,2025-06,Google Ads,28,0.452
2025-06-15,2025-06,Email,5,0.459
2025-06-15,2025-06,Meta,33,0.619
2025-06-15,2025-06,Google Ads,30,0.424
2025-06-15,2025-06,Google Ads,29,0.534
2025-06-15,2025-06,Affiliate,5,0.603
2025-06-15,2025-06,Email,6,0.384
2025-06-15,2025-06,Meta,29,0.637
2025-06-16,2025-06,Email,2,0.364
2025-06-16,2025-06,Email,4,0.441
2025-06-16,2025-06,Meta,11,0.591
2025-06-16,2025-06,Meta,16,0.538
2025-06-16,2025-06,Affiliate,26,0.606
2025-06-16,2025-06,Google Ads,45,0.465
2025-06-16,2025-06,Email,6,0.413
2025-06-16,2025-06,Organic,8,0.5
2025-06-16,2025-06,Google Ads,43,0.534
2025-06-16,2025-06,Meta,10,0.61
2025-06-16,2025-06,Organic,5,0.38
2025-06-17,2025-06,Google Ads,80,0.474
2025-06-17,2025-06,Organic,7,0.341
2025-06-17,2025-06,Affiliate,19,0.672
2025-06-17,2025-06,Email,10,0.497
2025-06-17,2025-06,Meta,16,0.537
2025-06-17,2025-06,Meta,15,0.617
2025-06-17,2025-06,Organic,8,0.575
2025-06-17,2025-06,Meta,26,0.663
2025-06-18,2025-06,Meta,19,0.629
2025-06-18,2025-06,Email,7,0.373
2025-06-18,2025-06,Google Ads,33,0.49
2025-06-18,2025-06,Meta,33,0.687
2025-06-18,2025-06,Organic,4,0.328
2025-06-18,2025-06,Email,7,0.321
2025-06-18,2025-06,Google Ads,38,0.436
2025-06-18,2025-06,Affiliate,8,0.693
2025-06-18,2025-06,Affiliate,6,0.467
2025-06-18,2025-06,Organic,3,0.47
2025-06-19,2025-06,Meta,46,0.526
2025-06-19,2025-06,Email,4,0.496
2025-06-19,2025-06,Google Ads,15,0.366
2025-06-19,2025-06,Organic,1,0.434
2025-06-19,2025-06,Organic,4,0.44
2025-06-19,2025-06,Email,9,0.376
2025-06-19,2025-06,Affiliate,7,0.611
2025-06-19,2025-06,Google Ads,30,0.489
2025-06-19,2025-06,Google Ads,22,0.499
2025-06-19,2025-06,Email,4,0.463
2025-06-19,2025-06,Organic,3,0.362
2025-06-20,2025-06,Affiliate,8,0.656
2025-06-20,2025-06,Organic,2,0.495
2025-06-20,2025-06,Meta,30,0.579
2025-06-20,2025-06,Google Ads,32,0.624
2025-06-20,2025-06,Email,23,0.431
2025-06-20,2025-06,Google Ads,39,0.429
2025-06-20,2025-06,Organic,8,0.344
2025-06-20,2025-06,Meta,26,0.62
2025-06-20,2025-06,Affiliate,13,0.604
2025-06-21,2025-06,Google Ads,24,0.581
2025-06-21,2025-06,Affiliate,5,0.587
2025-06-21,2025-06,Organic,4,0.525
2025-06-21,2025-06,Meta,20,0.544
2025-06-21,2025-06,Affiliate,11,0.633
2025-06-21,2025-06,Google Ads,31,0.547
2025-06-21,2025-06,Organic,4,0.32
2025-06-21,2025-06,Meta,21,0.582
2025-06-21,2025-06,Email,11,0.423
2025-06-22,2025-06,Email,7,0.527
2025-06-22,2025-06,Meta,34,0.57
2025-06-22,2025-06,Email,5,0.424
2025-06-22,2025-06,Organic,6,0.43
2025-06-22,2025-06,Meta,23,0.635
2025-06-22,2025-06,Google Ads,74,0.47
2025-06-22,2025-06,Affiliate,22,0.735
2025-06-22,2025-06,Organic,5,0.441
2025-06-22,2025-06,Email,9,0.597
2025-06-23,2025-06,Email,3,0.493
2025-06-23,2025-06,Affiliate,9,0.62
2025-06-23,2025-06,Meta,58,0.57
2025-06-23,2025-06,Affiliate,8,0.632
2025-06-23,2025-06,Affiliate,8,0.682
2025-06-23,2025-06,Google Ads,37,0.475
2025-06-23,2025-06,Email,3,0.557
2025-06-23,2025-06,Organic,5,0.443
2025-06-23,2025-06,Google Ads,44,0.524
2025-06-23,2025-06,Organic,7,0.353
2025-06-24,2025-06,Meta,58,0.529
2025-06-24,2025-06,Google Ads,26,0.4
2025-06-24,2025-06,Organic,2,0.431
2025-06-24,2025-06,Organic,5,0.282
2025-06-24,2025-06,Email,5,0.554
2025-06-24,2025-06,Email,8,0.402
2025-06-24,2025-06,Affiliate,20,0.62
2025-06-24,2025-06,Organic,4,0.379
2025-06-24,2025-06,Google Ads,31,0.603
2025-06-25,2025-06,Meta,16,0.542
2025-06-25,2025-06,Affiliate,3,0.707
2025-06-25,2025-06,Google Ads,83,0.5
2025-06-25,2025-06,Meta,21,0.586
2025-06-25,2025-06,Affiliate,4,0.65
2025-06-25,2025-06,Email,13,0.42
2025-06-25,2025-06,Organic,10,0.391
2025-06-25,2025-06,Meta,14,0.566
2025-06-26,2025-06,Organic,6,0.381
2025-06-26,2025-06,Email,5,0.507
2025-06-26,2025-06,Meta,38,0.633
2025-06-26,2025-06,Email,4,0.435
2025-06-26,2025-06,Organic,5,0.425
2025-06-26,2025-06,Email,3,0.441
2025-06-26,2025-06,Meta,24,0.597
2025-06-26,2025-06,Affiliate,16,0.633
2025-06-26,2025-06,Google Ads,92,0.441
2025-06-27,2025-06,Google Ads,29,0.502
2025-06-27,2025-06,Email,17,0.423
2025-06-27,2025-06,Affiliate,11,0.527
2025-06-27,2025-06,Organic,13,0.409
2025-06-27,2025-06,Meta,22,0.571
2025-06-27,2025-06,Google Ads,34,0.501
2025-06-27,2025-06,Meta,26,0.605
2025-06-27,2025-06,Affiliate,13,0.583
2025-06-28,2025-06,Affiliate,6,0.563
2025-06-28,2025-06,Affiliate,3,0.654
2025-06-28,2025-06,Email,5,0.448
2025-06-28,2025-06,Email,5,0.529
2025-06-28,2025-06,Organic,3,0.527
2025-06-28,2025-06,Affiliate,8,0.65
2025-06-28,2025-06,Meta,26,0.537
2025-06-28,2025-06,Meta,33,0.515
2025-06-28,2025-06,Organic,6,0.477
2025-06-28,2025-06,Google Ads,69,0.453
2025-06-28,2025-06,Email,3,0.343
2025-06-29,2025-06,Affiliate,8,0.664
2025-06-29,2025-06,Organic,1,0.416
2025-06-29,2025-06,Meta,53,0.579
2025-06-29,2025-06,Meta,36,0.551
2025-06-29,2025-06,Google Ads,48,0.419
2025-06-29,2025-06,Email,5,0.527
2025-06-29,2025-06,Email,2,0.43
2025-06-29,2025-06,Google Ads,34,0.397
2025-06-29,2025-06,Organic,6,0.357
2025-06-29,2025-06,Organic,8,0.407
2025-06-29,2025-06,Email,3,0.471
2025-06-29,2025-06,Affiliate,13,0.659
2025-06-30,2025-06,Email,2,0.425
2025-06-30,2025-06,Email,5,0.511
2025-06-30,2025-06,Affiliate,10,0.752
2025-06-30,2025-06,Google Ads,44,0.479
2025-06-30,2025-06,Meta,40,0.571
2025-06-30,2025-06,Organic,5,0.398
2025-06-30,2025-06,Google Ads,40,0.443
2025-06-30,2025-06,Email,3,0.491
2025-06-30,2025-06,Affiliate,13,0.6
2025-07-01,2025-07,Meta,82,0.518
2025-07-01,2025-07,Organic,14,0.353
2025-07-01,2025-07,Email,4,0.468
2025-07-01,2025-07,Google Ads,71,0.475
2025-07-01,2025-07,Organic,5,0.478
2025-07-01,2025-07,Affiliate,8,0.648
2025-07-01,2025-07,Affiliate,8,0.674
2025-07-01,2025-07,Email,3,0.398
2025-07-01,2025-07,Email,6,0.574
2025-07-02,2025-07,Email,3,0.406
2025-07-02,2025-07,Meta,41,0.587
2025-07-02,2025-07,Email,1,0.462
2025-07-02,2025-07,Email,1,0.479
2025-07-02,2025-07,Organic,8,0.408
2025-07-02,2025-07,Google Ads,55,0.537
2025-07-02,2025-07,Affiliate,23,0.658
2025-07-02,2025-07,Meta,40,0.498
2025-07-03,2025-07,Email,5,0.328
2025-07-03,2025-07,Meta,28,0.494
2025-07-03,2025-07,Affiliate,11,0.661
2025-07-03,2025-07,Email,3,0.454
2025-07-03,2025-07,Meta,29,0.651
2025-07-03,2025-07,Affiliate,12,0.722
2025-07-03,2025-07,Organic,3,0.419
2025-07-03,2025-07,Google Ads,71,0.46
2025-07-03,2025-07,Organic,6,0.377
2025-07-04,2025-07,Organic,7,0.463
2025-07-04,2025-07,Email,7,0.376
2025-07-04,2025-07,Meta,31,0.545
2025-07-04,2025-07,Affiliate,7,0.502
2025-07-04,2025-07,Affiliate,2,0.618
2025-07-04,2025-07,Meta,33,0.573
2025-07-04,2025-07,Organic,7,0.445
2025-07-04,2025-07,Google Ads,54,0.468
2025-07-04,2025-07,Email,4,0.464
2025-07-04,2025-07,Affiliate,6,0.596
2025-07-04,2025-07,Google Ads,51,0.447
2025-07-05,2025-07,Meta,40,0.614
2025-07-05,2025-07,Organic,2,0.397
2025-07-05,2025-07,Google Ads,73,0.405
2025-07-05,2025-07,Organic,1,0.444
2025-07-05,2025-07,Affiliate,11,0.664
2025-07-05,2025-07,Affiliate,9,0.609
2025-07-05,2025-07,Email,3,0.358
2025-07-05,2025-07,Email,3,0.406
2025-07-05,2025-07,Email,1,0.395
2025-07-06,2025-07,Organic,5,0.416
2025-07-06,2025-07,Email,5,0.389
2025-07-06,2025-07,Organic,9,0.444
2025-07-06,2025-07,Google Ads,24,0.626
2025-07-06,2025-07,Google Ads,35,0.5
2025-07-06,2025-07,Google Ads,26,0.452
2025-07-06,2025-07,Email,5,0.394
2025-07-06,2025-07,Affiliate,25,0.645
2025-07-06,2025-07,Meta,63,0.659
2025-07-07,2025-07,Email,5,0.384
2025-07-07,2025-07,Meta,15,0.586
2025-07-07,2025-07,Organic,3,0.46
2025-07-07,2025-07,Email,5,0.448
2025-07-07,2025-07,Meta,23,0.595
2025-07-07,2025-07,Affiliate,9,0.654
2025-07-07,2025-07,Google Ads,47,0.536
2025-07-07,2025-07,Google Ads,44,0.431
2025-07-07,2025-07,Affiliate,12,0.564
2025-07-07,2025-07,Organic,5,0.3
2025-07-07,2025-07,Email,2,0.372
2025-07-08,2025-07,Google Ads,33,0.572
2025-07-08,2025-07,Organic,2,0.403
2025-07-08,2025-07,Email,7,0.376
2025-07-08,2025-07,Organic,3,0.433
2025-07-08,2025-07,Google Ads,34,0.427
2025-07-08,2025-07,Meta,36,0.62
2025-07-08,2025-07,Affiliate,8,0.714
2025-07-08,2025-07,Organic,4,0.444
2025-07-08,2025-07,Affiliate,7,0.557
2025-07-08,2025-07,Email,5,0.475
2025-07-08,2025-07,Meta,38,0.556
2025-07-08,2025-07,Affiliate,4,0.557
2025-07-09,2025-07,Email,9,0.424
2025-07-09,2025-07,Meta,43,0.654
2025-07-09,2025-07,Email,2,0.511
2025-07-09,2025-07,Affiliate,2,0.723
2025-07-09,2025-07,Organic,3,0.397
2025-07-09,2025-07,Organic,6,0.562
2025-07-09,2025-07,Google Ads,48,0.462
2025-07-09,2025-07,Affiliate,5,0.568
2025-07-09,2025-07,Google Ads,44,0.372
2025-07-09,2025-07,Affiliate,6,0.646
2025-07-10,2025-07,Google Ads,24,0.44
2025-07-10,2025-07,Affiliate,12,0.606
2025-07-10,2025-07,Meta,25,0.667
2025-07-10,2025-07,Organic,1,0.445
2025-07-10,2025-07,Google Ads,24,0.449
2025-07-10,2025-07,Email,7,0.341
2025-07-10,2025-07,Organic,6,0.486
2025-07-10,2025-07,Google Ads,28,0.537
2025-07-10,2025-07,Affiliate,12,0.62
2025-07-10,2025-07,Meta,30,0.596
2025-07-10,2025-07,Email,2,0.508
2025-07-10,2025-07,Organic,1,0.303
2025-07-10,2025-07,Email,7,0.448
2025-07-11,2025-07,Organic,11,0.368
2025-07-11,2025-07,Google Ads,46,0.432
2025-07-11,2025-07,Affiliate,21,0.563
2025-07-11,2025-07,Email,6,0.489
2025-07-11,2025-07,Google Ads,45,0.511
2025-07-11,2025-07,Meta,39,0.556
2025-07-11,2025-07,Email,2,0.532
2025-07-11,2025-07,Organic,5,0.347
2025-07-12,2025-07,Organic,3,0.396
2025-07-12,2025-07,Meta,54,0.608
2025-07-12,2025-07,Organic,10,0.44
2025-07-12,2025-07,Google Ads,33,0.441
2025-07-12,2025-07,Affiliate,17,0.545
2025-07-12,2025-07,Email,4,0.404
2025-07-12,2025-07,Google Ads,37,0.38
2025-07-12,2025-07,Email,4,0.47
2025-07-13,2025-07,Affiliate,4,0.617
2025-07-13,2025-07,Email,12,0.435
2025-07-13,2025-07,Organic,4,0.426
2025-07-13,2025-07,Affiliate,7,0.704
2025-07-13,2025-07,Meta,56,0.52
2025-07-13,2025-07,Organic,4,0.419
2025-07-13,2025-07,Email,3,0.471
2025-07-13,2025-07,Organic,1,0.426
2025-07-13,2025-07,Google Ads,64,0.502
2025-07-14,2025-07,Meta,37,0.558
2025-07-14,2025-07,Organic,13,0.396
2025-07-14,2025-07,Google Ads,74,0.547
2025-07-14,2025-07,Affiliate,11,0.516
2025-07-14,2025-07,Email,4,0.445
2025-07-14,2025-07,Meta,32,0.502
2025-07-14,2025-07,Google Ads,61,0.405
2025-07-14,2025-07,Email,7,0.366
2025-07-14,2025-07,Affiliate,12,0.603
2025-07-15,2025-07,Google Ads,32,0.568
2025-07-15,2025-07,Google Ads,39,0.503
2025-07-15,2025-07,Organic,7,0.458
2025-07-15,2025-07,Meta,55,0.57
2025-07-15,2025-07,Google Ads,34,0.454
2025-07-15,2025-07,Affiliate,10,0.666
2025-07-15,2025-07,Email,11,0.475
2025-07-15,2025-07,Affiliate,6,0.672
2025-07-15,2025-07,Affiliate,4,0.697
2025-07-16,2025-07,Affiliate,12,0.704
2025-07-16,2025-07,Email,8,0.436
2025-07-16,2025-07,Meta,34,0.573
2025-07-16,2025-07,Organic,3,0.378
2025-07-16,2025-07,Google Ads,44,0.486
2025-07-16,2025-07,Google Ads,30,0.409
2025-07-16,2025-07,Meta,38,0.66
2025-07-16,2025-07,Email,3,0.385
2025-07-16,2025-07,Affiliate,7,0.664
2025-07-17,2025-07,Organic,4,0.358
2025-07-17,2025-07,Google Ads,61,0.487
2025-07-17,2025-07,Meta,77,0.579
2025-07-17,2025-07,Organic,5,0.473
2025-07-17,2025-07,Email,15,0.413
2025-07-17,2025-07,Affiliate,7,0.558
2025-07-17,2025-07,Affiliate,10,0.6
2025-07-17,2025-07,Affiliate,7,0.684
2025-07-17,2025-07,Organic,5,0.403
2025-07-18,2025-07,Google Ads,24,0.5
2025-07-18,2025-07,Organic,13,0.366
2025-07-18,2025-07,Google Ads,31,0.502
2025-07-18,2025-07,Meta,40,0.591
2025-07-18,2025-07,Email,3,0.455
2025-07-18,2025-07,Email,5,0.366
2025-07-18,2025-07,Affiliate,7,0.572
2025-07-18,2025-07,Meta,18,0.667
2025-07-18,2025-07,Affiliate,6,0.575
2025-07-19,2025-07,Google Ads,104,0.498
2025-07-19,2025-07,Organic,6,0.469
2025-07-19,2025-07,Organic,2,0.318
2025-07-19,2025-07,Meta,17,0.601
2025-07-19,2025-07,Email,4,0.473
2025-07-19,2025-07,Meta,24,0.556
2025-07-19,2025-07,Affiliate,7,0.671
2025-07-19,2025-07,Affiliate,4,0.602
2025-07-19,2025-07,Email,6,0.526
2025-07-20,2025-07,Affiliate,8,0.663
2025-07-20,2025-07,Email,8,0.342
2025-07-20,2025-07,Meta,26,0.597
2025-07-20,2025-07,Organic,2,0.307
2025-07-20,2025-07,Google Ads,58,0.446
2025-07-20,2025-07,Organic,3,0.306
2025-07-20,2025-07,Meta,27,0.576
2025-07-20,2025-07,Affiliate,6,0.608
2025-07-20,2025-07,Google Ads,57,0.492
2025-07-21,2025-07,Google Ads,96,0.537
2025-07-21,2025-07,Meta,34,0.547
2025-07-21,2025-07,Meta,31,0.49
2025-07-21,2025-07,Organic,10,0.48
2025-07-21,2025-07,Affiliate,21,0.68
2025-07-21,2025-07,Email,17,0.455
2025-07-22,2025-07,Organic,2,0.554
2025-07-22,2025-07,Organic,6,0.388
2025-07-22,2025-07,Google Ads,84,0.576
2025-07-22,2025-07,Affiliate,21,0.687
2025-07-22,2025-07,Meta,28,0.575
2025-07-22,2025-07,Email,17,0.459
2025-07-22,2025-07,Meta,17,0.549
2025-07-23,2025-07,Organic,11,0.498
2025-07-23,2025-07,Meta,56,0.607
2025-07-23,2025-07,Email,4,0.471
2025-07-23,2025-07,Email,9,0.46
2025-07-23,2025-07,Affiliate,13,0.685
2025-07-23,2025-07,Google Ads,112,0.476
2025-07-24,2025-07,Affiliate,16,0.623
2025-07-24,2025-07,Email,11,0.398
2025-07-24,2025-07,Organic,10,0.422
2025-07-24,2025-07,Organic,9,0.507
2025-07-24,2025-07,Google Ads,101,0.529
2025-07-24,2025-07,Meta,77,0.587
2025-07-25,2025-07,Email,2,0.442
2025-07-25,2025-07,Meta,20,0.51
2025-07-25,2025-07,Meta,15,0.567
2025-07-25,2025-07,Google Ads,43,0.488
2025-07-25,2025-07,Affiliate,6,0.576
2025-07-25,2025-07,Google Ads,42,0.546
2025-07-25,2025-07,Affiliate,10,0.676
2025-07-25,2025-07,Organic,15,0.417
2025-07-26,2025-07,Meta,55,0.521
2025-07-26,2025-07,Google Ads,28,0.461
2025-07-26,2025-07,Affiliate,6,0.583
2025-07-26,2025-07,Organic,10,0.349
2025-07-26,2025-07,Email,6,0.451
2025-07-26,2025-07,Affiliate,5,0.621
2025-07-26,2025-07,Email,4,0.443
2025-07-26,2025-07,Google Ads,26,0.493
2025-07-26,2025-07,Organic,6,0.284
2025-07-27,2025-07,Organic,4,0.355
2025-07-27,2025-07,Organic,1,0.317
2025-07-27,2025-07,Email,5,0.581
2025-07-27,2025-07,Affiliate,10,0.743
2025-07-27,2025-07,Google Ads,96,0.401
2025-07-27,2025-07,Affiliate,10,0.592
2025-07-27,2025-07,Email,4,0.395
2025-07-27,2025-07,Meta,58,0.506
2025-07-28,2025-07,Organic,6,0.419
2025-07-28,2025-07,Affiliate,9,0.6
2025-07-28,2025-07,Google Ads,44,0.508
2025-07-28,2025-07,Meta,27,0.516
2025-07-28,2025-07,Email,5,0.395
2025-07-28,2025-07,Email,2,0.518
2025-07-28,2025-07,Email,6,0.331
2025-07-28,2025-07,Affiliate,3,0.677
2025-07-28,2025-07,Google Ads,46,0.463
2025-07-28,2025-07,Meta,23,0.542
2025-07-28,2025-07,Organic,5,0.388
2025-07-28,2025-07,Organic,2,0.368
2025-07-29,2025-07,Email,4,0.412
2025-07-29,2025-07,Affiliate,17,0.67
2025-07-29,2025-07,Email,4,0.321
2025-07-29,2025-07,Organic,4,0.417
2025-07-29,2025-07,Google Ads,36,0.499
2025-07-29,2025-07,Google Ads,32,0.559
2025-07-29,2025-07,Meta,53,0.479
2025-07-29,2025-07,Affiliate,15,0.595
2025-07-30,2025-07,Organic,1,0.451
2025-07-30,2025-07,Affiliate,13,0.644
2025-07-30,2025-07,Google Ads,56,0.452
2025-07-30,2025-07,Email,17,0.389
2025-07-30,2025-07,Organic,2,0.395
2025-07-30,2025-07,Meta,63,0.52
2025-07-31,2025-07,Organic,7,0.508
2025-07-31,2025-07,Google Ads,69,0.448
2025-07-31,2025-07,Affiliate,9,0.694
2025-07-31,2025-07,Email,9,0.368
2025-07-31,2025-07,Email,7,0.481
2025-07-31,2025-07,Meta,58,0.438
2025-07-31,2025-07,Organic,8,0.382
2025-08-01,2025-08,Organic,5,0.439
2025-08-01,2025-08,Google Ads,90,0.479
2025-08-01,2025-08,Meta,23,0.646
2025-08-01,2025-08,Affiliate,6,0.6
2025-08-01,2025-08,Organic,3,0.465
2025-08-01,2025-08,Affiliate,7,0.764
2025-08-01,2025-08,Organic,2,0.447
2025-08-01,2025-08,Affiliate,6,0.551
2025-08-01,2025-08,Meta,29,0.665
2025-08-01,2025-08,Email,8,0.412
2025-08-02,2025-08,Affiliate,2,0.555
2025-08-02,2025-08,Meta,52,0.649
2025-08-02,2025-08,Email,6,0.447
2025-08-02,2025-08,Affiliate,2,0.651
2025-08-02,2025-08,Email,2,0.486
2025-08-02,2025-08,Organic,4,0.408
2025-08-02,2025-08,Affiliate,4,0.735
2025-08-02,2025-08,Organic,1,0.463
2025-08-02,2025-08,Google Ads,59,0.534
2025-08-03,2025-08,Email,4,0.44
2025-08-03,2025-08,Meta,21,0.621
2025-08-03,2025-08,Meta,18,0.711
2025-08-03,2025-08,Google Ads,60,0.432
2025-08-03,2025-08,Google Ads,58,0.45
2025-08-03,2025-08,Affiliate,8,0.681
2025-08-03,2025-08,Meta,14,0.574
2025-08-03,2025-08,Organic,8,0.36
2025-08-03,2025-08,Email,2,0.476
2025-08-03,2025-08,Affiliate,11,0.652
2025-08-03,2025-08,Organic,8,0.406
2025-08-04,2025-08,Organic,6,0.378
2025-08-04,2025-08,Affiliate,9,0.516
2025-08-04,2025-08,Email,15,0.473
2025-08-04,2025-08,Meta,28,0.562
2025-08-04,2025-08,Google Ads,37,0.422
2025-08-04,2025-08,Affiliate,18,0.643
2025-08-04,2025-08,Google Ads,26,0.425
2025-08-04,2025-08,Organic,5,0.293
2025-08-04,2025-08,Meta,29,0.591
2025-08-05,2025-08,Organic,15,0.332
2025-08-05,2025-08,Google Ads,44,0.344
2025-08-05,2025-08,Meta,13,0.553
2025-08-05,2025-08,Meta,19,0.621
2025-08-05,2025-08,Meta,17,0.445
2025-08-05,2025-08,Email,3,0.471
2025-08-05,2025-08,Google Ads,32,0.474
2025-08-05,2025-08,Affiliate,21,0.551
2025-08-05,2025-08,Email,5,0.472
2025-08-06,2025-08,Affiliate,7,0.568
2025-08-06,2025-08,Organic,4,0.485
2025-08-06,2025-08,Affiliate,9,0.644
2025-08-06,2025-08,Meta,49,0.52
2025-08-06,2025-08,Email,4,0.542
2025-08-06,2025-08,Google Ads,29,0.42
2025-08-06,2025-08,Organic,4,0.313
2025-08-06,2025-08,Email,4,0.469
2025-08-06,2025-08,Email,7,0.451
2025-08-06,2025-08,Google Ads,24,0.597
2025-08-07,2025-08,Email,4,0.482
2025-08-07,2025-08,Organic,13,0.314
2025-08-07,2025-08,Google Ads,28,0.529
2025-08-07,2025-08,Affiliate,21,0.624
2025-08-07,2025-08,Affiliate,8,0.62
2025-08-07,2025-08,Email,9,0.351
2025-08-07,2025-08,Google Ads,36,0.423
2025-08-07,2025-08,Meta,45,0.507
2025-08-08,2025-08,Google Ads,52,0.516
2025-08-08,2025-08,Email,4,0.474
2025-08-08,2025-08,Meta,31,0.658
2025-08-08,2025-08,Affiliate,19,0.678
2025-08-08,2025-08,Organic,8,0.375
2025-08-08,2025-08,Meta,30,0.514
2025-08-08,2025-08,Email,6,0.459
2025-08-08,2025-08,Affiliate,14,0.614
2025-08-09,2025-08,Email,4,0.477
2025-08-09,2025-08,Organic,6,0.441
2025-08-09,2025-08,Organic,4,0.47
2025-08-09,2025-08,Google Ads,37,0.503
2025-08-09,2025-08,Google Ads,28,0.406
2025-08-09,2025-08,Affiliate,7,0.731
2025-08-09,2025-08,Meta,19,0.619
2025-08-09,2025-08,Affiliate,16,0.651
2025-08-09,2025-08,Affiliate,7,0.619
2025-08-09,2025-08,Meta,26,0.578
2025-08-10,2025-08,Meta,22,0.502
2025-08-10,2025-08,Email,3,0.429
2025-08-10,2025-08,Meta,14,0.553
2025-08-10,2025-08,Organic,7,0.456
2025-08-10,2025-08,Affiliate,11,0.604
2025-08-10,2025-08,Affiliate,9,0.539
2025-08-10,2025-08,Google Ads,58,0.533
2025-08-10,2025-08,Email,7,0.388
2025-08-10,2025-08,Organic,4,0.439
2025-08-10,2025-08,Affiliate,9,0.648
2025-08-10,2025-08,Meta,21,0.565
2025-08-10,2025-08,Organic,4,0.425
2025-08-11,2025-08,Google Ads,46,0.415
2025-08-11,2025-08,Meta,34,0.609
2025-08-11,2025-08,Email,3,0.427
2025-08-11,2025-08,Affiliate,28,0.64
2025-08-11,2025-08,Meta,27,0.565
2025-08-11,2025-08,Email,4,0.507
2025-08-11,2025-08,Organic,10,0.387
2025-08-11,2025-08,Google Ads,55,0.508
2025-08-11,2025-08,Organic,12,0.482
2025-08-12,2025-08,Organic,3,0.379
2025-08-12,2025-08,Meta,15,0.672
2025-08-12,2025-08,Affiliate,9,0.616
2025-08-12,2025-08,Meta,14,0.634
2025-08-12,2025-08,Affiliate,8,0.668
2025-08-12,2025-08,Email,9,0.465
2025-08-12,2025-08,Organic,3,0.492
2025-08-12,2025-08,Google Ads,80,0.407
2025-08-12,2025-08,Meta,14,0.587
2025-08-13,2025-08,Meta,34,0.64
2025-08-13,2025-08,Google Ads,27,0.511
2025-08-13,2025-08,Organic,6,0.513
2025-08-13,2025-08,Affiliate,26,0.548
2025-08-13,2025-08,Google Ads,30,0.44
2025-08-13,2025-08,Google Ads,29,0.465
2025-08-13,2025-08,Meta,18,0.542
2025-08-13,2025-08,Email,6,0.477
2025-08-13,2025-08,Organic,4,0.38
2025-08-13,2025-08,Email,2,0.309
2025-08-14,2025-08,Affiliate,8,0.613
2025-08-14,2025-08,Meta,23,0.546
2025-08-14,2025-08,Google Ads,19,0.487
2025-08-14,2025-08,Organic,7,0.392
2025-08-14,2025-08,Email,7,0.441
2025-08-14,2025-08,Meta,20,0.56
2025-08-14,2025-08,Google Ads,23,0.46
2025-08-14,2025-08,Affiliate,11,0.582
2025-08-14,2025-08,Organic,9,0.423
2025-08-14,2025-08,Google Ads,16,0.539
2025-08-15,2025-08,Google Ads,54,0.518
2025-08-15,2025-08,Affiliate,17,0.61
2025-08-15,2025-08,Organic,5,0.457
2025-08-15,2025-08,Meta,17,0.607
2025-08-15,2025-08,Meta,12,0.574
2025-08-15,2025-08,Meta,19,0.548
2025-08-15,2025-08,Email,9,0.456
2025-08-16,2025-08,Meta,18,0.478
2025-08-16,2025-08,Google Ads,24,0.491
2025-08-16,2025-08,Organic,4,0.376
2025-08-16,2025-08,Organic,6,0.384
2025-08-16,2025-08,Affiliate,11,0.536
2025-08-16,2025-08,Meta,16,0.583
2025-08-16,2025-08,Email,2,0.333
2025-08-16,2025-08,Email,4,0.277
2025-08-16,2025-08,Email,1,0.378
2025-08-16,2025-08,Meta,15,0.539
2025-08-16,2025-08,Google Ads,27,0.52
2025-08-16,2025-08,Affiliate,6,0.603
2025-08-17,2025-08,Meta,32,0.665
2025-08-17,2025-08,Organic,4,0.395
2025-08-17,2025-08,Email,7,0.329
2025-08-17,2025-08,Email,4,0.39
2025-08-17,2025-08,Meta,20,0.603
2025-08-17,2025-08,Email,4,0.43
2025-08-17,2025-08,Google Ads,85,0.459
2025-08-17,2025-08,Affiliate,20,0.547
2025-08-17,2025-08,Organic,8,0.414
2025-08-18,2025-08,Meta,21,0.561
2025-08-18,2025-08,Meta,27,0.485
2025-08-18,2025-08,Organic,8,0.297
2025-08-18,2025-08,Affiliate,12,0.606
2025-08-18,2025-08,Organic,7,0.382
2025-08-18,2025-08,Email,11,0.415
2025-08-18,2025-08,Email,7,0.563
2025-08-18,2025-08,Google Ads,25,0.489
2025-08-18,2025-08,Google Ads,33,0.482
2025-08-18,2025-08,Affiliate,15,0.626
2025-08-19,2025-08,Email,3,0.491
2025-08-19,2025-08,Meta,18,0.531
2025-08-19,2025-08,Email,3,0.523
2025-08-19,2025-08,Google Ads,18,0.416
2025-08-19,2025-08,Google Ads,17,0.565
2025-08-19,2025-08,Meta,25,0.575
2025-08-19,2025-08,Affiliate,18,0.619
2025-08-19,2025-08,Google Ads,15,0.53
2025-08-19,2025-08,Meta,20,0.662
2025-08-19,2025-08,Organic,1,0.36
2025-08-20,2025-08,Affiliate,14,0.639
2025-08-20,2025-08,Google Ads,41,0.498
2025-08-20,2025-08,Meta,55,0.576
2025-08-20,2025-08,Email,6,0.404
2025-08-20,2025-08,Organic,4,0.471
2025-08-20,2025-08,Google Ads,26,0.444
2025-08-20,2025-08,Affiliate,12,0.587
2025-08-20,2025-08,Organic,1,0.404
2025-08-20,2025-08,Email,5,0.335
2025-08-21,2025-08,Email,3,0.497
2025-08-21,2025-08,Organic,5,0.452
2025-08-21,2025-08,Google Ads,91,0.433
2025-08-21,2025-08,Affiliate,13,0.528
2025-08-21,2025-08,Meta,24,0.602
2025-08-21,2025-08,Email,2,0.484
2025-08-21,2025-08,Meta,19,0.621
2025-08-21,2025-08,Affiliate,13,0.544
2025-08-21,2025-08,Organic,3,0.372
2025-08-21,2025-08,Email,1,0.524
2025-08-22,2025-08,Affiliate,11,0.609
2025-08-22,2025-08,Google Ads,19,0.514
2025-08-22,2025-08,Google Ads,19,0.518
2025-08-22,2025-08,Meta,49,0.589
2025-08-22,2025-08,Affiliate,6,0.58
2025-08-22,2025-08,Email,7,0.423
2025-08-22,2025-08,Organic,5,0.368
2025-08-22,2025-08,Organic,7,0.373
2025-08-23,2025-08,Affiliate,10,0.746
2025-08-23,2025-08,Google Ads,16,0.45
2025-08-23,2025-08,Affiliate,11,0.684
2025-08-23,2025-08,Meta,22,0.604
2025-08-23,2025-08,Organic,4,0.391
2025-08-23,2025-08,Meta,19,0.633
2025-08-23,2025-08,Email,2,0.434
2025-08-23,2025-08,Email,2,0.484
2025-08-23,2025-08,Google Ads,20,0.441
2025-08-23,2025-08,Google Ads,16,0.429
2025-08-23,2025-08,Organic,2,0.401
2025-08-24,2025-08,Google Ads,38,0.465
2025-08-24,2025-08,Affiliate,25,0.677
2025-08-24,2025-08,Organic,5,0.39
2025-08-24,2025-08,Meta,32,0.654
2025-08-24,2025-08,Organic,4,0.309
2025-08-24,2025-08,Email,3,0.447
2025-08-24,2025-08,Google Ads,27,0.372
2025-08-24,2025-08,Email,5,0.455
2025-08-24,2025-08,Email,6,0.472
2025-08-25,2025-08,Google Ads,78,0.494
2025-08-25,2025-08,Organic,2,0.408
2025-08-25,2025-08,Organic,2,0.346
2025-08-25,2025-08,Meta,37,0.665
2025-08-25,2025-08,Affiliate,20,0.728
2025-08-25,2025-08,Email,3,0.44
2025-08-25,2025-08,Meta,46,0.45
2025-08-25,2025-08,Email,5,0.516
2025-08-25,2025-08,Organic,6,0.38
2025-08-26,2025-08,Organic,2,0.435
2025-08-26,2025-08,Organic,6,0.357
2025-08-26,2025-08,Organic,3,0.471
2025-08-26,2025-08,Affiliate,27,0.738
2025-08-26,2025-08,Google Ads,32,0.461
2025-08-26,2025-08,Email,5,0.375
2025-08-26,2025-08,Meta,22,0.512
2025-08-26,2025-08,Meta,22,0.613
2025-08-26,2025-08,Google Ads,26,0.48
2025-08-26,2025-08,Email,2,0.442
2025-08-26,2025-08,Google Ads,28,0.441
2025-08-26,2025-08,Meta,23,0.615
2025-08-27,2025-08,Meta,39,0.67
2025-08-27,2025-08,Meta,32,0.483
2025-08-27,2025-08,Email,8,0.367
2025-08-27,2025-08,Affiliate,13,0.609
2025-08-27,2025-08,Google Ads,40,0.478
2025-08-27,2025-08,Organic,6,0.372
2025-08-27,2025-08,Email,3,0.412
2025-08-27,2025-08,Google Ads,27,0.366
2025-08-27,2025-08,Affiliate,13,0.527
2025-08-27,2025-08,Affiliate,8,0.688
2025-08-28,2025-08,Meta,41,0.682
2025-08-28,2025-08,Google Ads,64,0.504
2025-08-28,2025-08,Email,9,0.475
2025-08-28,2025-08,Affiliate,23,0.562
2025-08-28,2025-08,Organic,7,0.477
2025-08-28,2025-08,Affiliate,18,0.634
2025-08-28,2025-08,Meta,31,0.673
2025-08-29,2025-08,Google Ads,42,0.531
2025-08-29,2025-08,Email,3,0.495
2025-08-29,2025-08,Affiliate,12,0.661
2025-08-29,2025-08,Affiliate,5,0.567
2025-08-29,2025-08,Google Ads,51,0.468
2025-08-29,2025-08,Organic,15,0.416
2025-08-29,2025-08,Meta,16,0.585
2025-08-29,2025-08,Affiliate,8,0.567
2025-08-29,2025-08,Meta,19,0.571
2025-08-29,2025-08,Email,3,0.468
2025-08-29,2025-08,Meta,8,0.626
2025-08-30,2025-08,Meta,28,0.568
2025-08-30,2025-08,Google Ads,19,0.453
2025-08-30,2025-08,Google Ads,16,0.431
2025-08-30,2025-08,Email,5,0.422
2025-08-30,2025-08,Organic,4,0.354
2025-08-30,2025-08,Meta,20,0.568
2025-08-30,2025-08,Email,4,0.314
2025-08-30,2025-08,Google Ads,13,0.459
2025-08-30,2025-08,Organic,6,0.405
2025-08-30,2025-08,Affiliate,7,0.554
2025-08-30,2025-08,Affiliate,12,0.667
2025-08-31,2025-08,Email,5,0.351
2025-08-31,2025-08,Meta,33,0.473
2025-08-31,2025-08,Email,6,0.505
2025-08-31,2025-08,Affiliate,21,0.627
2025-08-31,2025-08,Organic,4,0.392
2025-08-31,2025-08,Google Ads,73,0.508
2025-08-31,2025-08,Meta,27,0.539
2025-08-31,2025-08,Organic,10,0.405
2025-09-01,2025-09,Organic,15,0.492
2025-09-01,2025-09,Meta,39,0.557
2025-09-01,2025-09,Affiliate,8,0.674
2025-09-01,2025-09,Email,6,0.317
2025-09-01,2025-09,Email,6,0.461
2025-09-01,2025-09,Affiliate,11,0.558
2025-09-01,2025-09,Email,4,0.447
2025-09-01,2025-09,Meta,66,0.594
2025-09-01,2025-09,Google Ads,70,0.604
2025-09-02,2025-09,Organic,4,0.445
2025-09-02,2025-09,Email,4,0.498
2025-09-02,2025-09,Affiliate,15,0.564
2025-09-02,2025-09,Organic,7,0.38
2025-09-02,2025-09,Affiliate,6,0.586
2025-09-02,2025-09,Google Ads,49,0.428
2025-09-02,2025-09,Meta,95,0.566
2025-09-02,2025-09,Email,8,0.435
2025-09-02,2025-09,Google Ads,51,0.513
2025-09-03,2025-09,Organic,10,0.445
2025-09-03,2025-09,Google Ads,43,0.443
2025-09-03,2025-09,Organic,4,0.449
2025-09-03,2025-09,Google Ads,42,0.365
2025-09-03,2025-09,Email,11,0.432
2025-09-03,2025-09,Affiliate,12,0.639
2025-09-03,2025-09,Meta,67,0.668
2025-09-03,2025-09,Affiliate,11,0.627
2025-09-04,2025-09,Meta,74,0.603
2025-09-04,2025-09,Organic,6,0.462
2025-09-04,2025-09,Email,4,0.4
2025-09-04,2025-09,Google Ads,90,0.337
2025-09-04,2025-09,Email,8,0.455
2025-09-04,2025-09,Email,8,0.343
2025-09-04,2025-09,Affiliate,5,0.564
2025-09-04,2025-09,Organic,4,0.377
2025-09-04,2025-09,Affiliate,9,0.669
2025-09-05,2025-09,Organic,2,0.419
2025-09-05,2025-09,Meta,15,0.585
2025-09-05,2025-09,Affiliate,1,0.539
2025-09-05,2025-09,Affiliate,7,0.727
2025-09-05,2025-09,Meta,25,0.604
2025-09-05,2025-09,Meta,19,0.599
2025-09-05,2025-09,Email,3,0.479
2025-09-05,2025-09,Organic,7,0.319
2025-09-05,2025-09,Organic,5,0.381
2025-09-05,2025-09,Google Ads,67,0.51
2025-09-05,2025-09,Email,1,0.466
2025-09-05,2025-09,Email,7,0.387
2025-09-06,2025-09,Google Ads,53,0.509
2025-09-06,2025-09,Affiliate,21,0.555
2025-09-06,2025-09,Organic,5,0.39
2025-09-06,2025-09,Email,4,0.417
2025-09-06,2025-09,Email,6,0.455
2025-09-06,2025-09,Organic,4,0.353
2025-09-06,2025-09,Organic,5,0.413
2025-09-06,2025-09,Meta,61,0.572
2025-09-07,2025-09,Meta,47,0.591
2025-09-07,2025-09,Email,12,0.473
2025-09-07,2025-09,Email,9,0.46
2025-09-07,2025-09,Affiliate,8,0.643
2025-09-07,2025-09,Affiliate,1,0.636
2025-09-07,2025-09,Affiliate,8,0.615
2025-09-07,2025-09,Organic,15,0.456
2025-09-07,2025-09,Meta,44,0.682
2025-09-07,2025-09,Google Ads,121,0.525
2025-09-08,2025-09,Affiliate,18,0.708
2025-09-08,2025-09,Google Ads,31,0.481
2025-09-08,2025-09,Google Ads,30,0.388
2025-09-08,2025-09,Email,14,0.482
2025-09-08,2025-09,Organic,15,0.296
2025-09-08,2025-09,Meta,64,0.527
2025-09-09,2025-09,Organic,7,0.538
2025-09-09,2025-09,Google Ads,26,0.469
2025-09-09,2025-09,Organic,9,0.386
2025-09-09,2025-09,Affiliate,15,0.664
2025-09-09,2025-09,Google Ads,45,0.409
2025-09-09,2025-09,Meta,88,0.59
2025-09-09,2025-09,Email,5,0.431
2025-09-09,2025-09,Email,10,0.425
2025-09-10,2025-09,Meta,77,0.659
2025-09-10,2025-09,Google Ads,44,0.463
2025-09-10,2025-09,Organic,8,0.324
2025-09-10,2025-09,Affiliate,17,0.636
2025-09-10,2025-09,Google Ads,48,0.497
2025-09-10,2025-09,Email,15,0.453
2025-09-11,2025-09,Affiliate,2,0.648
2025-09-11,2025-09,Affiliate,8,0.55
2025-09-11,2025-09,Affiliate,13,0.65
2025-09-11,2025-09,Google Ads,17,0.491
2025-09-11,2025-09,Google Ads,20,0.512
2025-09-11,2025-09,Organic,7,0.344
2025-09-11,2025-09,Email,10,0.407
2025-09-11,2025-09,Meta,76,0.545
2025-09-11,2025-09,Email,11,0.422
2025-09-11,2025-09,Google Ads,15,0.483
2025-09-11,2025-09,Organic,7,0.349
2025-09-12,2025-09,Google Ads,19,0.386
2025-09-12,2025-09,Meta,51,0.526
2025-09-12,2025-09,Affiliate,4,0.596
2025-09-12,2025-09,Google Ads,27,0.519
2025-09-12,2025-09,Meta,37,0.525
2025-09-12,2025-09,Organic,7,0.512
2025-09-12,2025-09,Affiliate,4,0.57
2025-09-12,2025-09,Email,5,0.347
2025-09-12,2025-09,Email,5,0.524
2025-09-12,2025-09,Organic,9,0.357
2025-09-12,2025-09,Google Ads,27,0.45
2025-09-13,2025-09,Email,16,0.415
2025-09-13,2025-09,Google Ads,33,0.408
2025-09-13,2025-09,Organic,9,0.373
2025-09-13,2025-09,Google Ads,34,0.422
2025-09-13,2025-09,Affiliate,12,0.649
2025-09-13,2025-09,Meta,69,0.601
2025-09-14,2025-09,Organic,4,0.488
2025-09-14,2025-09,Meta,71,0.52
2025-09-14,2025-09,Email,7,0.397
2025-09-14,2025-09,Organic,8,0.412
2025-09-14,2025-09,Organic,5,0.375
2025-09-14,2025-09,Affiliate,14,0.604
2025-09-14,2025-09,Google Ads,42,0.596
2025-09-14,2025-09,Google Ads,32,0.429
2025-09-14,2025-09,Email,3,0.314
2025-09-15,2025-09,Affiliate,13,0.512
2025-09-15,2025-09,Organic,7,0.435
2025-09-15,2025-09,Organic,3,0.298
2025-09-15,2025-09,Organic,4,0.357
2025-09-15,2025-09,Meta,29,0.662
2025-09-15,2025-09,Email,7,0.39
2025-09-15,2025-09,Email,4,0.485
2025-09-15,2025-09,Affiliate,10,0.615
2025-09-15,2025-09,Email,8,0.449
2025-09-15,2025-09,Meta,31,0.516
2025-09-15,2025-09,Google Ads,29,0.465
2025-09-15,2025-09,Google Ads,32,0.395
2025-09-16,2025-09,Google Ads,83,0.451
2025-09-16,2025-09,Organic,12,0.371
2025-09-16,2025-09,Email,13,0.491
2025-09-16,2025-09,Meta,76,0.61
2025-09-16,2025-09,Affiliate,22,0.627
2025-09-16,2025-09,Organic,8,0.383
2025-09-17,2025-09,Affiliate,5,0.671
2025-09-17,2025-09,Email,8,0.415
2025-09-17,2025-09,Affiliate,6,0.681
2025-09-17,2025-09,Email,8,0.444
2025-09-17,2025-09,Organic,14,0.436
2025-09-17,2025-09,Google Ads,42,0.385
2025-09-17,2025-09,Meta,77,0.482
2025-09-17,2025-09,Google Ads,34,0.399
2025-09-17,2025-09,Email,6,0.393
2025-09-18,2025-09,Meta,73,0.473
2025-09-18,2025-09,Affiliate,10,0.712
2025-09-18,2025-09,Google Ads,47,0.318
2025-09-18,2025-09,Affiliate,16,0.516
2025-09-18,2025-09,Email,9,0.327
2025-09-18,2025-09,Google Ads,57,0.443
2025-09-18,2025-09,Organic,15,0.29
2025-09-18,2025-09,Email,7,0.306
2025-09-19,2025-09,Organic,12,0.472
2025-09-19,2025-09,Meta,96,0.616
2025-09-19,2025-09,Google Ads,70,0.483
2025-09-19,2025-09,Email,8,0.46
2025-09-19,2025-09,Affiliate,17,0.654
2025-09-20,2025-09,Meta,32,0.67
2025-09-20,2025-09,Organic,10,0.372
2025-09-20,2025-09,Meta,55,0.5
2025-09-20,2025-09,Google Ads,42,0.478
2025-09-20,2025-09,Affiliate,9,0.595
2025-09-20,2025-09,Email,4,0.453
2025-09-20,2025-09,Google Ads,35,0.537
2025-09-20,2025-09,Affiliate,5,0.686
2025-09-20,2025-09,Email,5,0.475
2025-09-20,2025-09,Email,3,0.447
2025-09-20,2025-09,Organic,7,0.484
2025-09-21,2025-09,Affiliate,5,0.565
2025-09-21,2025-09,Organic,6,0.453
2025-09-21,2025-09,Affiliate,7,0.603
2025-09-21,2025-09,Google Ads,54,0.4
2025-09-21,2025-09,Email,27,0.457
2025-09-21,2025-09,Meta,83,0.558
2025-09-21,2025-09,Google Ads,44,0.508
2025-09-21,2025-09,Organic,6,0.351
2025-09-22,2025-09,Affiliate,12,0.557
2025-09-22,2025-09,Meta,18,0.578
2025-09-22,2025-09,Meta,24,0.658
2025-09-22,2025-09,Google Ads,17,0.442
2025-09-22,2025-09,Meta,27,0.631
2025-09-22,2025-09,Google Ads,23,0.442
2025-09-22,2025-09,Email,11,0.434
2025-09-22,2025-09,Organic,11,0.461
2025-09-22,2025-09,Google Ads,16,0.443
2025-09-22,2025-09,Email,9,0.392
2025-09-23,2025-09,Email,2,0.477
2025-09-23,2025-09,Affiliate,18,0.722
2025-09-23,2025-09,Meta,41,0.585
2025-09-23,2025-09,Email,2,0.383
2025-09-23,2025-09,Google Ads,33,0.572
2025-09-23,2025-09,Google Ads,36,0.5
2025-09-23,2025-09,Organic,2,0.419
2025-09-23,2025-09,Meta,33,0.607
2025-09-23,2025-09,Organic,7,0.453
2025-09-24,2025-09,Organic,3,0.428
2025-09-24,2025-09,Google Ads,33,0.487
2025-09-24,2025-09,Email,18,0.359
2025-09-24,2025-09,Affiliate,2,0.581
2025-09-24,2025-09,Meta,35,0.549
2025-09-24,2025-09,Meta,45,0.547
2025-09-24,2025-09,Organic,3,0.406
2025-09-24,2025-09,Google Ads,20,0.578
2025-09-24,2025-09,Google Ads,25,0.529
2025-09-24,2025-09,Affiliate,11,0.7
2025-09-24,2025-09,Affiliate,5,0.64
2025-09-25,2025-09,Organic,8,0.463
2025-09-25,2025-09,Google Ads,21,0.446
2025-09-25,2025-09,Google Ads,16,0.468
2025-09-25,2025-09,Google Ads,19,0.433
2025-09-25,2025-09,Email,18,0.445
2025-09-25,2025-09,Affiliate,9,0.729
2025-09-25,2025-09,Affiliate,5,0.667
2025-09-25,2025-09,Meta,63,0.672
2025-09-26,2025-09,Organic,20,0.453
2025-09-26,2025-09,Affiliate,4,0.682
2025-09-26,2025-09,Email,3,0.489
2025-09-26,2025-09,Meta,19,0.568
2025-09-26,2025-09,Meta,30,0.541
2025-09-26,2025-09,Meta,27,0.542
2025-09-26,2025-09,Google Ads,45,0.486
2025-09-26,2025-09,Email,6,0.405
2025-09-26,2025-09,Affiliate,5,0.682
2025-09-26,2025-09,Affiliate,4,0.675
2025-09-26,2025-09,Email,7,0.404
2025-09-26,2025-09,Google Ads,40,0.552
2025-09-27,2025-09,Email,11,0.378
2025-09-27,2025-09,Affiliate,7,0.636
2025-09-27,2025-09,Google Ads,78,0.505
2025-09-27,2025-09,Email,10,0.377
2025-09-27,2025-09,Affiliate,10,0.72
2025-09-27,2025-09,Organic,9,0.398
2025-09-27,2025-09,Meta,59,0.548
2025-09-27,2025-09,Organic,5,0.26
2025-09-28,2025-09,Organic,8,0.411
2025-09-28,2025-09,Meta,20,0.615
2025-09-28,2025-09,Email,18,0.403
2025-09-28,2025-09,Meta,26,0.614
2025-09-28,2025-09,Google Ads,107,0.603
2025-09-28,2025-09,Affiliate,20,0.677
2025-09-28,2025-09,Organic,2,0.382
2025-09-28,2025-09,Meta,30,0.528
2025-09-29,2025-09,Organic,4,0.415
2025-09-29,2025-09,Google Ads,36,0.507
2025-09-29,2025-09,Google Ads,29,0.462
2025-09-29,2025-09,Email,8,0.407
2025-09-29,2025-09,Organic,5,0.36
2025-09-29,2025-09,Google Ads,28,0.556
2025-09-29,2025-09,Meta,54,0.63
2025-09-29,2025-09,Email,5,0.408
2025-09-29,2025-09,Organic,2,0.413
2025-09-29,2025-09,Affiliate,18,0.633
2025-09-30,2025-09,Meta,33,0.544
2025-09-30,2025-09,Meta,29,0.639
2025-09-30,2025-09,Google Ads,66,0.433
2025-09-30,2025-09,Affiliate,15,0.736
2025-09-30,2025-09,Meta,36,0.562
2025-09-30,2025-09,Organic,12,0.423
2025-09-30,2025-09,Email,10,0.378
2025-10-01,2025-10,Email,3,0.433
2025-10-01,2025-10,Email,6,0.421
2025-10-01,2025-10,Organic,5,0.397
2025-10-01,2025-10,Meta,76,0.58
2025-10-01,2025-10,Organic,6,0.395
2025-10-01,2025-10,Organic,3,0.434
2025-10-01,2025-10,Affiliate,3,0.684
2025-10-01,2025-10,Affiliate,3,0.531
2025-10-01,2025-10,Affiliate,5,0.596
2025-10-01,2025-10,Google Ads,85,0.562
2025-10-01,2025-10,Email,2,0.499
2025-10-02,2025-10,Email,4,0.515
2025-10-02,2025-10,Organic,16,0.421
2025-10-02,2025-10,Affiliate,9,0.646
2025-10-02,2025-10,Google Ads,57,0.427
2025-10-02,2025-10,Meta,55,0.618
2025-10-02,2025-10,Email,10,0.408
2025-10-02,2025-10,Affiliate,7,0.62
2025-10-02,2025-10,Affiliate,3,0.54
2025-10-03,2025-10,Affiliate,12,0.69
2025-10-03,2025-10,Email,12,0.476
2025-10-03,2025-10,Affiliate,9,0.663
2025-10-03,2025-10,Meta,39,0.545
2025-10-03,2025-10,Organic,13,0.415
2025-10-03,2025-10,Meta,31,0.565
2025-10-03,2025-10,Google Ads,28,0.439
2025-10-03,2025-10,Google Ads,29,0.47
2025-10-03,2025-10,Email,10,0.338
2025-10-04,2025-10,Google Ads,20,0.443
2025-10-04,2025-10,Email,6,0.46
2025-10-04,2025-10,Affiliate,3,0.678
2025-10-04,2025-10,Email,7,0.481
2025-10-04,2025-10,Organic,16,0.405
2025-10-04,2025-10,Affiliate,9,0.678
2025-10-04,2025-10,Google Ads,24,0.526
2025-10-04,2025-10,Meta,60,0.73
2025-10-05,2025-10,Meta,72,0.576
2025-10-05,2025-10,Google Ads,29,0.541
2025-10-05,2025-10,Affiliate,22,0.75
2025-10-05,2025-10,Google Ads,39,0.441
2025-10-05,2025-10,Email,16,0.434
2025-10-05,2025-10,Organic,19,0.441
2025-10-06,2025-10,Email,9,0.416
2025-10-06,2025-10,Affiliate,4,0.602
2025-10-06,2025-10,Organic,14,0.411
2025-10-06,2025-10,Meta,66,0.718
2025-10-06,2025-10,Affiliate,15,0.597
2025-10-06,2025-10,Google Ads,76,0.437
2025-10-06,2025-10,Email,9,0.479
2025-10-07,2025-10,Affiliate,14,0.653
2025-10-07,2025-10,Google Ads,96,0.513
2025-10-07,2025-10,Email,4,0.433
2025-10-07,2025-10,Organic,8,0.373
2025-10-07,2025-10,Email,5,0.433
2025-10-07,2025-10,Organic,7,0.433
2025-10-07,2025-10,Meta,36,0.594
2025-10-07,2025-10,Email,2,0.485
2025-10-07,2025-10,Meta,29,0.594
2025-10-08,2025-10,Meta,77,0.622
2025-10-08,2025-10,Email,5,0.346
2025-10-08,2025-10,Email,7,0.46
2025-10-08,2025-10,Google Ads,81,0.436
2025-10-08,2025-10,Organic,7,0.356
2025-10-08,2025-10,Organic,8,0.349
2025-10-08,2025-10,Affiliate,17,0.662
2025-10-09,2025-10,Organic,8,0.393
2025-10-09,2025-10,Google Ads,27,0.466
2025-10-09,2025-10,Email,7,0.505
2025-10-09,2025-10,Organic,2,0.427
2025-10-09,2025-10,Meta,62,0.643
2025-10-09,2025-10,Google Ads,36,0.532
2025-10-09,2025-10,Affiliate,39,0.55
2025-10-10,2025-10,Email,5,0.484
2025-10-10,2025-10,Meta,36,0.529
2025-10-10,2025-10,Affiliate,7,0.666
2025-10-10,2025-10,Affiliate,7,0.654
2025-10-10,2025-10,Email,4,0.481
2025-10-10,2025-10,Organic,1,0.317
2025-10-10,2025-10,Organic,11,0.457
2025-10-10,2025-10,Email,3,0.407
2025-10-10,2025-10,Google Ads,54,0.43
2025-10-10,2025-10,Organic,6,0.393
2025-10-11,2025-10,Email,2,0.42
2025-10-11,2025-10,Organic,5,0.472
2025-10-11,2025-10,Meta,64,0.677
2025-10-11,2025-10,Google Ads,39,0.515
2025-10-11,2025-10,Affiliate,4,0.555
2025-10-11,2025-10,Organic,3,0.405
2025-10-11,2025-10,Email,2,0.436
2025-10-11,2025-10,Affiliate,3,0.702
2025-10-11,2025-10,Affiliate,6,0.564
2025-10-11,2025-10,Google Ads,30,0.483
2025-10-12,2025-10,Email,9,0.361
2025-10-12,2025-10,Meta,33,0.537
2025-10-12,2025-10,Google Ads,20,0.419
2025-10-12,2025-10,Email,5,0.45
2025-10-12,2025-10,Organic,6,0.36
2025-10-12,2025-10,Meta,22,0.471
2025-10-12,2025-10,Affiliate,10,0.639
2025-10-12,2025-10,Organic,9,0.448
2025-10-12,2025-10,Google Ads,34,0.359
2025-10-13,2025-10,Meta,33,0.583
2025-10-13,2025-10,Google Ads,27,0.431
2025-10-13,2025-10,Organic,7,0.44
2025-10-13,2025-10,Email,4,0.414
2025-10-13,2025-10,Affiliate,9,0.803
2025-10-13,2025-10,Google Ads,40,0.392
2025-10-13,2025-10,Organic,10,0.455
2025-10-13,2025-10,Meta,33,0.584
2025-10-13,2025-10,Google Ads,38,0.499
2025-10-13,2025-10,Affiliate,14,0.567
2025-10-13,2025-10,Email,8,0.346
2025-10-14,2025-10,Google Ads,38,0.517
2025-10-14,2025-10,Organic,9,0.508
2025-10-14,2025-10,Google Ads,36,0.511
2025-10-14,2025-10,Organic,6,0.524
2025-10-14,2025-10,Affiliate,12,0.558
2025-10-14,2025-10,Meta,81,0.523
2025-10-14,2025-10,Email,14,0.38
2025-10-14,2025-10,Affiliate,10,0.633
2025-10-15,2025-10,Affiliate,7,0.584
2025-10-15,2025-10,Organic,16,0.363
2025-10-15,2025-10,Email,8,0.462
2025-10-15,2025-10,Affiliate,8,0.538
2025-10-15,2025-10,Organic,6,0.456
2025-10-15,2025-10,Meta,33,0.613
2025-10-15,2025-10,Google Ads,68,0.473
2025-10-15,2025-10,Email,8,0.38
2025-10-15,2025-10,Meta,46,0.514
2025-10-16,2025-10,Email,6,0.42
2025-10-16,2025-10,Google Ads,59,0.595
2025-10-16,2025-10,Affiliate,14,0.61
2025-10-16,2025-10,Meta,80,0.56
2025-10-16,2025-10,Organic,16,0.463
2025-10-16,2025-10,Email,14,0.491
2025-10-17,2025-10,Email,5,0.405
2025-10-17,2025-10,Meta,27,0.651
2025-10-17,2025-10,Organic,7,0.373
2025-10-17,2025-10,Google Ads,49,0.406
2025-10-17,2025-10,Email,8,0.382
2025-10-17,2025-10,Organic,8,0.444
2025-10-17,2025-10,Meta,25,0.598
2025-10-17,2025-10,Affiliate,24,0.605
2025-10-17,2025-10,Organic,8,0.418
2025-10-18,2025-10,Organic,2,0.41
2025-10-18,2025-10,Organic,8,0.445
2025-10-18,2025-10,Affiliate,8,0.617
2025-10-18,2025-10,Affiliate,3,0.575
2025-10-18,2025-10,Meta,30,0.584
2025-10-18,2025-10,Google Ads,62,0.465
2025-10-18,2025-10,Affiliate,4,0.57
2025-10-18,2025-10,Email,6,0.42
2025-10-18,2025-10,Meta,16,0.54
2025-10-18,2025-10,Organic,3,0.398
2025-10-19,2025-10,Email,4,0.334
2025-10-19,2025-10,Organic,7,0.397
2025-10-19,2025-10,Email,5,0.444
2025-10-19,2025-10,Meta,22,0.616
2025-10-19,2025-10,Affiliate,12,0.657
2025-10-19,2025-10,Meta,35,0.533
2025-10-19,2025-10,Google Ads,98,0.484
2025-10-19,2025-10,Organic,10,0.348
2025-10-20,2025-10,Google Ads,39,0.452
2025-10-20,2025-10,Google Ads,37,0.474
2025-10-20,2025-10,Organic,5,0.35
2025-10-20,2025-10,Organic,6,0.363
2025-10-20,2025-10,Google Ads,46,0.429
2025-10-20,2025-10,Affiliate,7,0.667
2025-10-20,2025-10,Affiliate,4,0.678
2025-10-20,2025-10,Meta,62,0.529
2025-10-20,2025-10,Affiliate,4,0.644
2025-10-20,2025-10,Email,8,0.472
2025-10-21,2025-10,Meta,37,0.674
2025-10-21,2025-10,Google Ads,110,0.397
2025-10-21,2025-10,Organic,13,0.439
2025-10-21,2025-10,Email,9,0.557
2025-10-21,2025-10,Affiliate,16,0.63
2025-10-21,2025-10,Meta,26,0.631
2025-10-22,2025-10,Meta,26,0.685
2025-10-22,2025-10,Google Ads,27,0.386
2025-10-22,2025-10,Affiliate,6,0.657
2025-10-22,2025-10,Google Ads,27,0.495
2025-10-22,2025-10,Meta,32,0.586
2025-10-22,2025-10,Affiliate,7,0.675
2025-10-22,2025-10,Email,8,0.451
2025-10-22,2025-10,Email,10,0.544
2025-10-22,2025-10,Meta,26,0.555
2025-10-22,2025-10,Organic,7,0.335
2025-10-22,2025-10,Organic,10,0.509
2025-10-23,2025-10,Meta,26,0.538
2025-10-23,2025-10,Google Ads,81,0.458
2025-10-23,2025-10,Organic,11,0.397
2025-10-23,2025-10,Meta,29,0.519
2025-10-23,2025-10,Affiliate,18,0.607
2025-10-23,2025-10,Organic,12,0.44
2025-10-23,2025-10,Email,11,0.47
2025-10-23,2025-10,Affiliate,10,0.611
2025-10-24,2025-10,Organic,8,0.465
2025-10-24,2025-10,Google Ads,32,0.49
2025-10-24,2025-10,Email,20,0.422
2025-10-24,2025-10,Affiliate,12,0.608
2025-10-24,2025-10,Meta,37,0.632
2025-10-24,2025-10,Meta,41,0.515
2025-10-24,2025-10,Organic,5,0.404
2025-10-24,2025-10,Google Ads,27,0.455
2025-10-24,2025-10,Affiliate,11,0.678
2025-10-25,2025-10,Meta,36,0.601
2025-10-25,2025-10,Meta,24,0.578
2025-10-25,2025-10,Google Ads,28,0.495
2025-10-25,2025-10,Email,2,0.46
2025-10-25,2025-10,Organic,3,0.295
2025-10-25,2025-10,Email,7,0.37
2025-10-25,2025-10,Organic,6,0.458
2025-10-25,2025-10,Google Ads,32,0.444
2025-10-25,2025-10,Affiliate,5,0.641
2025-10-25,2025-10,Affiliate,6,0.663
2025-10-26,2025-10,Google Ads,38,0.536
2025-10-26,2025-10,Google Ads,40,0.368
2025-10-26,2025-10,Meta,102,0.512
2025-10-26,2025-10,Affiliate,9,0.656
2025-10-26,2025-10,Email,14,0.381
2025-10-26,2025-10,Organic,13,0.478
2025-10-26,2025-10,Affiliate,10,0.585
2025-10-27,2025-10,Affiliate,3,0.635
2025-10-27,2025-10,Google Ads,19,0.5
2025-10-27,2025-10,Affiliate,6,0.611
2025-10-27,2025-10,Email,7,0.4
2025-10-27,2025-10,Affiliate,10,0.611
2025-10-27,2025-10,Organic,11,0.402
2025-10-27,2025-10,Meta,33,0.57
2025-10-27,2025-10,Google Ads,20,0.512
2025-10-27,2025-10,Meta,36,0.614
2025-10-27,2025-10,Google Ads,14,0.482
2025-10-27,2025-10,Email,7,0.4
2025-10-28,2025-10,Affiliate,7,0.652
2025-10-28,2025-10,Meta,49,0.51
2025-10-28,2025-10,Email,5,0.469
2025-10-28,2025-10,Google Ads,46,0.4
2025-10-28,2025-10,Affiliate,10,0.612
2025-10-28,2025-10,Organic,9,0.418
2025-10-28,2025-10,Google Ads,49,0.512
2025-10-28,2025-10,Email,3,0.491
2025-10-28,2025-10,Email,4,0.42
2025-10-28,2025-10,Organic,5,0.44
2025-10-28,2025-10,Meta,53,0.519
2025-10-29,2025-10,Email,17,0.39
2025-10-29,2025-10,Meta,22,0.619
2025-10-29,2025-10,Organic,6,0.353
2025-10-29,2025-10,Meta,24,0.441
2025-10-29,2025-10,Google Ads,33,0.456
2025-10-29,2025-10,Affiliate,6,0.67
2025-10-29,2025-10,Affiliate,8,0.592
2025-10-29,2025-10,Google Ads,26,0.371
2025-10-29,2025-10,Affiliate,7,0.535
2025-10-29,2025-10,Google Ads,26,0.335
2025-10-29,2025-10,Organic,9,0.319
2025-10-29,2025-10,Meta,32,0.578
2025-10-30,2025-10,Meta,26,0.565
2025-10-30,2025-10,Affiliate,21,0.596
2025-10-30,2025-10,Organic,9,0.484
2025-10-30,2025-10,Email,13,0.444
2025-10-30,2025-10,Google Ads,73,0.502
2025-10-30,2025-10,Organic,5,0.342
2025-10-30,2025-10,Meta,28,0.594
2025-10-31,2025-10,Email,6,0.463
2025-10-31,2025-10,Meta,45,0.505
2025-10-31,2025-10,Organic,15,0.447
2025-10-31,2025-10,Affiliate,17,0.739
2025-10-31,2025-10,Google Ads,44,0.497
2025-10-31,2025-10,Email,5,0.5
2025-10-31,2025-10,Google Ads,53,0.436
2025-11-01,2025-11,Email,12,0.345
2025-11-01,2025-11,Meta,77,0.49
2025-11-01,2025-11,Google Ads,40,0.372
2025-11-01,2025-11,Affiliate,14,0.665
2025-11-01,2025-11,Google Ads,40,0.473
2025-11-01,2025-11,Affiliate,11,0.582
2025-11-01,2025-11,Email,11,0.515
2025-11-01,2025-11,Organic,19,0.383
2025-11-02,2025-11,Email,18,0.509
2025-11-02,2025-11,Organic,6,0.469
2025-11-02,2025-11,Meta,82,0.545
2025-11-02,2025-11,Organic,5,0.383
2025-11-02,2025-11,Google Ads,66,0.391
2025-11-02,2025-11,Affiliate,18,0.642
2025-11-02,2025-11,Google Ads,40,0.45
2025-11-03,2025-11,Email,9,0.44
2025-11-03,2025-11,Affiliate,18,0.576
2025-11-03,2025-11,Meta,48,0.545
2025-11-03,2025-11,Organic,27,0.485
2025-11-03,2025-11,Google Ads,44,0.515
2025-11-03,2025-11,Google Ads,68,0.485
2025-11-03,2025-11,Meta,50,0.533
2025-11-03,2025-11,Email,10,0.394
2025-11-03,2025-11,Email,5,0.431
2025-11-03,2025-11,Affiliate,9,0.589
2025-11-04,2025-11,Google Ads,61,0.439
2025-11-04,2025-11,Google Ads,66,0.429
2025-11-04,2025-11,Affiliate,24,0.57
2025-11-04,2025-11,Meta,88,0.608
2025-11-04,2025-11,Organic,4,0.373
2025-11-04,2025-11,Organic,7,0.351
2025-11-04,2025-11,Email,21,0.393
2025-11-05,2025-11,Organic,13,0.409
2025-11-05,2025-11,Email,6,0.436
2025-11-05,2025-11,Google Ads,42,0.534
2025-11-05,2025-11,Affiliate,26,0.588
2025-11-05,2025-11,Meta,70,0.643
2025-11-05,2025-11,Google Ads,42,0.447
2025-11-05,2025-11,Google Ads,41,0.423
2025-11-05,2025-11,Email,6,0.434
2025-11-05,2025-11,Email,7,0.341
2025-11-06,2025-11,Organic,5,0.46
2025-11-06,2025-11,Email,2,0.432
2025-11-06,2025-11,Meta,54,0.583
2025-11-06,2025-11,Google Ads,47,0.469
2025-11-06,2025-11,Affiliate,11,0.583
2025-11-06,2025-11,Email,2,0.402
2025-11-06,2025-11,Email,4,0.413
2025-11-06,2025-11,Meta,53,0.541
2025-11-06,2025-11,Organic,11,0.415
2025-11-06,2025-11,Google Ads,44,0.389
2025-11-06,2025-11,Organic,6,0.36
2025-11-06,2025-11,Affiliate,14,0.582
2025-11-07,2025-11,Meta,27,0.528
2025-11-07,2025-11,Affiliate,11,0.71
2025-11-07,2025-11,Email,8,0.465
2025-11-07,2025-11,Affiliate,10,0.662
2025-11-07,2025-11,Google Ads,98,0.414
2025-11-07,2025-11,Meta,27,0.633
2025-11-07,2025-11,Organic,11,0.466
2025-11-07,2025-11,Email,14,0.411
2025-11-07,2025-11,Organic,10,0.423
2025-11-08,2025-11,Email,9,0.522
2025-11-08,2025-11,Meta,56,0.562
2025-11-08,2025-11,Email,16,0.471
2025-11-08,2025-11,Google Ads,13,0.482
2025-11-08,2025-11,Google Ads,18,0.473
2025-11-08,2025-11,Meta,59,0.584
2025-11-08,2025-11,Organic,12,0.434
2025-11-08,2025-11,Affiliate,16,0.595
2025-11-08,2025-11,Google Ads,11,0.504
2025-11-09,2025-11,Google Ads,105,0.501
2025-11-09,2025-11,Meta,56,0.507
2025-11-09,2025-11,Affiliate,32,0.574
2025-11-09,2025-11,Email,5,0.528
2025-11-09,2025-11,Meta,56,0.599
2025-11-09,2025-11,Organic,18,0.382
2025-11-09,2025-11,Email,9,0.373
2025-11-10,2025-11,Google Ads,62,0.468
2025-11-10,2025-11,Organic,10,0.381
2025-11-10,2025-11,Affiliate,6,0.613
2025-11-10,2025-11,Affiliate,8,0.584
2025-11-10,2025-11,Affiliate,6,0.566
2025-11-10,2025-11,Organic,8,0.47
2025-11-10,2025-11,Google Ads,56,0.451
2025-11-10,2025-11,Email,11,0.471
2025-11-10,2025-11,Meta,38,0.537
2025-11-10,2025-11,Meta,48,0.507
2025-11-10,2025-11,Email,9,0.363
2025-11-11,2025-11,Affiliate,10,0.62
2025-11-11,2025-11,Email,6,0.533
2025-11-11,2025-11,Organic,6,0.429
2025-11-11,2025-11,Meta,29,0.578
2025-11-11,2025-11,Affiliate,6,0.573
2025-11-11,2025-11,Organic,7,0.383
2025-11-11,2025-11,Google Ads,49,0.457
2025-11-11,2025-11,Meta,52,0.665
2025-11-11,2025-11,Email,11,0.517
2025-11-11,2025-11,Affiliate,12,0.647
2025-11-11,2025-11,Organic,8,0.431
2025-11-11,2025-11,Meta,53,0.582
2025-11-11,2025-11,Email,9,0.371
2025-11-11,2025-11,Google Ads,49,0.38
2025-11-12,2025-11,Affiliate,20,0.594
2025-11-12,2025-11,Meta,53,0.602
2025-11-12,2025-11,Organic,12,0.383
2025-11-12,2025-11,Google Ads,35,0.409
2025-11-12,2025-11,Meta,62,0.548
2025-11-12,2025-11,Organic,10,0.402
2025-11-12,2025-11,Google Ads,36,0.46
2025-11-12,2025-11,Email,32,0.474
2025-11-13,2025-11,Organic,7,0.426
2025-11-13,2025-11,Google Ads,66,0.577
2025-11-13,2025-11,Meta,39,0.627
2025-11-13,2025-11,Organic,12,0.524
2025-11-13,2025-11,Email,6,0.404
2025-11-13,2025-11,Google Ads,48,0.384
2025-11-13,2025-11,Email,4,0.457
2025-11-13,2025-11,Affiliate,15,0.627
2025-11-13,2025-11,Email,3,0.37
2025-11-13,2025-11,Organic,8,0.378
2025-11-13,2025-11,Meta,58,0.515
2025-11-13,2025-11,Affiliate,15,0.548
2025-11-14,2025-11,Meta,40,0.511
2025-11-14,2025-11,Google Ads,33,0.482
2025-11-14,2025-11,Google Ads,33,0.464
2025-11-14,2025-11,Affiliate,13,0.58
2025-11-14,2025-11,Meta,49,0.508
2025-11-14,2025-11,Google Ads,29,0.472
2025-11-14,2025-11,Affiliate,10,0.697
2025-11-14,2025-11,Organic,18,0.409
2025-11-14,2025-11,Email,7,0.496
2025-11-14,2025-11,Email,6,0.35
2025-11-15,2025-11,Email,4,0.406
2025-11-15,2025-11,Google Ads,27,0.452
2025-11-15,2025-11,Google Ads,35,0.397
2025-11-15,2025-11,Organic,12,0.448
2025-11-15,2025-11,Google Ads,37,0.532
2025-11-15,2025-11,Affiliate,25,0.668
2025-11-15,2025-11,Email,7,0.428
2025-11-15,2025-11,Organic,3,0.54
2025-11-15,2025-11,Meta,69,0.503
2025-11-15,2025-11,Email,6,0.497
2025-11-16,2025-11,Google Ads,57,0.451
2025-11-16,2025-11,Organic,11,0.445
2025-11-16,2025-11,Meta,36,0.502
2025-11-16,2025-11,Google Ads,53,0.484
2025-11-16,2025-11,Meta,40,0.519
2025-11-16,2025-11,Affiliate,4,0.56
2025-11-16,2025-11,Email,7,0.46
2025-11-16,2025-11,Meta,38,0.634
2025-11-16,2025-11,Affiliate,14,0.695
2025-11-16,2025-11,Email,14,0.419
2025-11-17,2025-11,Affiliate,19,0.694
2025-11-17,2025-11,Google Ads,156,0.412
2025-11-17,2025-11,Organic,10,0.414
2025-11-17,2025-11,Organic,13,0.448
2025-11-17,2025-11,Meta,32,0.646
2025-11-17,2025-11,Affiliate,16,0.619
2025-11-17,2025-11,Meta,36,0.513
2025-11-17,2025-11,Meta,34,0.615
2025-11-17,2025-11,Email,18,0.411
2025-11-18,2025-11,Organic,21,0.39
2025-11-18,2025-11,Affiliate,27,0.645
2025-11-18,2025-11,Meta,48,0.605
2025-11-18,2025-11,Google Ads,36,0.629
2025-11-18,2025-11,Email,11,0.393
2025-11-18,2025-11,Google Ads,42,0.555
2025-11-18,2025-11,Email,18,0.506
2025-11-18,2025-11,Meta,42,0.548
2025-11-19,2025-11,Organic,6,0.386
2025-11-19,2025-11,Meta,48,0.603
2025-11-19,2025-11,Meta,50,0.595
2025-11-19,2025-11,Affiliate,11,0.687
2025-11-19,2025-11,Affiliate,8,0.63
2025-11-19,2025-11,Organic,7,0.345
2025-11-19,2025-11,Email,11,0.526
2025-11-19,2025-11,Email,12,0.46
2025-11-19,2025-11,Google Ads,100,0.423
2025-11-20,2025-11,Meta,29,0.676
2025-11-20,2025-11,Meta,35,0.521
2025-11-20,2025-11,Organic,36,0.342
2025-11-20,2025-11,Google Ads,63,0.407
2025-11-20,2025-11,Meta,30,0.561
2025-11-20,2025-11,Email,20,0.405
2025-11-20,2025-11,Affiliate,30,0.704
2025-11-21,2025-11,Google Ads,35,0.518
2025-11-21,2025-11,Google Ads,36,0.496
2025-11-21,2025-11,Meta,40,0.42
2025-11-21,2025-11,Email,9,0.493
2025-11-21,2025-11,Affiliate,22,0.591
2025-11-21,2025-11,Organic,6,0.419
2025-11-21,2025-11,Google Ads,28,0.491
2025-11-21,2025-11,Organic,5,0.415
2025-11-21,2025-11,Meta,45,0.646
2025-11-21,2025-11,Email,13,0.491
2025-11-22,2025-11,Organic,6,0.383
2025-11-22,2025-11,Email,18,0.444
2025-11-22,2025-11,Affiliate,7,0.703
2025-11-22,2025-11,Meta,78,0.535
2025-11-22,2025-11,Affiliate,10,0.63
2025-11-22,2025-11,Google Ads,98,0.369
2025-11-22,2025-11,Organic,11,0.516
2025-11-23,2025-11,Meta,39,0.518
2025-11-23,2025-11,Organic,5,0.39
2025-11-23,2025-11,Google Ads,66,0.429
2025-11-23,2025-11,Email,5,0.468
2025-11-23,2025-11,Email,2,0.508
2025-11-23,2025-11,Meta,35,0.503
2025-11-23,2025-11,Google Ads,67,0.44
2025-11-23,2025-11,Email,6,0.397
2025-11-23,2025-11,Affiliate,31,0.678
2025-11-23,2025-11,Organic,1,0.292
2025-11-23,2025-11,Organic,5,0.425
2025-11-24,2025-11,Organic,9,0.544
2025-11-24,2025-11,Affiliate,8,0.645
2025-11-24,2025-11,Meta,31,0.56
2025-11-24,2025-11,Google Ads,157,0.375
2025-11-24,2025-11,Affiliate,9,0.68
2025-11-24,2025-11,Meta,22,0.559
2025-11-24,2025-11,Meta,26,0.534
2025-11-24,2025-11,Email,10,0.392
2025-11-24,2025-11,Email,11,0.431
2025-11-24,2025-11,Affiliate,4,0.538
2025-11-25,2025-11,Google Ads,56,0.343
2025-11-25,2025-11,Organic,7,0.302
2025-11-25,2025-11,Organic,9,0.45
2025-11-25,2025-11,Affiliate,5,0.628
2025-11-25,2025-11,Meta,66,0.61
2025-11-25,2025-11,Google Ads,44,0.485
2025-11-25,2025-11,Affiliate,12,0.646
2025-11-25,2025-11,Organic,10,0.326
2025-11-25,2025-11,Email,9,0.465
2025-11-25,2025-11,Email,9,0.558
2025-11-25,2025-11,Affiliate,10,0.625
2025-11-25,2025-11,Email,10,0.611
2025-11-26,2025-11,Organic,7,0.399
2025-11-26,2025-11,Google Ads,31,0.489
2025-11-26,2025-11,Affiliate,15,0.713
2025-11-26,2025-11,Email,10,0.454
2025-11-26,2025-11,Google Ads,38,0.435
2025-11-26,2025-11,Meta,39,0.624
2025-11-26,2025-11,Meta,45,0.549
2025-11-26,2025-11,Email,17,0.386
2025-11-26,2025-11,Google Ads,33,0.511
2025-11-26,2025-11,Organic,7,0.487
2025-11-26,2025-11,Affiliate,15,0.59
2025-11-27,2025-11,Google Ads,97,0.604
2025-11-27,2025-11,Affiliate,10,0.578
2025-11-27,2025-11,Organic,10,0.419
2025-11-27,2025-11,Organic,8,0.423
2025-11-27,2025-11,Email,17,0.413
2025-11-27,2025-11,Meta,94,0.568
2025-11-27,2025-11,Affiliate,15,0.709
2025-11-28,2025-11,Organic,7,0.338
2025-11-28,2025-11,Organic,4,0.449
2025-11-28,2025-11,Google Ads,31,0.449
2025-11-28,2025-11,Meta,21,0.609
2025-11-28,2025-11,Meta,27,0.616
2025-11-28,2025-11,Affiliate,3,0.599
2025-11-28,2025-11,Email,19,0.352
2025-11-28,2025-11,Meta,20,0.603
2025-11-28,2025-11,Affiliate,7,0.577
2025-11-28,2025-11,Google Ads,15,0.416
2025-11-28,2025-11,Google Ads,21,0.513
2025-11-28,2025-11,Organic,5,0.435
2025-11-28,2025-11,Email,22,0.563
2025-11-29,2025-11,Organic,15,0.461
2025-11-29,2025-11,Meta,61,0.463
2025-11-29,2025-11,Google Ads,50,0.487
2025-11-29,2025-11,Affiliate,8,0.602
2025-11-29,2025-11,Email,17,0.515
2025-11-29,2025-11,Affiliate,13,0.602
2025-11-29,2025-11,Google Ads,48,0.405
2025-11-30,2025-11,Meta,60,0.6
2025-11-30,2025-11,Organic,9,0.334
2025-11-30,2025-11,Google Ads,60,0.483
2025-11-30,2025-11,Meta,74,0.601
2025-11-30,2025-11,Email,19,0.471
2025-11-30,2025-11,Affiliate,11,0.539
2025-11-30,2025-11,Organic,11,0.335
2025-11-30,2025-11,Affiliate,18,0.638
2025-11-30,2025-11,Google Ads,49,0.467
2025-12-01,2025-12,Google Ads,132,0.499
2025-12-01,2025-12,Organic,1,0.45
2025-12-01,2025-12,Organic,1,0.406
2025-12-01,2025-12,Email,3,0.538
2025-12-01,2025-12,Affiliate,20,0.681
2025-12-01,2025-12,Email,3,0.423
2025-12-01,2025-12,Email,3,0.365
2025-12-01,2025-12,Meta,52,0.551
2025-12-01,2025-12,Meta,56,0.533
2025-12-01,2025-12,Organic,3,0.388
2025-12-02,2025-12,Meta,37,0.52
2025-12-02,2025-12,Organic,12,0.32
2025-12-02,2025-12,Meta,40,0.588
2025-12-02,2025-12,Email,3,0.492
2025-12-02,2025-12,Affiliate,20,0.548
2025-12-02,2025-12,Google Ads,50,0.487
2025-12-02,2025-12,Organic,4,0.344
2025-12-02,2025-12,Google Ads,65,0.503
2025-12-02,2025-12,Email,8,0.422
2025-12-03,2025-12,Google Ads,68,0.496
2025-12-03,2025-12,Meta,48,0.525
2025-12-03,2025-12,Affiliate,10,0.601
2025-12-03,2025-12,Email,14,0.546
2025-12-03,2025-12,Meta,32,0.59
2025-12-03,2025-12,Organic,7,0.455
2025-12-03,2025-12,Affiliate,13,0.643
2025-12-03,2025-12,Google Ads,77,0.44
2025-12-04,2025-12,Affiliate,27,0.661
2025-12-04,2025-12,Google Ads,101,0.396
2025-12-04,2025-12,Email,2,0.362
2025-12-04,2025-12,Email,7,0.405
2025-12-04,2025-12,Organic,21,0.503
2025-12-04,2025-12,Meta,23,0.676
2025-12-04,2025-12,Meta,26,0.614
2025-12-05,2025-12,Google Ads,41,0.426
2025-12-05,2025-12,Affiliate,24,0.627
2025-12-05,2025-12,Organic,3,0.459
2025-12-05,2025-12,Email,6,0.489
2025-12-05,2025-12,Google Ads,46,0.462
2025-12-05,2025-12,Email,4,0.42
2025-12-05,2025-12,Organic,6,0.343
2025-12-05,2025-12,Meta,66,0.532
2025-12-06,2025-12,Organic,10,0.42
2025-12-06,2025-12,Affiliate,25,0.564
2025-12-06,2025-12,Google Ads,43,0.456
2025-12-06,2025-12,Google Ads,42,0.468
2025-12-06,2025-12,Email,13,0.398
2025-12-06,2025-12,Meta,84,0.454
2025-12-06,2025-12,Google Ads,36,0.459
2025-12-06,2025-12,Organic,7,0.315
2025-12-07,2025-12,Email,3,0.372
2025-12-07,2025-12,Meta,37,0.63
2025-12-07,2025-12,Meta,24,0.531
2025-12-07,2025-12,Email,3,0.386
2025-12-07,2025-12,Organic,11,0.356
2025-12-07,2025-12,Affiliate,41,0.652
2025-12-07,2025-12,Google Ads,171,0.46
2025-12-08,2025-12,Meta,59,0.511
2025-12-08,2025-12,Organic,22,0.389
2025-12-08,2025-12,Email,7,0.375
2025-12-08,2025-12,Affiliate,17,0.617
2025-12-08,2025-12,Affiliate,8,0.667
2025-12-08,2025-12,Email,12,0.427
2025-12-08,2025-12,Google Ads,46,0.526
2025-12-08,2025-12,Google Ads,38,0.53
2025-12-08,2025-12,Affiliate,7,0.591
2025-12-09,2025-12,Meta,61,0.558
2025-12-09,2025-12,Affiliate,14,0.628
2025-12-09,2025-12,Affiliate,13,0.662
2025-12-09,2025-12,Meta,49,0.588
2025-12-09,2025-12,Organic,14,0.428
2025-12-09,2025-12,Email,8,0.475
2025-12-09,2025-12,Affiliate,15,0.565
2025-12-09,2025-12,Google Ads,100,0.544
2025-12-09,2025-12,Email,13,0.44
2025-12-10,2025-12,Affiliate,24,0.619
2025-12-10,2025-12,Meta,34,0.515
2025-12-10,2025-12,Google Ads,31,0.479
2025-12-10,2025-12,Meta,38,0.55
2025-12-10,2025-12,Google Ads,38,0.401
2025-12-10,2025-12,Email,18,0.436
2025-12-10,2025-12,Organic,9,0.373
2025-12-10,2025-12,Organic,10,0.407
2025-12-10,2025-12,Google Ads,32,0.463
2025-12-11,2025-12,Google Ads,30,0.41
2025-12-11,2025-12,Organic,4,0.345
2025-12-11,2025-12,Affiliate,34,0.65
2025-12-11,2025-12,Meta,80,0.509
2025-12-11,2025-12,Organic,10,0.337
2025-12-11,2025-12,Organic,4,0.395
2025-12-11,2025-12,Email,8,0.464
2025-12-11,2025-12,Google Ads,37,0.531
2025-12-11,2025-12,Email,9,0.503
2025-12-12,2025-12,Organic,9,0.522
2025-12-12,2025-12,Email,7,0.497
2025-12-12,2025-12,Google Ads,48,0.453
2025-12-12,2025-12,Meta,44,0.617
2025-12-12,2025-12,Email,2,0.483
2025-12-12,2025-12,Google Ads,45,0.538
2025-12-12,2025-12,Meta,48,0.637
2025-12-12,2025-12,Affiliate,28,0.6
2025-12-13,2025-12,Affiliate,5,0.557
2025-12-13,2025-12,Google Ads,33,0.507
2025-12-13,2025-12,Google Ads,35,0.543
2025-12-13,2025-12,Organic,14,0.447
2025-12-13,2025-12,Email,7,0.406
2025-12-13,2025-12,Google Ads,38,0.538
2025-12-13,2025-12,Meta,52,0.5
2025-12-13,2025-12,Affiliate,5,0.602
2025-12-13,2025-12,Affiliate,6,0.662
2025-12-13,2025-12,Email,5,0.36
2025-12-14,2025-12,Google Ads,51,0.395
2025-12-14,2025-12,Email,20,0.399
2025-12-14,2025-12,Organic,7,0.438
2025-12-14,2025-12,Google Ads,51,0.47
2025-12-14,2025-12,Organic,9,0.395
2025-12-14,2025-12,Affiliate,23,0.589
2025-12-14,2025-12,Organic,5,0.438
2025-12-14,2025-12,Meta,47,0.519
2025-12-14,2025-12,Meta,44,0.547
2025-12-15,2025-12,Organic,6,0.365
2025-12-15,2025-12,Affiliate,7,0.634
2025-12-15,2025-12,Meta,25,0.649
2025-12-15,2025-12,Meta,22,0.613
2025-12-15,2025-12,Email,4,0.471
2025-12-15,2025-12,Organic,7,0.371
2025-12-15,2025-12,Email,4,0.39
2025-12-15,2025-12,Google Ads,50,0.518
2025-12-15,2025-12,Organic,3,0.443
2025-12-15,2025-12,Google Ads,58,0.484
2025-12-15,2025-12,Email,1,0.505
2025-12-15,2025-12,Meta,29,0.561
2025-12-15,2025-12,Affiliate,10,0.652
2025-12-16,2025-12,Meta,42,0.592
2025-12-16,2025-12,Affiliate,14,0.726
2025-12-16,2025-12,Affiliate,19,0.608
2025-12-16,2025-12,Email,27,0.522
2025-12-16,2025-12,Google Ads,65,0.399
2025-12-16,2025-12,Organic,9,0.488
2025-12-16,2025-12,Organic,6,0.348
2025-12-16,2025-12,Meta,39,0.653
2025-12-16,2025-12,Google Ads,64,0.443
2025-12-16,2025-12,Meta,36,0.606
2025-12-16,2025-12,Organic,8,0.405
2025-12-17,2025-12,Email,12,0.502
2025-12-17,2025-12,Affiliate,16,0.618
2025-12-17,2025-12,Email,12,0.34
2025-12-17,2025-12,Google Ads,70,0.51
2025-12-17,2025-12,Organic,8,0.398
2025-12-17,2025-12,Google Ads,53,0.297
2025-12-17,2025-12,Meta,44,0.638
2025-12-17,2025-12,Organic,5,0.362
2025-12-17,2025-12,Meta,43,0.596
2025-12-17,2025-12,Affiliate,6,0.72
2025-12-18,2025-12,Meta,54,0.581
2025-12-18,2025-12,Affiliate,19,0.648
2025-12-18,2025-12,Organic,5,0.396
2025-12-18,2025-12,Organic,4,0.476
2025-12-18,2025-12,Affiliate,12,0.571
2025-12-18,2025-12,Google Ads,56,0.443
2025-12-18,2025-12,Organic,5,0.398
2025-12-18,2025-12,Email,11,0.472
2025-12-18,2025-12,Google Ads,51,0.477
2025-12-19,2025-12,Meta,29,0.699
2025-12-19,2025-12,Email,6,0.448
2025-12-19,2025-12,Organic,4,0.434
2025-12-19,2025-12,Affiliate,19,0.587
2025-12-19,2025-12,Meta,38,0.609
2025-12-19,2025-12,Meta,37,0.682
2025-12-19,2025-12,Email,4,0.414
2025-12-19,2025-12,Organic,5,0.374
2025-12-19,2025-12,Google Ads,128,0.466
2025-12-20,2025-12,Email,12,0.423
2025-12-20,2025-12,Affiliate,7,0.603
2025-12-20,2025-12,Google Ads,31,0.479
2025-12-20,2025-12,Email,10,0.372
2025-12-20,2025-12,Google Ads,26,0.526
2025-12-20,2025-12,Meta,24,0.591
2025-12-20,2025-12,Meta,24,0.595
2025-12-20,2025-12,Affiliate,8,0.57
2025-12-20,2025-12,Organic,19,0.404
2025-12-20,2025-12,Affiliate,10,0.682
2025-12-20,2025-12,Meta,28,0.56
2025-12-20,2025-12,Google Ads,21,0.448
2025-12-21,2025-12,Organic,5,0.428
2025-12-21,2025-12,Google Ads,44,0.466
2025-12-21,2025-12,Email,11,0.47
2025-12-21,2025-12,Affiliate,24,0.651
2025-12-21,2025-12,Meta,40,0.568
2025-12-21,2025-12,Google Ads,53,0.525
2025-12-21,2025-12,Google Ads,44,0.391
2025-12-21,2025-12,Meta,40,0.595
2025-12-21,2025-12,Email,9,0.47
2025-12-21,2025-12,Organic,5,0.384
2025-12-21,2025-12,Affiliate,12,0.555
2025-12-22,2025-12,Meta,39,0.567
2025-12-22,2025-12,Organic,25,0.475
2025-12-22,2025-12,Meta,33,0.616
2025-12-22,2025-12,Affiliate,21,0.606
2025-12-22,2025-12,Affiliate,13,0.717
2025-12-22,2025-12,Google Ads,74,0.475
2025-12-22,2025-12,Email,12,0.346
2025-12-22,2025-12,Google Ads,70,0.422
2025-12-22,2025-12,Email,13,0.415
2025-12-23,2025-12,Email,8,0.477
2025-12-23,2025-12,Organic,12,0.457
2025-12-23,2025-12,Google Ads,57,0.441
2025-12-23,2025-12,Email,8,0.359
2025-12-23,2025-12,Organic,10,0.481
2025-12-23,2025-12,Affiliate,13,0.653
2025-12-23,2025-12,Email,6,0.369
2025-12-23,2025-12,Meta,64,0.596
2025-12-23,2025-12,Affiliate,21,0.788
2025-12-23,2025-12,Google Ads,43,0.493
2025-12-24,2025-12,Affiliate,4,0.627
2025-12-24,2025-12,Organic,6,0.328
2025-12-24,2025-12,Email,11,0.443
2025-12-24,2025-12,Affiliate,11,0.592
2025-12-24,2025-12,Meta,36,0.579
2025-12-24,2025-12,Google Ads,97,0.392
2025-12-24,2025-12,Organic,8,0.387
2025-12-24,2025-12,Email,7,0.502
2025-12-24,2025-12,Affiliate,8,0.641
2025-12-24,2025-12,Meta,46,0.599
2025-12-25,2025-12,Organic,18,0.278
2025-12-25,2025-12,Google Ads,140,0.467
2025-12-25,2025-12,Email,5,0.414
2025-12-25,2025-12,Meta,46,0.638
2025-12-25,2025-12,Affiliate,27,0.516
2025-12-25,2025-12,Email,9,0.37
2025-12-25,2025-12,Meta,32,0.578
2025-12-26,2025-12,Meta,28,0.675
2025-12-26,2025-12,Meta,22,0.618
2025-12-26,2025-12,Email,8,0.458
2025-12-26,2025-12,Affiliate,6,0.653
2025-12-26,2025-12,Email,14,0.467
2025-12-26,2025-12,Organic,6,0.446
2025-12-26,2025-12,Google Ads,107,0.387
2025-12-26,2025-12,Affiliate,12,0.649
2025-12-26,2025-12,Organic,3,0.381
2025-12-26,2025-12,Meta,25,0.583
2025-12-27,2025-12,Affiliate,5,0.551
2025-12-27,2025-12,Meta,36,0.522
2025-12-27,2025-12,Google Ads,100,0.384
2025-12-27,2025-12,Email,5,0.376
2025-12-27,2025-12,Affiliate,13,0.622
2025-12-27,2025-12,Affiliate,9,0.754
2025-12-27,2025-12,Meta,36,0.538
2025-12-27,2025-12,Organic,9,0.451
2025-12-27,2025-12,Email,9,0.391
2025-12-28,2025-12,Organic,6,0.487
2025-12-28,2025-12,Affiliate,12,0.588
2025-12-28,2025-12,Affiliate,15,0.59
2025-12-28,2025-12,Meta,37,0.569
2025-12-28,2025-12,Email,29,0.393
2025-12-28,2025-12,Organic,6,0.435
2025-12-28,2025-12,Google Ads,160,0.649
2025-12-28,2025-12,Meta,44,0.653
2025-12-29,2025-12,Google Ads,46,0.463
2025-12-29,2025-12,Email,3,0.502
2025-12-29,2025-12,Email,6,0.34
2025-12-29,2025-12,Affiliate,17,0.56
2025-12-29,2025-12,Organic,4,0.459
2025-12-29,2025-12,Email,3,0.387
2025-12-29,2025-12,Organic,3,0.375
2025-12-29,2025-12,Organic,6,0.449
2025-12-29,2025-12,Meta,97,0.547
2025-12-29,2025-12,Affiliate,9,0.656
2025-12-29,2025-12,Affiliate,9,0.548
2025-12-29,2025-12,Google Ads,49,0.47
2025-12-30,2025-12,Meta,98,0.611
2025-12-30,2025-12,Organic,5,0.357
2025-12-30,2025-12,Affiliate,11,0.642
2025-12-30,2025-12,Email,20,0.406
2025-12-30,2025-12,Google Ads,51,0.597
2025-12-30,2025-12,Organic,11,0.346
2025-12-30,2025-12,Google Ads,49,0.411
2025-12-30,2025-12,Affiliate,11,0.549
2025-12-31,2025-12,Google Ads,31,0.569
2025-12-31,2025-12,Google Ads,40,0.489
2025-12-31,2025-12,Email,27,0.415
2025-12-31,2025-12,Organic,9,0.361
2025-12-31,2025-12,Affiliate,14,0.676
2025-12-31,2025-12,Meta,106,0.467
2025-12-31,2025-12,Google Ads,23,0.406
2025-12-31,2025-12,Organic,10,0.361
2025-12-31,2025-12,Affiliate,10,0.622
2026-01-01,2026-01,Google Ads,69,0.392
2026-01-01,2026-01,Meta,79,0.554
2026-01-01,2026-01,Email,8,0.463
2026-01-01,2026-01,Organic,6,0.43
2026-01-01,2026-01,Affiliate,24,0.595
2026-01-02,2026-01,Affiliate,6,0.563
2026-01-02,2026-01,Affiliate,6,0.566
2026-01-02,2026-01,Meta,33,0.567
2026-01-02,2026-01,Email,3,0.438
2026-01-02,2026-01,Organic,3,0.283
2026-01-02,2026-01,Organic,8,0.375
2026-01-02,2026-01,Google Ads,67,0.356
2026-01-02,2026-01,Email,3,0.462
2026-01-02,2026-01,Meta,42,0.612
2026-01-02,2026-01,Email,1,0.462
2026-01-03,2026-01,Affiliate,5,0.683
2026-01-03,2026-01,Email,3,0.492
2026-01-03,2026-01,Meta,69,0.52
2026-01-03,2026-01,Affiliate,7,0.613
2026-01-03,2026-01,Email,2,0.455
2026-01-03,2026-01,Affiliate,7,0.678
2026-01-03,2026-01,Organic,10,0.404
2026-01-03,2026-01,Google Ads,65,0.457
2026-01-04,2026-01,Email,9,0.353
2026-01-04,2026-01,Affiliate,3,0.656
2026-01-04,2026-01,Affiliate,2,0.567
2026-01-04,2026-01,Google Ads,56,0.365
2026-01-04,2026-01,Organic,3,0.393
2026-01-04,2026-01,Meta,18,0.654
2026-01-04,2026-01,Affiliate,5,0.708
2026-01-04,2026-01,Meta,23,0.539
2026-01-05,2026-01,Affiliate,3,0.666
2026-01-05,2026-01,Google Ads,24,0.599
2026-01-05,2026-01,Google Ads,27,0.539
2026-01-05,2026-01,Affiliate,4,0.581
2026-01-05,2026-01,Meta,29,0.542
2026-01-05,2026-01,Meta,31,0.619
2026-01-05,2026-01,Organic,8,0.408
2026-01-05,2026-01,Google Ads,15,0.441
2026-01-05,2026-01,Email,11,0.488
2026-01-05,2026-01,Affiliate,4,0.582
2026-01-06,2026-01,Google Ads,30,0.465
2026-01-06,2026-01,Google Ads,28,0.449
2026-01-06,2026-01,Email,14,0.509
2026-01-06,2026-01,Meta,29,0.549
2026-01-06,2026-01,Affiliate,3,0.625
2026-01-06,2026-01,Organic,6,0.365
2026-01-06,2026-01,Meta,37,0.462
2026-01-06,2026-01,Affiliate,10,0.577
2026-01-06,2026-01,Organic,6,0.433
2026-01-07,2026-01,Google Ads,64,0.453
2026-01-07,2026-01,Email,13,0.373
2026-01-07,2026-01,Meta,20,0.559
2026-01-07,2026-01,Organic,5,0.389
2026-01-07,2026-01,Organic,10,0.49
2026-01-07,2026-01,Affiliate,23,0.562
2026-01-07,2026-01,Meta,12,0.51
2026-01-08,2026-01,Google Ads,32,0.427
2026-01-08,2026-01,Affiliate,7,0.607
2026-01-08,2026-01,Meta,18,0.616
2026-01-08,2026-01,Meta,16,0.628
2026-01-08,2026-01,Organic,11,0.41
2026-01-08,2026-01,Google Ads,27,0.46
2026-01-08,2026-01,Meta,14,0.55
2026-01-08,2026-01,Email,4,0.334
2026-01-08,2026-01,Affiliate,4,0.686
2026-01-09,2026-01,Meta,19,0.622
2026-01-09,2026-01,Google Ads,52,0.429
2026-01-09,2026-01,Organic,6,0.354
2026-01-09,2026-01,Meta,29,0.524
2026-01-09,2026-01,Meta,32,0.606
2026-01-09,2026-01,Affiliate,12,0.618
2026-01-10,2026-01,Meta,14,0.622
2026-01-10,2026-01,Organic,2,0.38
2026-01-10,2026-01,Meta,12,0.675
2026-01-10,2026-01,Google Ads,12,0.458
2026-01-10,2026-01,Organic,2,0.37
2026-01-10,2026-01,Email,2,0.352
2026-01-10,2026-01,Affiliate,21,0.574
2026-01-10,2026-01,Google Ads,27,0.448
2026-01-10,2026-01,Organic,1,0.341
2026-01-10,2026-01,Email,4,0.514
2026-01-10,2026-01,Meta,10,0.585
2026-01-11,2026-01,Affiliate,8,0.693
2026-01-11,2026-01,Email,4,0.456
2026-01-11,2026-01,Email,2,0.428
2026-01-11,2026-01,Google Ads,41,0.266
2026-01-11,2026-01,Email,3,0.509
2026-01-11,2026-01,Meta,21,0.568
2026-01-11,2026-01,Meta,24,0.644
2026-01-11,2026-01,Google Ads,31,0.398
2026-01-11,2026-01,Affiliate,4,0.644
2026-01-11,2026-01,Organic,14,0.485
2026-01-12,2026-01,Meta,33,0.501
2026-01-12,2026-01,Organic,4,0.358
2026-01-12,2026-01,Email,8,0.306
2026-01-12,2026-01,Meta,24,0.583
2026-01-12,2026-01,Google Ads,33,0.49
2026-01-12,2026-01,Organic,6,0.442
2026-01-12,2026-01,Google Ads,37,0.481
2026-01-12,2026-01,Affiliate,18,0.637
2026-01-13,2026-01,Email,13,0.474
2026-01-13,2026-01,Meta,16,0.561
2026-01-13,2026-01,Organic,1,0.335
2026-01-13,2026-01,Affiliate,12,0.75
2026-01-13,2026-01,Meta,21,0.496
2026-01-13,2026-01,Meta,19,0.539
2026-01-13,2026-01,Organic,6,0.375
2026-01-13,2026-01,Google Ads,29,0.38
2026-01-13,2026-01,Affiliate,12,0.584
2026-01-13,2026-01,Google Ads,26,0.471
2026-01-14,2026-01,Email,1,0.527
2026-01-14,2026-01,Email,4,0.345
2026-01-14,2026-01,Affiliate,4,0.675
2026-01-14,2026-01,Meta,26,0.566
2026-01-14,2026-01,Affiliate,11,0.554
2026-01-14,2026-01,Organic,1,0.414
2026-01-14,2026-01,Email,2,0.523
2026-01-14,2026-01,Meta,30,0.541
2026-01-14,2026-01,Affiliate,5,0.676
2026-01-14,2026-01,Google Ads,51,0.509
2026-01-14,2026-01,Organic,2,0.431
2026-01-15,2026-01,Google Ads,31,0.41
2026-01-15,2026-01,Meta,16,0.626
2026-01-15,2026-01,Email,2,0.347
2026-01-15,2026-01,Affiliate,3,0.656
2026-01-15,2026-01,Organic,5,0.551
2026-01-15,2026-01,Meta,27,0.59
2026-01-15,2026-01,Organic,4,0.446
2026-01-15,2026-01,Email,1,0.341
2026-01-15,2026-01,Google Ads,41,0.528
2026-01-15,2026-01,Organic,5,0.436
2026-01-15,2026-01,Affiliate,2,0.689
2026-01-15,2026-01,Affiliate,6,0.627
2026-01-16,2026-01,Organic,11,0.45
2026-01-16,2026-01,Google Ads,46,0.42
2026-01-16,2026-01,Meta,44,0.539
2026-01-16,2026-01,Email,11,0.399
2026-01-16,2026-01,Affiliate,17,0.621
2026-01-17,2026-01,Email,6,0.425
2026-01-17,2026-01,Organic,2,0.302
2026-01-17,2026-01,Meta,10,0.619
2026-01-17,2026-01,Affiliate,20,0.651
2026-01-17,2026-01,Email,1,0.458
2026-01-17,2026-01,Organic,4,0.453
2026-01-17,2026-01,Organic,1,0.304
2026-01-17,2026-01,Google Ads,40,0.523
2026-01-17,2026-01,Google Ads,40,0.518
2026-01-17,2026-01,Meta,13,0.547
2026-01-17,2026-01,Meta,18,0.527
2026-01-18,2026-01,Google Ads,43,0.461
2026-01-18,2026-01,Google Ads,31,0.422
2026-01-18,2026-01,Affiliate,25,0.635
2026-01-18,2026-01,Email,7,0.36
2026-01-18,2026-01,Meta,30,0.651
2026-01-18,2026-01,Meta,21,0.519
2026-01-18,2026-01,Email,5,0.319
2026-01-18,2026-01,Organic,8,0.437
2026-01-19,2026-01,Organic,3,0.326
2026-01-19,2026-01,Google Ads,34,0.546
2026-01-19,2026-01,Organic,3,0.398
2026-01-19,2026-01,Meta,26,0.631
2026-01-19,2026-01,Affiliate,14,0.618
2026-01-19,2026-01,Email,4,0.363
2026-01-19,2026-01,Organic,2,0.498
2026-01-19,2026-01,Meta,25,0.644
2026-01-19,2026-01,Google Ads,31,0.513
2026-01-19,2026-01,Affiliate,12,0.664
2026-01-19,2026-01,Email,6,0.415
2026-01-20,2026-01,Affiliate,7,0.585
2026-01-20,2026-01,Organic,2,0.324
2026-01-20,2026-01,Affiliate,12,0.56
2026-01-20,2026-01,Organic,3,0.392
2026-01-20,2026-01,Email,3,0.269
2026-01-20,2026-01,Email,2,0.417
2026-01-20,2026-01,Google Ads,20,0.533
2026-01-20,2026-01,Organic,2,0.457
2026-01-20,2026-01,Google Ads,10,0.389
2026-01-20,2026-01,Google Ads,20,0.519
2026-01-20,2026-01,Meta,58,0.543
2026-01-21,2026-01,Meta,27,0.532
2026-01-21,2026-01,Email,10,0.46
2026-01-21,2026-01,Meta,20,0.561
2026-01-21,2026-01,Affiliate,4,0.592
2026-01-21,2026-01,Meta,17,0.648
2026-01-21,2026-01,Organic,16,0.321
2026-01-21,2026-01,Google Ads,32,0.391
2026-01-21,2026-01,Affiliate,4,0.555
2026-01-21,2026-01,Google Ads,23,0.46
2026-01-21,2026-01,Affiliate,3,0.666
2026-01-22,2026-01,Meta,18,0.513
2026-01-22,2026-01,Affiliate,10,0.546
2026-01-22,2026-01,Affiliate,13,0.637
2026-01-22,2026-01,Organic,2,0.407
2026-01-22,2026-01,Meta,13,0.662
2026-01-22,2026-01,Email,5,0.342
2026-01-22,2026-01,Email,6,0.399
2026-01-22,2026-01,Organic,4,0.44
2026-01-22,2026-01,Google Ads,65,0.541
2026-01-22,2026-01,Organic,2,0.482
2026-01-23,2026-01,Google Ads,32,0.39
2026-01-23,2026-01,Affiliate,12,0.54
2026-01-23,2026-01,Meta,26,0.567
2026-01-23,2026-01,Email,3,0.42
2026-01-23,2026-01,Affiliate,6,0.619
2026-01-23,2026-01,Organic,3,0.445
2026-01-23,2026-01,Google Ads,23,0.45
2026-01-23,2026-01,Email,5,0.431
2026-01-23,2026-01,Organic,1,0.404
2026-01-23,2026-01,Meta,26,0.562
2026-01-24,2026-01,Meta,54,0.592
2026-01-24,2026-01,Email,5,0.561
2026-01-24,2026-01,Affiliate,4,0.655
2026-01-24,2026-01,Google Ads,45,0.381
2026-01-24,2026-01,Email,5,0.369
2026-01-24,2026-01,Affiliate,6,0.536
2026-01-24,2026-01,Organic,13,0.366
2026-01-25,2026-01,Affiliate,4,0.56
2026-01-25,2026-01,Google Ads,36,0.502
2026-01-25,2026-01,Organic,7,0.377
2026-01-25,2026-01,Email,1,0.391
2026-01-25,2026-01,Affiliate,7,0.704
2026-01-25,2026-01,Google Ads,30,0.398
2026-01-25,2026-01,Meta,36,0.688
2026-01-25,2026-01,Meta,27,0.594
2026-01-26,2026-01,Affiliate,18,0.613
2026-01-26,2026-01,Organic,7,0.407
2026-01-26,2026-01,Email,12,0.432
2026-01-26,2026-01,Organic,5,0.358
2026-01-26,2026-01,Google Ads,61,0.43
2026-01-26,2026-01,Organic,2,0.416
2026-01-26,2026-01,Meta,56,0.635
2026-01-27,2026-01,Meta,22,0.556
2026-01-27,2026-01,Affiliate,19,0.628
2026-01-27,2026-01,Organic,4,0.481
2026-01-27,2026-01,Meta,31,0.616
2026-01-27,2026-01,Organic,7,0.416
2026-01-27,2026-01,Google Ads,14,0.486
2026-01-27,2026-01,Google Ads,23,0.542
2026-01-27,2026-01,Email,9,0.49
2026-01-28,2026-01,Google Ads,21,0.482
2026-01-28,2026-01,Affiliate,3,0.631
2026-01-28,2026-01,Organic,4,0.432
2026-01-28,2026-01,Email,6,0.48
2026-01-28,2026-01,Google Ads,24,0.528
2026-01-28,2026-01,Affiliate,6,0.629
2026-01-28,2026-01,Email,3,0.445
2026-01-28,2026-01,Meta,13,0.639
2026-01-28,2026-01,Meta,27,0.59
2026-01-28,2026-01,Organic,3,0.37
2026-01-28,2026-01,Affiliate,2,0.603
2026-01-29,2026-01,Organic,4,0.387
2026-01-29,2026-01,Organic,5,0.417
2026-01-29,2026-01,Affiliate,2,0.636
2026-01-29,2026-01,Email,4,0.408
2026-01-29,2026-01,Meta,16,0.613
2026-01-29,2026-01,Meta,11,0.484
2026-01-29,2026-01,Meta,12,0.532
2026-01-29,2026-01,Organic,6,0.327
2026-01-29,2026-01,Google Ads,60,0.513
2026-01-29,2026-01,Affiliate,6,0.63
2026-01-29,2026-01,Affiliate,4,0.732
2026-01-29,2026-01,Email,4,0.454
2026-01-30,2026-01,Affiliate,3,0.571
2026-01-30,2026-01,Email,3,0.457
2026-01-30,2026-01,Meta,22,0.543
2026-01-30,2026-01,Organic,1,0.293
2026-01-30,2026-01,Google Ads,20,0.471
2026-01-30,2026-01,Organic,4,0.322
2026-01-30,2026-01,Email,5,0.371
2026-01-30,2026-01,Meta,30,0.55
2026-01-30,2026-01,Affiliate,6,0.6
2026-01-30,2026-01,Google Ads,17,0.474
2026-01-31,2026-01,Email,6,0.403
2026-01-31,2026-01,Google Ads,27,0.451
2026-01-31,2026-01,Meta,17,0.606
2026-01-31,2026-01,Email,3,0.345
2026-01-31,2026-01,Organic,10,0.457
2026-01-31,2026-01,Google Ads,27,0.403
2026-01-31,2026-01,Affiliate,7,0.712
2026-01-31,2026-01,Meta,18,0.447
2026-01-31,2026-01,Meta,16,0.597
2026-01-31,2026-01,Affiliate,3,0.685
2026-02-01,2026-02,Organic,9,0.427
2026-02-01,2026-02,Email,10,0.333
2026-02-01,2026-02,Google Ads,42,0.36
2026-02-01,2026-02,Organic,10,0.288
2026-02-01,2026-02,Email,11,0.46
2026-02-01,2026-02,Meta,37,0.577
2026-02-01,2026-02,Affiliate,17,0.686
2026-02-01,2026-02,Google Ads,28,0.49
2026-02-01,2026-02,Meta,41,0.499
2026-02-02,2026-02,Email,1,0.432
2026-02-02,2026-02,Organic,4,0.411
2026-02-02,2026-02,Meta,20,0.541
2026-02-02,2026-02,Google Ads,66,0.46
2026-02-02,2026-02,Meta,25,0.7
2026-02-02,2026-02,Meta,26,0.648
2026-02-02,2026-02,Affiliate,8,0.602
2026-02-02,2026-02,Affiliate,7,0.567
2026-02-02,2026-02,Email,6,0.389
2026-02-02,2026-02,Organic,4,0.444
2026-02-03,2026-02,Google Ads,78,0.455
2026-02-03,2026-02,Organic,7,0.423
2026-02-03,2026-02,Meta,28,0.612
2026-02-03,2026-02,Meta,33,0.513
2026-02-03,2026-02,Email,5,0.433
2026-02-03,2026-02,Affiliate,10,0.681
2026-02-03,2026-02,Organic,4,0.372
2026-02-03,2026-02,Affiliate,14,0.694
2026-02-04,2026-02,Organic,11,0.408
2026-02-04,2026-02,Email,7,0.445
2026-02-04,2026-02,Email,7,0.437
2026-02-04,2026-02,Meta,45,0.585
2026-02-04,2026-02,Google Ads,28,0.468
2026-02-04,2026-02,Google Ads,32,0.521
2026-02-04,2026-02,Affiliate,10,0.714
2026-02-04,2026-02,Meta,39,0.492
2026-02-04,2026-02,Google Ads,29,0.662
2026-02-05,2026-02,Google Ads,43,0.469
2026-02-05,2026-02,Email,5,0.491
2026-02-05,2026-02,Affiliate,14,0.602
2026-02-05,2026-02,Email,7,0.453
2026-02-05,2026-02,Organic,6,0.484
2026-02-05,2026-02,Affiliate,7,0.59
2026-02-05,2026-02,Meta,37,0.552
2026-02-05,2026-02,Organic,4,0.429
2026-02-05,2026-02,Google Ads,36,0.511
2026-02-06,2026-02,Google Ads,69,0.446
2026-02-06,2026-02,Email,1,0.408
2026-02-06,2026-02,Affiliate,7,0.683
2026-02-06,2026-02,Email,3,0.328
2026-02-06,2026-02,Affiliate,5,0.652
2026-02-06,2026-02,Meta,47,0.708
2026-02-06,2026-02,Organic,5,0.421
2026-02-06,2026-02,Organic,4,0.362
2026-02-07,2026-02,Email,5,0.39
2026-02-07,2026-02,Google Ads,82,0.478
2026-02-07,2026-02,Email,10,0.38
2026-02-07,2026-02,Organic,9,0.505
2026-02-07,2026-02,Meta,22,0.539
2026-02-07,2026-02,Organic,3,0.467
2026-02-07,2026-02,Affiliate,19,0.695
2026-02-07,2026-02,Meta,16,0.641
2026-02-08,2026-02,Affiliate,7,0.564
2026-02-08,2026-02,Google Ads,41,0.47
2026-02-08,2026-02,Organic,4,0.483
2026-02-08,2026-02,Meta,39,0.588
2026-02-08,2026-02,Meta,48,0.522
2026-02-08,2026-02,Affiliate,5,0.598
2026-02-08,2026-02,Google Ads,25,0.468
2026-02-08,2026-02,Email,19,0.461
2026-02-09,2026-02,Meta,23,0.572
2026-02-09,2026-02,Affiliate,7,0.661
2026-02-09,2026-02,Affiliate,11,0.558
2026-02-09,2026-02,Meta,43,0.677
2026-02-09,2026-02,Google Ads,53,0.6
2026-02-09,2026-02,Organic,7,0.349
2026-02-09,2026-02,Google Ads,40,0.519
2026-02-09,2026-02,Affiliate,5,0.688
2026-02-09,2026-02,Email,6,0.33
2026-02-09,2026-02,Email,8,0.392
2026-02-10,2026-02,Organic,6,0.44
2026-02-10,2026-02,Affiliate,16,0.527
2026-02-10,2026-02,Meta,17,0.583
2026-02-10,2026-02,Organic,6,0.508
2026-02-10,2026-02,Meta,13,0.573
2026-02-10,2026-02,Google Ads,50,0.485
2026-02-10,2026-02,Email,13,0.504
2026-02-10,2026-02,Meta,17,0.651
2026-02-10,2026-02,Organic,4,0.383
2026-02-11,2026-02,Organic,7,0.331
2026-02-11,2026-02,Google Ads,25,0.396
2026-02-11,2026-02,Affiliate,10,0.648
2026-02-11,2026-02,Meta,28,0.601
2026-02-11,2026-02,Google Ads,20,0.363
2026-02-11,2026-02,Organic,7,0.456
2026-02-11,2026-02,Meta,33,0.584
2026-02-11,2026-02,Affiliate,8,0.735
2026-02-11,2026-02,Email,11,0.438
2026-02-11,2026-02,Google Ads,29,0.45
2026-02-12,2026-02,Affiliate,4,0.522
2026-02-12,2026-02,Google Ads,98,0.414
2026-02-12,2026-02,Email,9,0.409
2026-02-12,2026-02,Meta,64,0.501
2026-02-12,2026-02,Organic,12,0.348
2026-02-12,2026-02,Organic,3,0.312
2026-02-12,2026-02,Affiliate,6,0.739
2026-02-13,2026-02,Email,8,0.337
2026-02-13,2026-02,Affiliate,11,0.608
2026-02-13,2026-02,Email,2,0.492
2026-02-13,2026-02,Google Ads,26,0.545
2026-02-13,2026-02,Meta,47,0.6
2026-02-13,2026-02,Google Ads,18,0.473
2026-02-13,2026-02,Google Ads,22,0.419
2026-02-13,2026-02,Organic,10,0.337
2026-02-13,2026-02,Email,3,0.411
2026-02-14,2026-02,Organic,4,0.39
2026-02-14,2026-02,Organic,1,0.416
2026-02-14,2026-02,Affiliate,5,0.645
2026-02-14,2026-02,Meta,26,0.649
2026-02-14,2026-02,Meta,30,0.684
2026-02-14,2026-02,Affiliate,6,0.69
2026-02-14,2026-02,Email,10,0.375
2026-02-14,2026-02,Google Ads,28,0.477
2026-02-14,2026-02,Google Ads,27,0.523
2026-02-15,2026-02,Meta,64,0.552
2026-02-15,2026-02,Affiliate,7,0.586
2026-02-15,2026-02,Affiliate,4,0.643
2026-02-15,2026-02,Affiliate,9,0.732
2026-02-15,2026-02,Google Ads,45,0.532
2026-02-15,2026-02,Organic,6,0.463
2026-02-15,2026-02,Email,12,0.538
2026-02-16,2026-02,Meta,27,0.523
2026-02-16,2026-02,Affiliate,9,0.676
2026-02-16,2026-02,Email,9,0.424
2026-02-16,2026-02,Google Ads,28,0.583
2026-02-16,2026-02,Affiliate,8,0.653
2026-02-16,2026-02,Meta,33,0.58
2026-02-16,2026-02,Organic,5,0.532
2026-02-16,2026-02,Google Ads,22,0.403
2026-02-16,2026-02,Google Ads,30,0.568
2026-02-16,2026-02,Organic,5,0.421
2026-02-17,2026-02,Email,2,0.371
2026-02-17,2026-02,Meta,35,0.547
2026-02-17,2026-02,Organic,9,0.504
2026-02-17,2026-02,Email,2,0.513
2026-02-17,2026-02,Meta,26,0.655
2026-02-17,2026-02,Email,8,0.451
2026-02-17,2026-02,Affiliate,24,0.629
2026-02-17,2026-02,Google Ads,84,0.433
2026-02-18,2026-02,Email,2,0.417
2026-02-18,2026-02,Google Ads,31,0.401
2026-02-18,2026-02,Meta,28,0.557
2026-02-18,2026-02,Organic,2,0.514
2026-02-18,2026-02,Meta,29,0.549
2026-02-18,2026-02,Organic,2,0.406
2026-02-18,2026-02,Google Ads,27,0.487
2026-02-18,2026-02,Email,6,0.484
2026-02-18,2026-02,Google Ads,33,0.559
2026-02-18,2026-02,Email,10,0.454
2026-02-18,2026-02,Affiliate,20,0.59
2026-02-18,2026-02,Organic,4,0.318
2026-02-19,2026-02,Affiliate,9,0.583
2026-02-19,2026-02,Organic,12,0.488
2026-02-19,2026-02,Meta,65,0.557
2026-02-19,2026-02,Google Ads,35,0.505
2026-02-19,2026-02,Google Ads,36,0.533
2026-02-19,2026-02,Email,6,0.422
2026-02-19,2026-02,Email,4,0.406
2026-02-20,2026-02,Email,11,0.44
2026-02-20,2026-02,Organic,6,0.38
2026-02-20,2026-02,Google Ads,35,0.424
2026-02-20,2026-02,Affiliate,12,0.634
2026-02-20,2026-02,Organic,6,0.439
2026-02-20,2026-02,Google Ads,41,0.372
2026-02-20,2026-02,Meta,63,0.503
2026-02-21,2026-02,Email,4,0.416
2026-02-21,2026-02,Meta,48,0.598
2026-02-21,2026-02,Email,1,0.453
2026-02-21,2026-02,Affiliate,18,0.582
2026-02-21,2026-02,Google Ads,20,0.502
2026-02-21,2026-02,Organic,2,0.485
2026-02-21,2026-02,Organic,1,0.491
2026-02-21,2026-02,Google Ads,25,0.468
2026-02-21,2026-02,Organic,2,0.408
2026-02-22,2026-02,Email,1,0.399
2026-02-22,2026-02,Affiliate,6,0.613
2026-02-22,2026-02,Google Ads,44,0.465
2026-02-22,2026-02,Google Ads,41,0.552
2026-02-22,2026-02,Affiliate,4,0.582
2026-02-22,2026-02,Organic,6,0.48
2026-02-22,2026-02,Organic,5,0.427
2026-02-22,2026-02,Email,5,0.423
2026-02-22,2026-02,Meta,27,0.682
2026-02-22,2026-02,Email,3,0.453
2026-02-22,2026-02,Meta,29,0.557
2026-02-23,2026-02,Google Ads,23,0.375
2026-02-23,2026-02,Affiliate,12,0.577
2026-02-23,2026-02,Organic,5,0.376
2026-02-23,2026-02,Organic,6,0.38
2026-02-23,2026-02,Meta,38,0.581
2026-02-23,2026-02,Google Ads,22,0.511
2026-02-23,2026-02,Email,10,0.449
2026-02-23,2026-02,Meta,24,0.671
2026-02-24,2026-02,Meta,23,0.533
2026-02-24,2026-02,Google Ads,35,0.457
2026-02-24,2026-02,Google Ads,44,0.547
2026-02-24,2026-02,Organic,10,0.43
2026-02-24,2026-02,Email,8,0.443
2026-02-24,2026-02,Email,6,0.453
2026-02-24,2026-02,Affiliate,15,0.566
2026-02-24,2026-02,Meta,23,0.534
2026-02-25,2026-02,Organic,10,0.459
2026-02-25,2026-02,Affiliate,10,0.605
2026-02-25,2026-02,Google Ads,94,0.418
2026-02-25,2026-02,Email,13,0.416
2026-02-25,2026-02,Affiliate,6,0.59
2026-02-25,2026-02,Meta,65,0.562
2026-02-26,2026-02,Google Ads,77,0.522
2026-02-26,2026-02,Meta,48,0.533
2026-02-26,2026-02,Organic,9,0.463
2026-02-26,2026-02,Affiliate,17,0.702
2026-02-26,2026-02,Email,10,0.375
2026-02-27,2026-02,Email,1,0.461
2026-02-27,2026-02,Affiliate,5,0.665
2026-02-27,2026-02,Google Ads,36,0.501
2026-02-27,2026-02,Email,2,0.512
2026-02-27,2026-02,Affiliate,9,0.536
2026-02-27,2026-02,Email,2,0.464
2026-02-27,2026-02,Organic,11,0.486
2026-02-27,2026-02,Google Ads,35,0.475
2026-02-27,2026-02,Meta,33,0.602
2026-02-28,2026-02,Organic,8,0.466
2026-02-28,2026-02,Affiliate,21,0.588
2026-02-28,2026-02,Email,9,0.446
2026-02-28,2026-02,Meta,22,0.615
2026-02-28,2026-02,Organic,3,0.312
2026-02-28,2026-02,Meta,19,0.56
2026-02-28,2026-02,Google Ads,70,0.461
2026-02-28,2026-02,Meta,30,0.478
2026-03-01,2026-03,Email,3,0.434
2026-03-01,2026-03,Organic,5,0.412
2026-03-01,2026-03,Email,8,0.481
2026-03-01,2026-03,Organic,11,0.531
2026-03-01,2026-03,Email,4,0.418
2026-03-01,2026-03,Google Ads,118,0.503
2026-03-01,2026-03,Affiliate,5,0.657
2026-03-01,2026-03,Affiliate,6,0.639
2026-03-01,2026-03,Meta,29,0.595
2026-03-01,2026-03,Meta,25,0.572
2026-03-02,2026-03,Google Ads,34,0.583
2026-03-02,2026-03,Organic,4,0.439
2026-03-02,2026-03,Google Ads,32,0.443
2026-03-02,2026-03,Affiliate,6,0.692
2026-03-02,2026-03,Email,7,0.546
2026-03-02,2026-03,Meta,51,0.659
2026-03-02,2026-03,Affiliate,2,0.641
2026-03-02,2026-03,Meta,40,0.521
2026-03-02,2026-03,Affiliate,3,0.64
2026-03-02,2026-03,Google Ads,31,0.476
2026-03-02,2026-03,Organic,4,0.421
2026-03-02,2026-03,Email,4,0.418
2026-03-02,2026-03,Organic,3,0.505
2026-03-03,2026-03,Google Ads,43,0.542
2026-03-03,2026-03,Organic,8,0.458
2026-03-03,2026-03,Meta,37,0.539
2026-03-03,2026-03,Meta,46,0.559
2026-03-03,2026-03,Google Ads,49,0.45
2026-03-03,2026-03,Affiliate,11,0.671
2026-03-03,2026-03,Affiliate,15,0.612
2026-03-03,2026-03,Email,4,0.493
2026-03-03,2026-03,Email,7,0.564
2026-03-03,2026-03,Organic,4,0.35
2026-03-03,2026-03,Google Ads,58,0.444
2026-03-04,2026-03,Google Ads,25,0.51
2026-03-04,2026-03,Organic,3,0.385
2026-03-04,2026-03,Meta,21,0.609
2026-03-04,2026-03,Email,5,0.399
2026-03-04,2026-03,Organic,4,0.483
2026-03-04,2026-03,Meta,34,0.412
2026-03-04,2026-03,Google Ads,28,0.482
2026-03-04,2026-03,Email,7,0.369
2026-03-04,2026-03,Affiliate,15,0.605
2026-03-05,2026-03,Google Ads,64,0.482
2026-03-05,2026-03,Google Ads,70,0.471
2026-03-05,2026-03,Meta,40,0.641
2026-03-05,2026-03,Meta,39,0.619
2026-03-05,2026-03,Affiliate,11,0.577
2026-03-05,2026-03,Organic,15,0.413
2026-03-05,2026-03,Email,9,0.449
2026-03-05,2026-03,Affiliate,10,0.605
2026-03-06,2026-03,Email,7,0.37
2026-03-06,2026-03,Meta,36,0.548
2026-03-06,2026-03,Organic,11,0.301
2026-03-06,2026-03,Meta,30,0.543
2026-03-06,2026-03,Email,6,0.369
2026-03-06,2026-03,Affiliate,2,0.813
2026-03-06,2026-03,Google Ads,31,0.553
2026-03-06,2026-03,Google Ads,38,0.595
2026-03-06,2026-03,Affiliate,2,0.633
2026-03-07,2026-03,Affiliate,2,0.56
2026-03-07,2026-03,Meta,34,0.644
2026-03-07,2026-03,Email,1,0.468
2026-03-07,2026-03,Organic,5,0.403
2026-03-07,2026-03,Google Ads,31,0.48
2026-03-07,2026-03,Meta,35,0.542
2026-03-07,2026-03,Affiliate,7,0.598
2026-03-07,2026-03,Email,2,0.32
2026-03-07,2026-03,Affiliate,3,0.648
2026-03-07,2026-03,Email,3,0.455
2026-03-07,2026-03,Google Ads,44,0.475
2026-03-08,2026-03,Google Ads,79,0.468
2026-03-08,2026-03,Email,10,0.411
2026-03-08,2026-03,Meta,19,0.541
2026-03-08,2026-03,Affiliate,9,0.673
2026-03-08,2026-03,Meta,16,0.545
2026-03-08,2026-03,Organic,3,0.367
2026-03-08,2026-03,Affiliate,14,0.634
2026-03-08,2026-03,Meta,16,0.589
2026-03-08,2026-03,Organic,3,0.404
2026-03-09,2026-03,Meta,42,0.54
2026-03-09,2026-03,Email,7,0.337
2026-03-09,2026-03,Meta,44,0.694
2026-03-09,2026-03,Google Ads,82,0.413
2026-03-09,2026-03,Organic,17,0.311
2026-03-09,2026-03,Affiliate,3,0.558
2026-03-09,2026-03,Affiliate,8,0.642
2026-03-10,2026-03,Meta,29,0.536
2026-03-10,2026-03,Email,10,0.464
2026-03-10,2026-03,Affiliate,15,0.792
2026-03-10,2026-03,Google Ads,78,0.511
2026-03-10,2026-03,Affiliate,6,0.597
2026-03-10,2026-03,Email,8,0.515
2026-03-10,2026-03,Organic,3,0.335
2026-03-10,2026-03,Meta,35,0.645
2026-03-10,2026-03,Organic,7,0.356
2026-03-11,2026-03,Google Ads,33,0.407
2026-03-11,2026-03,Email,5,0.468
2026-03-11,2026-03,Affiliate,6,0.71
2026-03-11,2026-03,Affiliate,14,0.559
2026-03-11,2026-03,Organic,7,0.396
2026-03-11,2026-03,Google Ads,28,0.476
2026-03-11,2026-03,Email,3,0.457
2026-03-11,2026-03,Meta,41,0.605
2026-03-11,2026-03,Meta,38,0.669
2026-03-11,2026-03,Email,2,0.468
2026-03-12,2026-03,Organic,12,0.407
2026-03-12,2026-03,Affiliate,17,0.628
2026-03-12,2026-03,Email,4,0.448
2026-03-12,2026-03,Meta,88,0.593
2026-03-12,2026-03,Google Ads,29,0.55
2026-03-12,2026-03,Google Ads,37,0.568
2026-03-12,2026-03,Email,5,0.388
2026-03-12,2026-03,Google Ads,33,0.532
2026-03-13,2026-03,Organic,7,0.411
2026-03-13,2026-03,Email,9,0.45
2026-03-13,2026-03,Google Ads,50,0.49
2026-03-13,2026-03,Affiliate,8,0.606
2026-03-13,2026-03,Organic,3,0.496
2026-03-13,2026-03,Affiliate,3,0.648
2026-03-13,2026-03,Google Ads,45,0.461
2026-03-13,2026-03,Affiliate,7,0.638
2026-03-13,2026-03,Meta,31,0.589
2026-03-13,2026-03,Meta,26,0.558
2026-03-14,2026-03,Affiliate,9,0.651
2026-03-14,2026-03,Google Ads,18,0.421
2026-03-14,2026-03,Organic,10,0.419
2026-03-14,2026-03,Affiliate,7,0.727
2026-03-14,2026-03,Email,1,0.309
2026-03-14,2026-03,Google Ads,15,0.481
2026-03-14,2026-03,Email,3,0.448
2026-03-14,2026-03,Email,5,0.352
2026-03-14,2026-03,Meta,80,0.643
2026-03-14,2026-03,Affiliate,6,0.572
2026-03-14,2026-03,Google Ads,13,0.497
2026-03-15,2026-03,Google Ads,29,0.435
2026-03-15,2026-03,Meta,41,0.678
2026-03-15,2026-03,Meta,40,0.496
2026-03-15,2026-03,Affiliate,14,0.531
2026-03-15,2026-03,Google Ads,33,0.464
2026-03-15,2026-03,Organic,7,0.373
2026-03-15,2026-03,Email,10,0.417
2026-03-15,2026-03,Google Ads,48,0.496
2026-03-16,2026-03,Google Ads,43,0.45
2026-03-16,2026-03,Meta,31,0.573
2026-03-16,2026-03,Meta,28,0.565
2026-03-16,2026-03,Organic,10,0.388
2026-03-16,2026-03,Email,2,0.485
2026-03-16,2026-03,Affiliate,14,0.597
2026-03-16,2026-03,Google Ads,34,0.441
2026-03-16,2026-03,Google Ads,59,0.503
2026-03-16,2026-03,Email,4,0.445
2026-03-17,2026-03,Affiliate,5,0.663
2026-03-17,2026-03,Email,7,0.418
2026-03-17,2026-03,Affiliate,4,0.577
2026-03-17,2026-03,Google Ads,35,0.61
2026-03-17,2026-03,Email,7,0.464
2026-03-17,2026-03,Affiliate,4,0.603
2026-03-17,2026-03,Meta,27,0.492
2026-03-17,2026-03,Google Ads,30,0.407
2026-03-17,2026-03,Organic,13,0.415
2026-03-17,2026-03,Meta,23,0.618
2026-03-18,2026-03,Email,4,0.485
2026-03-18,2026-03,Email,5,0.411
2026-03-18,2026-03,Organic,4,0.358
2026-03-18,2026-03,Affiliate,14,0.702
2026-03-18,2026-03,Meta,35,0.62
2026-03-18,2026-03,Meta,24,0.541
2026-03-18,2026-03,Google Ads,44,0.419
2026-03-18,2026-03,Google Ads,43,0.543
2026-03-18,2026-03,Meta,25,0.552
2026-03-19,2026-03,Affiliate,4,0.64
2026-03-19,2026-03,Organic,7,0.421
2026-03-19,2026-03,Email,7,0.402
2026-03-19,2026-03,Google Ads,94,0.415
2026-03-19,2026-03,Affiliate,6,0.645
2026-03-19,2026-03,Meta,72,0.508
2026-03-19,2026-03,Affiliate,4,0.662
2026-03-19,2026-03,Organic,3,0.47
2026-03-20,2026-03,Email,4,0.439
2026-03-20,2026-03,Google Ads,21,0.472
2026-03-20,2026-03,Organic,5,0.331
2026-03-20,2026-03,Affiliate,11,0.647
2026-03-20,2026-03,Google Ads,26,0.462
2026-03-20,2026-03,Organic,4,0.374
2026-03-20,2026-03,Email,1,0.446
2026-03-20,2026-03,Email,3,0.482
2026-03-20,2026-03,Google Ads,28,0.422
2026-03-20,2026-03,Affiliate,18,0.624
2026-03-20,2026-03,Meta,79,0.596
2026-03-21,2026-03,Organic,4,0.404
2026-03-21,2026-03,Affiliate,9,0.572
2026-03-21,2026-03,Organic,2,0.399
2026-03-21,2026-03,Organic,3,0.375
2026-03-21,2026-03,Meta,26,0.582
2026-03-21,2026-03,Email,3,0.377
2026-03-21,2026-03,Google Ads,39,0.481
2026-03-21,2026-03,Google Ads,34,0.553
2026-03-21,2026-03,Affiliate,3,0.643
2026-03-21,2026-03,Meta,30,0.638
2026-03-22,2026-03,Organic,9,0.377
2026-03-22,2026-03,Email,14,0.383
2026-03-22,2026-03,Meta,73,0.59
2026-03-22,2026-03,Google Ads,34,0.432
2026-03-22,2026-03,Email,9,0.402
2026-03-22,2026-03,Affiliate,17,0.661
2026-03-22,2026-03,Google Ads,44,0.363
2026-03-23,2026-03,Email,4,0.392
2026-03-23,2026-03,Google Ads,49,0.413
2026-03-23,2026-03,Google Ads,52,0.465
2026-03-23,2026-03,Email,5,0.484
2026-03-23,2026-03,Organic,5,0.422
2026-03-23,2026-03,Affiliate,14,0.638
2026-03-23,2026-03,Meta,83,0.618
2026-03-23,2026-03,Organic,6,0.44
2026-03-24,2026-03,Google Ads,29,0.445
2026-03-24,2026-03,Organic,11,0.417
2026-03-24,2026-03,Affiliate,8,0.582
2026-03-24,2026-03,Email,5,0.424
2026-03-24,2026-03,Google Ads,36,0.513
2026-03-24,2026-03,Email,3,0.519
2026-03-24,2026-03,Google Ads,20,0.504
2026-03-24,2026-03,Affiliate,15,0.602
2026-03-24,2026-03,Meta,66,0.721
2026-03-25,2026-03,Email,2,0.439
2026-03-25,2026-03,Meta,35,0.616
2026-03-25,2026-03,Meta,27,0.55
2026-03-25,2026-03,Google Ads,33,0.512
2026-03-25,2026-03,Email,5,0.482
2026-03-25,2026-03,Organic,8,0.306
2026-03-25,2026-03,Affiliate,7,0.662
2026-03-25,2026-03,Affiliate,9,0.562
2026-03-25,2026-03,Google Ads,43,0.583
2026-03-25,2026-03,Meta,28,0.555
2026-03-25,2026-03,Organic,5,0.365
2026-03-26,2026-03,Meta,21,0.583
2026-03-26,2026-03,Affiliate,14,0.531
2026-03-26,2026-03,Meta,32,0.618
2026-03-26,2026-03,Google Ads,48,0.45
2026-03-26,2026-03,Email,6,0.513
2026-03-26,2026-03,Google Ads,44,0.446
2026-03-26,2026-03,Organic,5,0.362
2026-03-26,2026-03,Organic,5,0.491
2026-03-26,2026-03,Organic,4,0.413
2026-03-26,2026-03,Email,2,0.471
2026-03-27,2026-03,Google Ads,37,0.499
2026-03-27,2026-03,Affiliate,6,0.669
2026-03-27,2026-03,Meta,64,0.593
2026-03-27,2026-03,Affiliate,5,0.53
2026-03-27,2026-03,Affiliate,7,0.622
2026-03-27,2026-03,Organic,10,0.421
2026-03-27,2026-03,Email,4,0.362
2026-03-27,2026-03,Organic,3,0.349
2026-03-27,2026-03,Google Ads,37,0.52
2026-03-28,2026-03,Affiliate,4,0.678
2026-03-28,2026-03,Organic,3,0.449
2026-03-28,2026-03,Email,9,0.476
2026-03-28,2026-03,Meta,95,0.627
2026-03-28,2026-03,Google Ads,62,0.466
2026-03-28,2026-03,Affiliate,8,0.68
2026-03-28,2026-03,Organic,2,0.442
2026-03-29,2026-03,Affiliate,5,0.619
2026-03-29,2026-03,Meta,38,0.486
2026-03-29,2026-03,Affiliate,7,0.559
2026-03-29,2026-03,Organic,13,0.433
2026-03-29,2026-03,Meta,40,0.63
2026-03-29,2026-03,Email,8,0.476
2026-03-29,2026-03,Email,4,0.475
2026-03-29,2026-03,Google Ads,37,0.466
2026-03-29,2026-03,Google Ads,53,0.507
2026-03-30,2026-03,Organic,2,0.425
2026-03-30,2026-03,Affiliate,4,0.597
2026-03-30,2026-03,Organic,4,0.369
2026-03-30,2026-03,Email,5,0.456
2026-03-30,2026-03,Organic,8,0.347
2026-03-30,2026-03,Meta,81,0.584
2026-03-30,2026-03,Email,4,0.493
2026-03-30,2026-03,Email,4,0.492
2026-03-30,2026-03,Affiliate,6,0.661
2026-03-30,2026-03,Affiliate,3,0.678
2026-03-30,2026-03,Google Ads,72,0.442
2026-03-31,2026-03,Organic,4,0.402
2026-03-31,2026-03,Affiliate,7,0.649
2026-03-31,2026-03,Email,9,0.472
2026-03-31,2026-03,Meta,22,0.537
2026-03-31,2026-03,Meta,26,0.566
2026-03-31,2026-03,Affiliate,5,0.598
2026-03-31,2026-03,Organic,3,0.396
2026-03-31,2026-03,Email,6,0.448
2026-03-31,2026-03,Google Ads,108,0.449
2026-03-31,2026-03,Affiliate,7,0.563
2026-04-01,2026-04,Meta,50,0.558
2026-04-01,2026-04,Affiliate,11,0.647
2026-04-01,2026-04,Organic,9,0.542
2026-04-01,2026-04,Meta,34,0.564
2026-04-01,2026-04,Google Ads,36,0.466
2026-04-01,2026-04,Email,6,0.429
2026-04-01,2026-04,Google Ads,38,0.495
2026-04-01,2026-04,Email,7,0.537
2026-04-02,2026-04,Google Ads,21,0.44
2026-04-02,2026-04,Email,11,0.507
2026-04-02,2026-04,Affiliate,8,0.709
2026-04-02,2026-04,Affiliate,11,0.559
2026-04-02,2026-04,Meta,78,0.712
2026-04-02,2026-04,Google Ads,22,0.4
2026-04-02,2026-04,Organic,14,0.429
2026-04-03,2026-04,Email,16,0.454
2026-04-03,2026-04,Affiliate,11,0.721
2026-04-03,2026-04,Google Ads,35,0.376
2026-04-03,2026-04,Meta,52,0.54
2026-04-03,2026-04,Affiliate,10,0.557
2026-04-03,2026-04,Meta,36,0.578
2026-04-03,2026-04,Organic,8,0.507
2026-04-03,2026-04,Google Ads,48,0.388
2026-04-04,2026-04,Organic,10,0.439
2026-04-04,2026-04,Email,8,0.505
2026-04-04,2026-04,Email,8,0.459
2026-04-04,2026-04,Affiliate,6,0.62
2026-04-04,2026-04,Meta,21,0.49
2026-04-04,2026-04,Affiliate,7,0.695
2026-04-04,2026-04,Meta,32,0.566
2026-04-04,2026-04,Meta,20,0.609
2026-04-04,2026-04,Affiliate,5,0.609
2026-04-04,2026-04,Google Ads,64,0.38
2026-04-05,2026-04,Affiliate,6,0.596
2026-04-05,2026-04,Affiliate,5,0.615
2026-04-05,2026-04,Organic,8,0.415
2026-04-05,2026-04,Google Ads,34,0.456
2026-04-05,2026-04,Meta,34,0.666
2026-04-05,2026-04,Google Ads,37,0.408
2026-04-05,2026-04,Email,10,0.553
2026-04-05,2026-04,Affiliate,7,0.633
2026-04-05,2026-04,Meta,29,0.523
2026-04-05,2026-04,Meta,38,0.557
2026-04-06,2026-04,Email,11,0.427
2026-04-06,2026-04,Meta,79,0.649
2026-04-06,2026-04,Organic,2,0.477
2026-04-06,2026-04,Google Ads,43,0.509
2026-04-06,2026-04,Google Ads,49,0.489
2026-04-06,2026-04,Affiliate,30,0.649
2026-04-06,2026-04,Email,9,0.472
2026-04-06,2026-04,Organic,4,0.371
2026-04-06,2026-04,Organic,2,0.356
2026-04-07,2026-04,Meta,88,0.643
2026-04-07,2026-04,Affiliate,7,0.607
2026-04-07,2026-04,Google Ads,27,0.351
2026-04-07,2026-04,Email,7,0.45
2026-04-07,2026-04,Affiliate,10,0.761
2026-04-07,2026-04,Organic,14,0.418
2026-04-07,2026-04,Google Ads,15,0.434
2026-04-07,2026-04,Google Ads,32,0.41
2026-04-08,2026-04,Organic,17,0.45
2026-04-08,2026-04,Email,21,0.394
2026-04-08,2026-04,Affiliate,8,0.669
2026-04-08,2026-04,Affiliate,9,0.646
2026-04-08,2026-04,Meta,35,0.677
2026-04-08,2026-04,Google Ads,35,0.6
2026-04-08,2026-04,Meta,33,0.639
2026-04-08,2026-04,Google Ads,42,0.616
2026-04-09,2026-04,Affiliate,19,0.589
2026-04-09,2026-04,Meta,42,0.573
2026-04-09,2026-04,Email,22,0.388
2026-04-09,2026-04,Google Ads,37,0.466
2026-04-09,2026-04,Meta,53,0.645
2026-04-09,2026-04,Google Ads,44,0.525
2026-04-09,2026-04,Organic,3,0.407
2026-04-10,2026-04,Meta,29,0.565
2026-04-10,2026-04,Email,8,0.452
2026-04-10,2026-04,Google Ads,55,0.577
2026-04-10,2026-04,Meta,18,0.512
2026-04-10,2026-04,Meta,22,0.627
2026-04-10,2026-04,Affiliate,3,0.621
2026-04-10,2026-04,Organic,8,0.379
2026-04-10,2026-04,Affiliate,6,0.658
2026-04-10,2026-04,Google Ads,40,0.532
2026-04-10,2026-04,Email,8,0.532
2026-04-10,2026-04,Affiliate,2,0.66
2026-04-11,2026-04,Meta,68,0.612
2026-04-11,2026-04,Google Ads,94,0.484
2026-04-11,2026-04,Email,9,0.483
2026-04-11,2026-04,Affiliate,23,0.651
2026-04-11,2026-04,Organic,6,0.354
2026-04-11,2026-04,Email,4,0.465
2026-04-12,2026-04,Meta,29,0.563
2026-04-12,2026-04,Affiliate,6,0.665
2026-04-12,2026-04,Google Ads,59,0.566
2026-04-12,2026-04,Affiliate,7,0.692
2026-04-12,2026-04,Meta,24,0.619
2026-04-12,2026-04,Meta,20,0.61
2026-04-12,2026-04,Email,11,0.542
2026-04-12,2026-04,Organic,4,0.305
2026-04-12,2026-04,Organic,4,0.443
2026-04-13,2026-04,Organic,20,0.365
2026-04-13,2026-04,Email,6,0.546
2026-04-13,2026-04,Meta,39,0.494
2026-04-13,2026-04,Email,8,0.263
2026-04-13,2026-04,Meta,36,0.54
2026-04-13,2026-04,Google Ads,98,0.485
2026-04-13,2026-04,Affiliate,23,0.684
2026-04-14,2026-04,Google Ads,65,0.465
2026-04-14,2026-04,Meta,29,0.558
2026-04-14,2026-04,Affiliate,19,0.609
2026-04-14,2026-04,Meta,31,0.581
2026-04-14,2026-04,Email,15,0.433
2026-04-14,2026-04,Meta,20,0.526
2026-04-14,2026-04,Organic,4,0.433
2026-04-14,2026-04,Organic,3,0.417
2026-04-15,2026-04,Email,2,0.382
2026-04-15,2026-04,Email,4,0.471
2026-04-15,2026-04,Meta,36,0.602
2026-04-15,2026-04,Meta,43,0.561
2026-04-15,2026-04,Email,6,0.453
2026-04-15,2026-04,Organic,2,0.462
2026-04-15,2026-04,Organic,1,0.475
2026-04-15,2026-04,Affiliate,7,0.567
2026-04-15,2026-04,Affiliate,8,0.633
2026-04-15,2026-04,Google Ads,38,0.48
2026-04-15,2026-04,Organic,5,0.443
2026-04-15,2026-04,Google Ads,38,0.473
2026-04-15,2026-04,Affiliate,4,0.645
2026-04-16,2026-04,Affiliate,6,0.609
2026-04-16,2026-04,Organic,3,0.461
2026-04-16,2026-04,Organic,6,0.454
2026-04-16,2026-04,Google Ads,21,0.433
2026-04-16,2026-04,Email,3,0.432
2026-04-16,2026-04,Meta,25,0.54
2026-04-16,2026-04,Email,7,0.413
2026-04-16,2026-04,Affiliate,6,0.613
2026-04-16,2026-04,Google Ads,18,0.428
2026-04-16,2026-04,Google Ads,20,0.383
2026-04-16,2026-04,Meta,36,0.515
2026-04-16,2026-04,Affiliate,5,0.667
2026-04-17,2026-04,Email,3,0.444
2026-04-17,2026-04,Google Ads,98,0.433
2026-04-17,2026-04,Organic,10,0.378
2026-04-17,2026-04,Affiliate,18,0.579
2026-04-17,2026-04,Email,5,0.415
2026-04-17,2026-04,Affiliate,10,0.653
2026-04-17,2026-04,Organic,8,0.326
2026-04-17,2026-04,Meta,32,0.596
2026-04-17,2026-04,Meta,32,0.626
2026-04-18,2026-04,Affiliate,6,0.72
2026-04-18,2026-04,Email,13,0.574
2026-04-18,2026-04,Meta,42,0.493
2026-04-18,2026-04,Organic,6,0.405
2026-04-18,2026-04,Affiliate,8,0.643
2026-04-18,2026-04,Google Ads,79,0.368
2026-04-18,2026-04,Meta,32,0.581
2026-04-18,2026-04,Organic,9,0.443
2026-04-19,2026-04,Meta,35,0.47
2026-04-19,2026-04,Affiliate,7,0.579
2026-04-19,2026-04,Google Ads,61,0.568
2026-04-19,2026-04,Email,5,0.427
2026-04-19,2026-04,Affiliate,9,0.747
2026-04-19,2026-04,Email,5,0.441
2026-04-19,2026-04,Meta,31,0.53
2026-04-19,2026-04,Google Ads,57,0.508
2026-04-19,2026-04,Organic,8,0.399
2026-04-20,2026-04,Organic,6,0.383
2026-04-20,2026-04,Affiliate,13,0.678
2026-04-20,2026-04,Meta,31,0.604
2026-04-20,2026-04,Email,7,0.391
2026-04-20,2026-04,Google Ads,52,0.469
2026-04-20,2026-04,Meta,46,0.559
2026-04-20,2026-04,Affiliate,11,0.661
2026-04-20,2026-04,Organic,9,0.454
2026-04-20,2026-04,Email,6,0.459
2026-04-20,2026-04,Google Ads,38,0.466
2026-04-21,2026-04,Affiliate,8,0.624
2026-04-21,2026-04,Organic,9,0.393
2026-04-21,2026-04,Google Ads,31,0.525
2026-04-21,2026-04,Organic,9,0.358
2026-04-21,2026-04,Email,17,0.437
2026-04-21,2026-04,Affiliate,15,0.714
2026-04-21,2026-04,Meta,35,0.485
2026-04-21,2026-04,Meta,43,0.675
2026-04-21,2026-04,Google Ads,46,0.468
2026-04-22,2026-04,Organic,9,0.357
2026-04-22,2026-04,Email,5,0.427
2026-04-22,2026-04,Organic,8,0.493
2026-04-22,2026-04,Email,3,0.461
2026-04-22,2026-04,Meta,62,0.533
2026-04-22,2026-04,Google Ads,94,0.391
2026-04-22,2026-04,Affiliate,20,0.61
2026-04-23,2026-04,Organic,12,0.488
2026-04-23,2026-04,Google Ads,39,0.538
2026-04-23,2026-04,Email,21,0.484
2026-04-23,2026-04,Affiliate,16,0.583
2026-04-23,2026-04,Meta,72,0.552
2026-04-23,2026-04,Google Ads,37,0.445
2026-04-24,2026-04,Meta,32,0.535
2026-04-24,2026-04,Google Ads,22,0.499
2026-04-24,2026-04,Email,3,0.434
2026-04-24,2026-04,Meta,29,0.602
2026-04-24,2026-04,Affiliate,5,0.524
2026-04-24,2026-04,Email,1,0.452
2026-04-24,2026-04,Email,6,0.446
2026-04-24,2026-04,Affiliate,9,0.577
2026-04-24,2026-04,Google Ads,30,0.434
2026-04-24,2026-04,Organic,8,0.415
2026-04-25,2026-04,Meta,29,0.572
2026-04-25,2026-04,Google Ads,25,0.439
2026-04-25,2026-04,Organic,3,0.427
2026-04-25,2026-04,Email,5,0.373
2026-04-25,2026-04,Organic,4,0.397
2026-04-25,2026-04,Meta,28,0.634
2026-04-25,2026-04,Affiliate,2,0.632
2026-04-25,2026-04,Google Ads,34,0.417
2026-04-25,2026-04,Affiliate,4,0.684
2026-04-25,2026-04,Affiliate,6,0.636
2026-04-25,2026-04,Email,2,0.42
2026-04-26,2026-04,Google Ads,38,0.419
2026-04-26,2026-04,Meta,31,0.681
2026-04-26,2026-04,Email,12,0.461
2026-04-26,2026-04,Meta,24,0.538
2026-04-26,2026-04,Meta,31,0.571
2026-04-26,2026-04,Email,7,0.499
2026-04-26,2026-04,Google Ads,36,0.476
2026-04-26,2026-04,Organic,11,0.295
2026-04-26,2026-04,Affiliate,13,0.679
2026-04-27,2026-04,Google Ads,32,0.537
2026-04-27,2026-04,Meta,27,0.47
2026-04-27,2026-04,Email,20,0.369
2026-04-27,2026-04,Affiliate,10,0.64
2026-04-27,2026-04,Meta,31,0.631
2026-04-27,2026-04,Affiliate,17,0.724
2026-04-27,2026-04,Google Ads,37,0.494
2026-04-27,2026-04,Meta,25,0.685
2026-04-27,2026-04,Organic,10,0.37
2026-04-28,2026-04,Google Ads,35,0.422
2026-04-28,2026-04,Email,6,0.403
2026-04-28,2026-04,Organic,4,0.386
2026-04-28,2026-04,Organic,7,0.402
2026-04-28,2026-04,Email,4,0.486
2026-04-28,2026-04,Email,4,0.498
2026-04-28,2026-04,Google Ads,33,0.454
2026-04-28,2026-04,Affiliate,17,0.618
2026-04-28,2026-04,Meta,100,0.59
2026-04-29,2026-04,Meta,54,0.681
2026-04-29,2026-04,Organic,5,0.356
2026-04-29,2026-04,Affiliate,22,0.64
2026-04-29,2026-04,Google Ads,87,0.426
2026-04-29,2026-04,Meta,42,0.585
2026-04-29,2026-04,Email,15,0.487
2026-04-30,2026-04,Email,11,0.489
2026-04-30,2026-04,Google Ads,87,0.486
2026-04-30,2026-04,Organic,4,0.347
2026-04-30,2026-04,Email,5,0.484
2026-04-30,2026-04,Meta,12,0.622
2026-04-30,2026-04,Affiliate,5,0.636
2026-04-30,2026-04,Affiliate,6,0.575
2026-04-30,2026-04,Email,11,0.438
2026-04-30,2026-04,Meta,19,0.516
2026-04-30,2026-04,Affiliate,4,0.65
2026-04-30,2026-04,Meta,20,0.596
2026-04-30,2026-04,Organic,5,0.553
2026-05-01,2026-05,Meta,32,0.602
2026-05-01,2026-05,Email,9,0.542
2026-05-01,2026-05,Affiliate,22,0.58
2026-05-01,2026-05,Organic,11,0.471
2026-05-01,2026-05,Google Ads,17,0.417
2026-05-01,2026-05,Meta,24,0.509
2026-05-01,2026-05,Email,5,0.461
2026-05-01,2026-05,Google Ads,24,0.353
2026-05-01,2026-05,Google Ads,20,0.48
2026-05-02,2026-05,Organic,6,0.475
2026-05-02,2026-05,Affiliate,8,0.596
2026-05-02,2026-05,Google Ads,16,0.615
2026-05-02,2026-05,Meta,19,0.613
2026-05-02,2026-05,Email,1,0.493
2026-05-02,2026-05,Affiliate,9,0.592
2026-05-02,2026-05,Google Ads,22,0.399
2026-05-02,2026-05,Organic,5,0.422
2026-05-02,2026-05,Meta,18,0.513
2026-05-02,2026-05,Organic,7,0.388
2026-05-02,2026-05,Email,5,0.335
2026-05-02,2026-05,Meta,23,0.624
2026-05-03,2026-05,Google Ads,46,0.456
2026-05-03,2026-05,Affiliate,11,0.664
2026-05-03,2026-05,Affiliate,6,0.615
2026-05-03,2026-05,Google Ads,49,0.446
2026-05-03,2026-05,Meta,34,0.579
2026-05-03,2026-05,Organic,6,0.399
2026-05-03,2026-05,Affiliate,11,0.681
2026-05-03,2026-05,Organic,7,0.44
2026-05-03,2026-05,Email,20,0.452
2026-05-03,2026-05,Meta,20,0.674
2026-05-04,2026-05,Email,10,0.387
2026-05-04,2026-05,Affiliate,4,0.633
2026-05-04,2026-05,Affiliate,4,0.585
2026-05-04,2026-05,Google Ads,30,0.423
2026-05-04,2026-05,Google Ads,37,0.437
2026-05-04,2026-05,Organic,14,0.419
2026-05-04,2026-05,Affiliate,1,0.667
2026-05-04,2026-05,Meta,48,0.672
2026-05-04,2026-05,Email,5,0.514
2026-05-05,2026-05,Affiliate,6,0.657
2026-05-05,2026-05,Organic,5,0.426
2026-05-05,2026-05,Meta,40,0.574
2026-05-05,2026-05,Email,5,0.356
2026-05-05,2026-05,Organic,4,0.493
2026-05-05,2026-05,Email,9,0.42
2026-05-05,2026-05,Affiliate,6,0.566
2026-05-05,2026-05,Google Ads,87,0.437
2026-05-05,2026-05,Meta,35,0.507
2026-05-06,2026-05,Google Ads,23,0.458
2026-05-06,2026-05,Affiliate,5,0.658
2026-05-06,2026-05,Google Ads,20,0.38
2026-05-06,2026-05,Google Ads,25,0.41
2026-05-06,2026-05,Meta,45,0.61
2026-05-06,2026-05,Affiliate,7,0.558
2026-05-06,2026-05,Meta,40,0.574
2026-05-06,2026-05,Organic,5,0.51
2026-05-06,2026-05,Affiliate,12,0.683
2026-05-06,2026-05,Organic,7,0.407
2026-05-06,2026-05,Email,11,0.539
2026-05-07,2026-05,Email,8,0.498
2026-05-07,2026-05,Email,9,0.413
2026-05-07,2026-05,Organic,10,0.361
2026-05-07,2026-05,Affiliate,8,0.59
2026-05-07,2026-05,Meta,25,0.592
2026-05-07,2026-05,Google Ads,38,0.459
2026-05-07,2026-05,Meta,44,0.607
2026-05-07,2026-05,Google Ads,47,0.461
2026-05-08,2026-05,Email,5,0.417
2026-05-08,2026-05,Google Ads,39,0.473
2026-05-08,2026-05,Affiliate,15,0.659
2026-05-08,2026-05,Organic,4,0.448
2026-05-08,2026-05,Meta,24,0.549
2026-05-08,2026-05,Meta,21,0.618
2026-05-08,2026-05,Meta,27,0.539
2026-05-08,2026-05,Email,6,0.476
2026-05-08,2026-05,Google Ads,20,0.539
2026-05-08,2026-05,Organic,6,0.434
2026-05-09,2026-05,Email,8,0.451
2026-05-09,2026-05,Google Ads,59,0.408
2026-05-09,2026-05,Organic,6,0.492
2026-05-09,2026-05,Meta,24,0.671
2026-05-09,2026-05,Email,5,0.399
2026-05-09,2026-05,Meta,20,0.507
2026-05-09,2026-05,Email,3,0.472
2026-05-09,2026-05,Affiliate,23,0.598
2026-05-09,2026-05,Organic,2,0.403
2026-05-10,2026-05,Meta,16,0.64
2026-05-10,2026-05,Google Ads,57,0.43
2026-05-10,2026-05,Meta,16,0.585
2026-05-10,2026-05,Affiliate,33,0.624
2026-05-10,2026-05,Organic,4,0.42
2026-05-10,2026-05,Meta,11,0.613
2026-05-10,2026-05,Google Ads,38,0.522
2026-05-10,2026-05,Email,12,0.389
2026-05-10,2026-05,Organic,6,0.374
2026-05-11,2026-05,Email,4,0.446
2026-05-11,2026-05,Organic,8,0.532
2026-05-11,2026-05,Meta,17,0.544
2026-05-11,2026-05,Google Ads,13,0.504
2026-05-11,2026-05,Affiliate,13,0.608
2026-05-11,2026-05,Affiliate,4,0.614
2026-05-11,2026-05,Google Ads,21,0.423
2026-05-11,2026-05,Meta,15,0.473
2026-05-11,2026-05,Google Ads,16,0.493
2026-05-11,2026-05,Organic,13,0.414
2026-05-11,2026-05,Meta,20,0.608
2026-05-11,2026-05,Email,8,0.508
2026-05-12,2026-05,Google Ads,25,0.419
2026-05-12,2026-05,Google Ads,31,0.43
2026-05-12,2026-05,Organic,5,0.391
2026-05-12,2026-05,Organic,4,0.416
2026-05-12,2026-05,Meta,12,0.52
2026-05-12,2026-05,Meta,11,0.53
2026-05-12,2026-05,Email,6,0.376
2026-05-12,2026-05,Meta,19,0.634
2026-05-12,2026-05,Affiliate,31,0.492
2026-05-12,2026-05,Organic,5,0.415
2026-05-12,2026-05,Email,1,0.42
2026-05-13,2026-05,Affiliate,4,0.455
2026-05-13,2026-05,Organic,14,0.388
2026-05-13,2026-05,Meta,52,0.702
2026-05-13,2026-05,Email,4,0.388
2026-05-13,2026-05,Affiliate,4,0.651
2026-05-13,2026-05,Email,8,0.381
2026-05-13,2026-05,Google Ads,25,0.488
2026-05-13,2026-05,Affiliate,9,0.536
2026-05-13,2026-05,Google Ads,43,0.477
2026-05-14,2026-05,Email,2,0.483
2026-05-14,2026-05,Meta,47,0.678
2026-05-14,2026-05,Google Ads,25,0.503
2026-05-14,2026-05,Google Ads,35,0.467
2026-05-14,2026-05,Organic,6,0.387
2026-05-14,2026-05,Organic,3,0.444
2026-05-14,2026-05,Organic,5,0.418
2026-05-14,2026-05,Email,3,0.387
2026-05-14,2026-05,Affiliate,8,0.664
2026-05-14,2026-05,Affiliate,6,0.575
2026-05-14,2026-05,Affiliate,7,0.615
2026-05-15,2026-05,Organic,10,0.334
2026-05-15,2026-05,Email,3,0.421
2026-05-15,2026-05,Meta,70,0.527
2026-05-15,2026-05,Email,4,0.416
2026-05-15,2026-05,Affiliate,5,0.593
2026-05-15,2026-05,Affiliate,2,0.673
2026-05-15,2026-05,Google Ads,38,0.406
2026-05-15,2026-05,Affiliate,6,0.643
2026-05-15,2026-05,Organic,4,0.284
2026-05-16,2026-05,Meta,18,0.609
2026-05-16,2026-05,Meta,17,0.536
2026-05-16,2026-05,Email,2,0.51
2026-05-16,2026-05,Affiliate,11,0.573
2026-05-16,2026-05,Google Ads,65,0.39
2026-05-16,2026-05,Organic,7,0.367
2026-05-16,2026-05,Email,3,0.483
2026-05-16,2026-05,Meta,10,0.648
2026-05-16,2026-05,Affiliate,13,0.542
2026-05-16,2026-05,Organic,6,0.515
2026-05-17,2026-05,Google Ads,27,0.452
2026-05-17,2026-05,Email,4,0.38
2026-05-17,2026-05,Affiliate,11,0.5
2026-05-17,2026-05,Meta,41,0.593
2026-05-17,2026-05,Organic,7,0.461
2026-05-17,2026-05,Email,4,0.443
2026-05-17,2026-05,Email,6,0.404
2026-05-17,2026-05,Meta,37,0.629
2026-05-17,2026-05,Google Ads,29,0.389
2026-05-17,2026-05,Google Ads,25,0.459
2026-05-17,2026-05,Affiliate,7,0.628
2026-05-18,2026-05,Email,14,0.418
2026-05-18,2026-05,Email,5,0.445
2026-05-18,2026-05,Meta,25,0.621
2026-05-18,2026-05,Google Ads,93,0.561
2026-05-18,2026-05,Meta,28,0.65
2026-05-18,2026-05,Affiliate,8,0.567
2026-05-18,2026-05,Organic,7,0.517
2026-05-18,2026-05,Meta,25,0.636
2026-05-18,2026-05,Affiliate,8,0.643
2026-05-18,2026-05,Affiliate,6,0.55
2026-05-18,2026-05,Organic,8,0.379
2026-05-19,2026-05,Affiliate,18,0.602
2026-05-19,2026-05,Meta,20,0.623
2026-05-19,2026-05,Email,12,0.48
2026-05-19,2026-05,Affiliate,16,0.598
2026-05-19,2026-05,Email,8,0.439
2026-05-19,2026-05,Organic,5,0.479
2026-05-19,2026-05,Google Ads,43,0.322
2026-05-19,2026-05,Meta,21,0.586
2026-05-19,2026-05,Google Ads,35,0.416
2026-05-19,2026-05,Meta,28,0.472
2026-05-19,2026-05,Organic,4,0.33
2026-05-20,2026-05,Organic,5,0.387
2026-05-20,2026-05,Meta,42,0.635
2026-05-20,2026-05,Google Ads,38,0.543
2026-05-20,2026-05,Affiliate,22,0.625
2026-05-20,2026-05,Meta,39,0.621
2026-05-20,2026-05,Email,22,0.447
2026-05-20,2026-05,Google Ads,35,0.469
2026-05-20,2026-05,Organic,2,0.469
2026-05-21,2026-05,Email,7,0.453
2026-05-21,2026-05,Meta,23,0.579
2026-05-21,2026-05,Organic,3,0.368
2026-05-21,2026-05,Meta,22,0.607
2026-05-21,2026-05,Organic,6,0.459
2026-05-21,2026-05,Google Ads,71,0.42
2026-05-21,2026-05,Affiliate,22,0.632
2026-05-21,2026-05,Email,9,0.474
2026-05-21,2026-05,Organic,5,0.514
2026-05-22,2026-05,Affiliate,9,0.584
2026-05-22,2026-05,Email,6,0.54
2026-05-22,2026-05,Google Ads,32,0.523
2026-05-22,2026-05,Affiliate,10,0.695
2026-05-22,2026-05,Email,4,0.462
2026-05-22,2026-05,Meta,33,0.545
2026-05-22,2026-05,Meta,38,0.75
2026-05-22,2026-05,Google Ads,35,0.483
2026-05-22,2026-05,Affiliate,12,0.536
2026-05-22,2026-05,Organic,10,0.494
2026-05-23,2026-05,Affiliate,9,0.597
2026-05-23,2026-05,Organic,12,0.378
2026-05-23,2026-05,Meta,24,0.569
2026-05-23,2026-05,Email,6,0.397
2026-05-23,2026-05,Affiliate,6,0.655
2026-05-23,2026-05,Meta,20,0.53
2026-05-23,2026-05,Google Ads,64,0.452
2026-05-24,2026-05,Email,5,0.39
2026-05-24,2026-05,Meta,51,0.597
2026-05-24,2026-05,Affiliate,13,0.67
2026-05-24,2026-05,Email,3,0.38
2026-05-24,2026-05,Meta,39,0.576
2026-05-24,2026-05,Organic,13,0.392
2026-05-24,2026-05,Google Ads,88,0.457
2026-05-24,2026-05,Affiliate,10,0.635
2026-05-25,2026-05,Meta,45,0.599
2026-05-25,2026-05,Email,19,0.443
2026-05-25,2026-05,Meta,44,0.6
2026-05-25,2026-05,Affiliate,39,0.579
2026-05-25,2026-05,Google Ads,39,0.496
2026-05-25,2026-05,Google Ads,37,0.464
2026-05-25,2026-05,Organic,35,0.398
2026-05-26,2026-05,Organic,7,0.371
2026-05-26,2026-05,Email,7,0.497
2026-05-26,2026-05,Affiliate,13,0.789
2026-05-26,2026-05,Email,4,0.525
2026-05-26,2026-05,Meta,36,0.468
2026-05-26,2026-05,Organic,8,0.391
2026-05-26,2026-05,Google Ads,81,0.544
2026-05-26,2026-05,Meta,19,0.563
2026-05-26,2026-05,Affiliate,9,0.569
2026-05-27,2026-05,Email,16,0.431
2026-05-27,2026-05,Meta,24,0.663
2026-05-27,2026-05,Meta,24,0.487
2026-05-27,2026-05,Google Ads,16,0.511
2026-05-27,2026-05,Google Ads,13,0.477
2026-05-27,2026-05,Meta,28,0.561
2026-05-27,2026-05,Affiliate,18,0.569
2026-05-27,2026-05,Affiliate,11,0.613
2026-05-27,2026-05,Organic,7,0.415
2026-05-27,2026-05,Google Ads,10,0.413
2026-05-28,2026-05,Meta,25,0.596
2026-05-28,2026-05,Google Ads,53,0.489
2026-05-28,2026-05,Email,14,0.448
2026-05-28,2026-05,Meta,28,0.63
2026-05-28,2026-05,Google Ads,46,0.439
2026-05-28,2026-05,Affiliate,8,0.588
2026-05-28,2026-05,Affiliate,6,0.695
2026-05-28,2026-05,Organic,3,0.384
2026-05-28,2026-05,Organic,5,0.485
2026-05-29,2026-05,Affiliate,17,0.657
2026-05-29,2026-05,Organic,4,0.446
2026-05-29,2026-05,Meta,28,0.498
2026-05-29,2026-05,Email,2,0.532
2026-05-29,2026-05,Google Ads,55,0.422
2026-05-29,2026-05,Organic,9,0.464
2026-05-29,2026-05,Email,9,0.392
2026-05-29,2026-05,Email,3,0.323
2026-05-29,2026-05,Meta,29,0.638
2026-05-30,2026-05,Organic,4,0.39
2026-05-30,2026-05,Email,14,0.444
2026-05-30,2026-05,Google Ads,51,0.435
2026-05-30,2026-05,Organic,1,0.416
2026-05-30,2026-05,Affiliate,22,0.528
2026-05-30,2026-05,Organic,5,0.372
2026-05-30,2026-05,Meta,29,0.55
2026-05-30,2026-05,Meta,20,0.557
2026-05-31,2026-05,Email,13,0.452
2026-05-31,2026-05,Google Ads,40,0.441
2026-05-31,2026-05,Google Ads,36,0.366
2026-05-31,2026-05,Affiliate,11,0.707
2026-05-31,2026-05,Organic,8,0.37
2026-05-31,2026-05,Organic,5,0.431
2026-05-31,2026-05,Meta,46,0.506
2026-05-31,2026-05,Affiliate,12,0.716
2026-05-31,2026-05,Meta,34,0.602
2026-06-01,2026-06,Affiliate,12,0.658
2026-06-01,2026-06,Google Ads,71,0.487
2026-06-01,2026-06,Organic,8,0.489
2026-06-01,2026-06,Email,4,0.422
2026-06-01,2026-06,Meta,25,0.509
2026-06-01,2026-06,Meta,19,0.64
2026-06-01,2026-06,Organic,8,0.448
2026-06-01,2026-06,Affiliate,17,0.679
2026-06-01,2026-06,Email,7,0.479
2026-06-02,2026-06,Affiliate,7,0.649
2026-06-02,2026-06,Organic,6,0.425
2026-06-02,2026-06,Google Ads,39,0.553
2026-06-02,2026-06,Email,7,0.333
2026-06-02,2026-06,Affiliate,10,0.681
2026-06-02,2026-06,Email,7,0.555
2026-06-02,2026-06,Affiliate,10,0.698
2026-06-02,2026-06,Organic,5,0.365
2026-06-02,2026-06,Google Ads,48,0.413
2026-06-02,2026-06,Meta,68,0.613
2026-06-02,2026-06,Google Ads,37,0.533
2026-06-03,2026-06,Google Ads,42,0.388
2026-06-03,2026-06,Organic,5,0.449
2026-06-03,2026-06,Meta,11,0.674
2026-06-03,2026-06,Meta,17,0.587
2026-06-03,2026-06,Affiliate,15,0.574
2026-06-03,2026-06,Email,2,0.409
2026-06-03,2026-06,Google Ads,36,0.462
2026-06-03,2026-06,Meta,12,0.501
2026-06-03,2026-06,Affiliate,13,0.666
2026-06-03,2026-06,Organic,1,0.47
2026-06-03,2026-06,Email,8,0.45
2026-06-04,2026-06,Google Ads,18,0.378
2026-06-04,2026-06,Organic,7,0.469
2026-06-04,2026-06,Meta,21,0.541
2026-06-04,2026-06,Meta,19,0.567
2026-06-04,2026-06,Affiliate,12,0.632
2026-06-04,2026-06,Organic,2,0.34
2026-06-04,2026-06,Email,11,0.42
2026-06-04,2026-06,Google Ads,25,0.448
2026-06-04,2026-06,Meta,26,0.436
2026-06-04,2026-06,Affiliate,10,0.574
2026-06-04,2026-06,Google Ads,13,0.424
2026-06-05,2026-06,Email,5,0.457
2026-06-05,2026-06,Affiliate,7,0.58
2026-06-05,2026-06,Google Ads,26,0.406
2026-06-05,2026-06,Organic,5,0.427
2026-06-05,2026-06,Email,7,0.397
2026-06-05,2026-06,Meta,56,0.562
2026-06-05,2026-06,Organic,5,0.381
2026-06-05,2026-06,Organic,5,0.47
2026-06-05,2026-06,Google Ads,16,0.402
2026-06-05,2026-06,Affiliate,7,0.632
2026-06-06,2026-06,Email,4,0.394
2026-06-06,2026-06,Google Ads,37,0.433
2026-06-06,2026-06,Affiliate,16,0.64
2026-06-06,2026-06,Email,5,0.522
2026-06-06,2026-06,Google Ads,33,0.488
2026-06-06,2026-06,Organic,7,0.423
2026-06-06,2026-06,Email,2,0.437
2026-06-06,2026-06,Meta,68,0.628
2026-06-06,2026-06,Organic,5,0.376
2026-06-07,2026-06,Google Ads,29,0.456
2026-06-07,2026-06,Email,10,0.398
2026-06-07,2026-06,Google Ads,24,0.484
2026-06-07,2026-06,Affiliate,27,0.569
2026-06-07,2026-06,Meta,62,0.536
2026-06-07,2026-06,Google Ads,35,0.405
2026-06-07,2026-06,Organic,6,0.39
2026-06-07,2026-06,Organic,7,0.471
2026-06-07,2026-06,Email,7,0.465
2026-06-08,2026-06,Meta,25,0.568
2026-06-08,2026-06,Meta,28,0.574
2026-06-08,2026-06,Affiliate,18,0.578
2026-06-08,2026-06,Google Ads,29,0.448
2026-06-08,2026-06,Organic,9,0.525
2026-06-08,2026-06,Email,2,0.409
2026-06-08,2026-06,Email,5,0.395
2026-06-08,2026-06,Google Ads,18,0.479
2026-06-08,2026-06,Google Ads,32,0.566
2026-06-09,2026-06,Organic,8,0.443
2026-06-09,2026-06,Affiliate,6,0.667
2026-06-09,2026-06,Email,5,0.34
2026-06-09,2026-06,Email,3,0.475
2026-06-09,2026-06,Affiliate,12,0.618
2026-06-09,2026-06,Organic,8,0.4
2026-06-09,2026-06,Meta,34,0.548
2026-06-09,2026-06,Email,8,0.431
2026-06-09,2026-06,Google Ads,84,0.524
2026-06-09,2026-06,Meta,37,0.473
2026-06-10,2026-06,Organic,6,0.41
2026-06-10,2026-06,Meta,47,0.597
2026-06-10,2026-06,Google Ads,86,0.55
2026-06-10,2026-06,Organic,4,0.34
2026-06-10,2026-06,Meta,44,0.477
2026-06-10,2026-06,Affiliate,22,0.629
2026-06-10,2026-06,Email,14,0.517
2026-06-11,2026-06,Meta,49,0.664
2026-06-11,2026-06,Organic,15,0.355
2026-06-11,2026-06,Affiliate,6,0.667
2026-06-11,2026-06,Google Ads,23,0.418
2026-06-11,2026-06,Email,3,0.504
2026-06-11,2026-06,Google Ads,25,0.462
2026-06-11,2026-06,Google Ads,19,0.482
2026-06-11,2026-06,Email,8,0.384
2026-06-11,2026-06,Affiliate,9,0.634
2026-06-12,2026-06,Organic,9,0.437
2026-06-12,2026-06,Email,6,0.43
2026-06-12,2026-06,Organic,6,0.41
2026-06-12,2026-06,Google Ads,42,0.513
2026-06-12,2026-06,Email,2,0.434
2026-06-12,2026-06,Affiliate,20,0.635
2026-06-12,2026-06,Email,3,0.367
2026-06-12,2026-06,Meta,82,0.563
2026-06-12,2026-06,Google Ads,42,0.568
2026-06-13,2026-06,Meta,56,0.63
2026-06-13,2026-06,Organic,1,0.481
2026-06-13,2026-06,Google Ads,27,0.487
2026-06-13,2026-06,Organic,2,0.49
2026-06-13,2026-06,Affiliate,6,0.635
2026-06-13,2026-06,Affiliate,11,0.598
2026-06-13,2026-06,Email,2,0.419
2026-06-13,2026-06,Email,2,0.483
2026-06-13,2026-06,Email,5,0.447
2026-06-13,2026-06,Google Ads,28,0.423
2026-06-13,2026-06,Organic,1,0.366
2026-06-14,2026-06,Organic,3,0.398
2026-06-14,2026-06,Meta,24,0.626
2026-06-14,2026-06,Google Ads,58,0.616
2026-06-14,2026-06,Meta,20,0.631
2026-06-14,2026-06,Meta,33,0.533
2026-06-14,2026-06,Affiliate,20,0.649
2026-06-14,2026-06,Email,16,0.491
2026-06-14,2026-06,Organic,7,0.532
2026-06-15,2026-06,Email,2,0.475
2026-06-15,2026-06,Affiliate,4,0.606
2026-06-15,2026-06,Meta,42,0.574
2026-06-15,2026-06,Organic,5,0.391
2026-06-15,2026-06,Google Ads,38,0.458
2026-06-15,2026-06,Affiliate,2,0.636
2026-06-15,2026-06,Organic,5,0.405
2026-06-15,2026-06,Affiliate,6,0.681
2026-06-15,2026-06,Google Ads,28,0.54
2026-06-15,2026-06,Email,14,0.509
2026-06-15,2026-06,Meta,44,0.537
2026-06-16,2026-06,Google Ads,17,0.511
2026-06-16,2026-06,Affiliate,6,0.624
2026-06-16,2026-06,Google Ads,24,0.411
2026-06-16,2026-06,Affiliate,6,0.69
2026-06-16,2026-06,Affiliate,7,0.708
2026-06-16,2026-06,Email,16,0.501
2026-06-16,2026-06,Meta,80,0.594
2026-06-16,2026-06,Organic,10,0.409
2026-06-16,2026-06,Organic,6,0.519
2026-06-16,2026-06,Google Ads,20,0.426
2026-06-17,2026-06,Meta,24,0.627
2026-06-17,2026-06,Affiliate,17,0.59
2026-06-17,2026-06,Email,4,0.458
2026-06-17,2026-06,Organic,3,0.525
2026-06-17,2026-06,Email,2,0.425
2026-06-17,2026-06,Organic,5,0.381
2026-06-17,2026-06,Google Ads,117,0.442
2026-06-17,2026-06,Meta,35,0.688
2026-06-17,2026-06,Email,2,0.436
2026-06-17,2026-06,Organic,2,0.506
2026-06-18,2026-06,Email,7,0.456
2026-06-18,2026-06,Affiliate,15,0.612
2026-06-18,2026-06,Google Ads,34,0.532
2026-06-18,2026-06,Meta,29,0.546
2026-06-18,2026-06,Google Ads,27,0.514
2026-06-18,2026-06,Meta,40,0.51
2026-06-18,2026-06,Organic,8,0.425
2026-06-18,2026-06,Email,9,0.445
2026-06-19,2026-06,Affiliate,15,0.591
2026-06-19,2026-06,Google Ads,56,0.444
2026-06-19,2026-06,Organic,11,0.472
2026-06-19,2026-06,Meta,61,0.587
2026-06-19,2026-06,Organic,9,0.473
2026-06-19,2026-06,Email,13,0.413
2026-06-19,2026-06,Affiliate,20,0.577
2026-06-20,2026-06,Meta,19,0.607
2026-06-20,2026-06,Email,4,0.477
2026-06-20,2026-06,Meta,15,0.528
2026-06-20,2026-06,Organic,6,0.38
2026-06-20,2026-06,Organic,3,0.347
2026-06-20,2026-06,Affiliate,17,0.597
2026-06-20,2026-06,Google Ads,75,0.512
2026-06-20,2026-06,Email,9,0.403
2026-06-20,2026-06,Organic,4,0.377
2026-06-20,2026-06,Meta,19,0.558
2026-06-21,2026-06,Google Ads,83,0.393
2026-06-21,2026-06,Email,18,0.449
2026-06-21,2026-06,Meta,29,0.559
2026-06-21,2026-06,Affiliate,11,0.588
2026-06-21,2026-06,Organic,8,0.474
2026-06-21,2026-06,Meta,29,0.542
2026-06-22,2026-06,Meta,91,0.6
2026-06-22,2026-06,Email,6,0.357
2026-06-22,2026-06,Organic,2,0.444
2026-06-22,2026-06,Affiliate,5,0.577
2026-06-22,2026-06,Affiliate,11,0.602
2026-06-22,2026-06,Email,5,0.506
2026-06-22,2026-06,Google Ads,83,0.483
2026-06-22,2026-06,Email,4,0.412
2026-06-22,2026-06,Organic,5,0.44
2026-06-22,2026-06,Organic,4,0.352
2026-06-23,2026-06,Meta,32,0.604
2026-06-23,2026-06,Organic,7,0.409
2026-06-23,2026-06,Affiliate,18,0.611
2026-06-23,2026-06,Organic,6,0.301
2026-06-23,2026-06,Email,16,0.306
2026-06-23,2026-06,Affiliate,19,0.668
2026-06-23,2026-06,Google Ads,19,0.449
2026-06-23,2026-06,Google Ads,35,0.447
2026-06-23,2026-06,Meta,21,0.504
2026-06-23,2026-06,Organic,7,0.422
2026-06-24,2026-06,Meta,23,0.536
2026-06-24,2026-06,Google Ads,31,0.442
2026-06-24,2026-06,Email,5,0.501
2026-06-24,2026-06,Affiliate,7,0.592
2026-06-24,2026-06,Google Ads,37,0.367
2026-06-24,2026-06,Affiliate,6,0.55
2026-06-24,2026-06,Meta,26,0.546
2026-06-24,2026-06,Organic,15,0.289
2026-06-24,2026-06,Email,5,0.449
2026-06-24,2026-06,Organic,7,0.461
2026-06-24,2026-06,Affiliate,8,0.676
2026-06-25,2026-06,Organic,5,0.49
2026-06-25,2026-06,Meta,10,0.685
2026-06-25,2026-06,Meta,13,0.585
2026-06-25,2026-06,Meta,12,0.558
2026-06-25,2026-06,Organic,3,0.347
2026-06-25,2026-06,Google Ads,36,0.469
2026-06-25,2026-06,Email,8,0.471
2026-06-25,2026-06,Organic,1,0.458
2026-06-25,2026-06,Email,8,0.44
2026-06-25,2026-06,Affiliate,19,0.614
2026-06-25,2026-06,Google Ads,23,0.484
2026-06-26,2026-06,Organic,3,0.375
2026-06-26,2026-06,Google Ads,41,0.543
2026-06-26,2026-06,Google Ads,48,0.549
2026-06-26,2026-06,Email,7,0.354
2026-06-26,2026-06,Meta,71,0.521
2026-06-26,2026-06,Affiliate,14,0.673
2026-06-26,2026-06,Affiliate,13,0.598
2026-06-27,2026-06,Meta,34,0.559
2026-06-27,2026-06,Organic,5,0.334
2026-06-27,2026-06,Email,5,0.5
2026-06-27,2026-06,Google Ads,89,0.509
2026-06-27,2026-06,Organic,3,0.433
2026-06-27,2026-06,Affiliate,7,0.619
2026-06-27,2026-06,Affiliate,4,0.703
2026-06-27,2026-06,Email,3,0.411
2026-06-28,2026-06,Organic,6,0.405
2026-06-28,2026-06,Meta,44,0.556
2026-06-28,2026-06,Organic,8,0.363
2026-06-28,2026-06,Google Ads,37,0.554
2026-06-28,2026-06,Google Ads,31,0.511
2026-06-28,2026-06,Email,5,0.526
2026-06-28,2026-06,Affiliate,24,0.576
2026-06-28,2026-06,Email,5,0.403
2026-06-29,2026-06,Meta,36,0.516
2026-06-29,2026-06,Google Ads,89,0.468
2026-06-29,2026-06,Meta,35,0.603
2026-06-29,2026-06,Affiliate,7,0.606
2026-06-29,2026-06,Affiliate,9,0.624
2026-06-29,2026-06,Affiliate,5,0.57
2026-06-29,2026-06,Email,4,0.453
2026-06-29,2026-06,Email,6,0.437
2026-06-29,2026-06,Organic,5,0.366
2026-06-29,2026-06,Organic,7,0.46
2026-06-30,2026-06,Email,4,0.404
2026-06-30,2026-06,Email,5,0.396
2026-06-30,2026-06,Organic,8,0.456
2026-06-30,2026-06,Affiliate,10,0.658
2026-06-30,2026-06,Meta,34,0.654
2026-06-30,2026-06,Meta,26,0.581
2026-06-30,2026-06,Google Ads,25,0.529
2026-06-30,2026-06,Google Ads,24,0.477
2026-06-30,2026-06,Google Ads,29,0.357
2026-06-30,2026-06,Organic,4,0.367
2026-06-30,2026-06,Affiliate,6,0.562
