order_id,order_date,month,customer_id,channel,revenue,region
ORD-101072,2025-11-10,2025-11,CUST-11119,Email,216.38,West
ORD-101048,2025-11-04,2025-11,CUST-10318,Meta,374.3,Southeast
ORD-100204,2025-03-15,2025-03,CUST-10973,Google Ads,117.9,Southeast
ORD-100694,2025-07-31,2025-07,CUST-10621,Google Ads,456.3,Midwest
ORD-101758,2026-05-04,2026-05,CUST-10021,Google Ads,191.78,Southeast
ORD-100284,2025-04-06,2025-04,CUST-10788,Meta,145.37,Northeast
ORD-101866,2026-06-04,2026-06,CUST-10145,Google Ads,726.35,Northeast
ORD-101926,2026-06-17,2026-06,CUST-10111,Email,274.58,West
ORD-101886,2026-06-09,2026-06,CUST-11127,Google Ads,360.53,Northeast
ORD-101724,2026-04-26,2026-04,CUST-10409,Email,368.89,West
ORD-100868,2025-09-19,2025-09,CUST-10630,Affiliate,165.23,Midwest
ORD-101891,2026-06-11,2026-06,CUST-10003,Google Ads,99.04,West
ORD-101782,2026-05-11,2026-05,CUST-11009,Google Ads,897.48,Southwest
ORD-101703,2026-04-21,2026-04,CUST-11266,Google Ads,264.33,Midwest
ORD-100802,2025-09-01,2025-09,CUST-10657,Email,273.38,Southeast
ORD-101302,2025-12-27,2025-12,CUST-10871,Organic,335.07,West
ORD-101274,2025-12-22,2025-12,CUST-10642,Affiliate,147.6,Southeast
ORD-101037,2025-11-02,2025-11,CUST-10975,Meta,123.28,West
ORD-100595,2025-07-04,2025-07,CUST-10422,Google Ads,181.29,Northeast
ORD-101912,2026-06-14,2026-06,CUST-10118,Google Ads,537.75,Midwest
ORD-101824,2026-05-24,2026-05,CUST-11009,Meta,423.09,Northeast
ORD-101028,2025-11-01,2025-11,CUST-10929,Organic,326.27,Northeast
ORD-100350,2025-04-24,2025-04,CUST-10959,Email,115.74,Southeast
ORD-101089,2025-11-13,2025-11,CUST-10280,Email,136.03,West
ORD-100002,2025-01-03,2025-01,CUST-10604,Meta,285.76,Southwest
ORD-101075,2025-11-10,2025-11,CUST-10608,Google Ads,183.35,Northeast
ORD-101504,2026-02-27,2026-02,CUST-11202,Google Ads,542.37,Southeast
ORD-100110,2025-02-09,2025-02,CUST-10891,Email,185.95,Northeast
ORD-101062,2025-11-09,2025-11,CUST-11041,Google Ads,473.66,Northeast
ORD-100108,2025-02-08,2025-02,CUST-10946,Google Ads,753.69,Southeast
ORD-100918,2025-10-02,2025-10,CUST-10630,Meta,413.88,Southeast
ORD-100500,2025-06-06,2025-06,CUST-11024,Organic,191.71,Northeast
ORD-100361,2025-04-28,2025-04,CUST-10031,Email,363.7,Northeast
ORD-101547,2026-03-09,2026-03,CUST-10627,Meta,152.87,Southeast
ORD-101281,2025-12-24,2025-12,CUST-10424,Google Ads,132.21,Midwest
ORD-101158,2025-11-27,2025-11,CUST-11047,Meta,252.61,Southeast
ORD-101327,2025-12-31,2025-12,CUST-10856,Meta,250.04,Midwest
ORD-100196,2025-03-13,2025-03,CUST-10249,Google Ads,138.32,Southeast
ORD-101817,2026-05-21,2026-05,CUST-10538,Email,544.51,Northeast
ORD-100237,2025-03-22,2025-03,CUST-11224,Organic,415.15,Midwest
ORD-100788,2025-08-29,2025-08,CUST-10932,Affiliate,209.73,Northeast
ORD-100720,2025-08-08,2025-08,CUST-10583,Meta,77.07,West
ORD-101295,2025-12-26,2025-12,CUST-11069,Meta,229.22,Southeast
ORD-101409,2026-01-27,2026-01,CUST-10836,Meta,224.48,Midwest
ORD-101704,2026-04-21,2026-04,CUST-10875,Google Ads,209.69,Midwest
ORD-100544,2025-06-18,2025-06,CUST-10543,Google Ads,438.74,Northeast
ORD-101260,2025-12-18,2025-12,CUST-10939,Email,100.25,Northeast
ORD-101884,2026-06-09,2026-06,CUST-10871,Organic,278.34,Midwest
ORD-101306,2025-12-28,2025-12,CUST-11263,Meta,471.49,Southeast
ORD-100845,2025-09-14,2025-09,CUST-10846,Email,135.7,Unknown
ORD-100841,2025-09-13,2025-09,CUST-10025,Google Ads,169.81,Unknown
ORD-101317,2025-12-30,2025-12,CUST-10625,Email,224.25,West
ORD-101545,2026-03-09,2026-03,CUST-10100,Email,187.13,Midwest
ORD-101647,2026-04-03,2026-04,CUST-10953,Meta,227.06,Southeast
ORD-101733,2026-04-28,2026-04,CUST-10629,Meta,229.88,Northeast
ORD-101056,2025-11-06,2025-11,CUST-10377,Google Ads,502.49,Midwest
ORD-101793,2026-05-15,2026-05,CUST-11264,Google Ads,204.88,Northeast
ORD-100172,2025-03-02,2025-03,CUST-10209,Meta,309.53,Midwest
ORD-101787,2026-05-13,2026-05,CUST-10417,Google Ads,243.81,Midwest
ORD-100835,2025-09-10,2025-09,CUST-10928,Meta,175.35,Southwest
ORD-100441,2025-05-21,2025-05,CUST-10874,Google Ads,182.39,Southeast
ORD-101554,2026-03-11,2026-03,CUST-11189,Meta,411.9,Southeast
ORD-101375,2026-01-16,2026-01,CUST-10046,Affiliate,111.6,Southeast
ORD-100789,2025-08-29,2025-08,CUST-10790,Google Ads,430.84,Midwest
ORD-100185,2025-03-07,2025-03,CUST-10193,Google Ads,187.61,West
ORD-100438,2025-05-20,2025-05,CUST-10197,Google Ads,587.82,Southeast
ORD-100372,2025-05-01,2025-05,CUST-10975,Meta,164.98,Northeast
ORD-100140,2025-02-19,2025-02,CUST-10409,Google Ads,409.73,Southeast
ORD-101277,2025-12-23,2025-12,CUST-10718,Google Ads,107.75,Southeast
ORD-101396,2026-01-23,2026-01,CUST-10519,Meta,797.08,Southeast
ORD-101469,2026-02-16,2026-02,CUST-10959,Google Ads,284.68,Unknown
ORD-100586,2025-07-01,2025-07,CUST-10962,Google Ads,771.04,Midwest
ORD-100848,2025-09-14,2025-09,CUST-10521,Email,415.21,West
ORD-100299,2025-04-10,2025-04,CUST-10073,Meta,141.95,West
ORD-100795,2025-09-01,2025-09,CUST-10716,Email,95.84,Northeast
ORD-101412,2026-01-29,2026-01,CUST-10938,Google Ads,321.01,West
ORD-100353,2025-04-24,2025-04,CUST-11296,Meta,193.44,West
ORD-101070,2025-11-10,2025-11,CUST-11264,Google Ads,224.43,Southwest
ORD-101464,2026-02-15,2026-02,CUST-10538,Google Ads,315.07,Southeast
ORD-101686,2026-04-16,2026-04,CUST-10933,Google Ads,419.66,West
ORD-101844,2026-05-29,2026-05,CUST-10814,Meta,255.49,Southwest
ORD-100957,2025-10-12,2025-10,CUST-10249,Google Ads,308.03,Southeast
ORD-101534,2026-03-06,2026-03,CUST-10551,Google Ads,230.74,West
ORD-101682,2026-04-15,2026-04,CUST-10039,Organic,338.68,West
ORD-100715,2025-08-07,2025-08,CUST-11100,Meta,277.72,Southeast
ORD-101432,2026-02-04,2026-02,CUST-10409,Meta,227.63,Midwest
ORD-100423,2025-05-15,2025-05,CUST-10891,Email,143.92,West
ORD-100311,2025-04-13,2025-04,CUST-10021,Google Ads,252.06,Northeast
ORD-101323,2025-12-31,2025-12,CUST-10573,Google Ads,436.81,Southwest
ORD-101381,2026-01-18,2026-01,CUST-10301,Affiliate,238.01,Northeast
ORD-101680,2026-04-15,2026-04,CUST-10970,Meta,125.49,Southeast
ORD-100037,2025-01-19,2025-01,CUST-10665,Email,353.45,Northeast
ORD-100527,2025-06-14,2025-06,CUST-10379,Google Ads,110.58,Midwest
ORD-100691,2025-07-31,2025-07,CUST-10977,Google Ads,291.76,Northeast
ORD-101240,2025-12-14,2025-12,CUST-10363,Email,577.37,West
ORD-100707,2025-08-04,2025-08,CUST-10772,Meta,302.47,Southwest
ORD-100058,2025-01-23,2025-01,CUST-10280,Organic,447.39,Unknown
ORD-101496,2026-02-24,2026-02,CUST-11092,Email,469.34,Midwest
ORD-101210,2025-12-07,2025-12,CUST-11053,Email,146.73,West
ORD-100127,2025-02-14,2025-02,CUST-10136,Google Ads,146.35,West
ORD-100447,2025-05-23,2025-05,CUST-10705,Meta,204.17,Midwest
ORD-100397,2025-05-07,2025-05,CUST-10875,Affiliate,192.56,Northeast
ORD-100229,2025-03-22,2025-03,CUST-11296,Email,388.76,West
ORD-101836,2026-05-27,2026-05,CUST-10086,Organic,289.69,Northeast
ORD-100034,2025-01-17,2025-01,CUST-10186,Affiliate,223.28,Northeast
ORD-100970,2025-10-16,2025-10,CUST-10634,Google Ads,384.61,Southwest
ORD-101485,2026-02-21,2026-02,CUST-10486,Email,136.46,Northeast
ORD-101150,2025-11-25,2025-11,CUST-10005,Google Ads,139.41,Midwest
ORD-101805,2026-05-18,2026-05,CUST-11189,Google Ads,273.37,Northeast
ORD-100748,2025-08-19,2025-08,CUST-10380,Email,500.55,Southwest
ORD-101920,2026-06-16,2026-06,CUST-10564,Meta,111.67,Northeast
ORD-100590,2025-07-02,2025-07,CUST-11211,Google Ads,254.51,Southeast
ORD-100857,2025-09-16,2025-09,CUST-11286,Google Ads,320.85,Midwest
ORD-100410,2025-05-12,2025-05,CUST-10059,Google Ads,400.32,West
ORD-101106,2025-11-18,2025-11,CUST-10240,Meta,63.41,Midwest
ORD-101784,2026-05-12,2026-05,CUST-10641,Meta,210.5,Southeast
ORD-101399,2026-01-23,2026-01,CUST-10780,Google Ads,191.68,Southeast
ORD-100928,2025-10-05,2025-10,CUST-10818,Google Ads,128.61,West
ORD-100007,2025-01-05,2025-01,CUST-10123,Email,338.99,West
ORD-100721,2025-08-08,2025-08,CUST-10684,Google Ads,145.5,Southeast
ORD-101441,2026-02-07,2026-02,CUST-10335,Google Ads,163.22,Northeast
ORD-101935,2026-06-20,2026-06,CUST-10338,Meta,202.36,Southwest
ORD-100971,2025-10-16,2025-10,CUST-10916,Google Ads,260.22,Northeast
ORD-101444,2026-02-08,2026-02,CUST-11086,Google Ads,361.09,Southwest
ORD-100572,2025-06-28,2025-06,CUST-10307,Affiliate,143.83,Southwest
ORD-101951,2026-06-25,2026-06,CUST-10197,Meta,125.39,West
ORD-101814,2026-05-20,2026-05,CUST-10964,Google Ads,300.84,Northeast
ORD-101420,2026-02-01,2026-02,CUST-10804,Meta,186.92,Southeast
ORD-101576,2026-03-16,2026-03,CUST-11130,Google Ads,300.42,Northeast
ORD-100020,2025-01-11,2025-01,CUST-10086,Organic,258.4,West
ORD-100452,2025-05-25,2025-05,CUST-10587,Organic,160.4,West
ORD-100375,2025-05-02,2025-05,CUST-10793,Google Ads,586.61,Midwest
ORD-101044,2025-11-04,2025-11,CUST-10030,Google Ads,273.29,West
ORD-101852,2026-05-31,2026-05,CUST-10396,Affiliate,124.27,Midwest
ORD-100892,2025-09-25,2025-09,CUST-10744,Meta,149.45,West
ORD-101877,2026-06-07,2026-06,CUST-10521,Email,233.73,Midwest
ORD-100470,2025-05-29,2025-05,CUST-10868,Google Ads,107.05,Northeast
ORD-100925,2025-10-04,2025-10,CUST-11028,Meta,234.28,Unknown
ORD-100983,2025-10-19,2025-10,CUST-10621,Meta,88.09,West
ORD-101853,2026-06-01,2026-06,CUST-10273,Email,214.33,Midwest
ORD-100360,2025-04-28,2025-04,CUST-11068,Email,163.08,Southeast
ORD-100797,2025-09-01,2025-09,CUST-10089,Meta,193.54,West
ORD-101390,2026-01-21,2026-01,CUST-10823,Organic,194.84,Southeast
ORD-100479,2025-05-30,2025-05,CUST-10959,Meta,294.98,Northeast
ORD-101571,2026-03-15,2026-03,CUST-11098,Google Ads,360.12,Southeast
ORD-100738,2025-08-15,2025-08,CUST-10280,Organic,458.52,West
ORD-100057,2025-01-22,2025-01,CUST-10751,Meta,398.68,Midwest
ORD-101594,2026-03-22,2026-03,CUST-11202,Google Ads,272.02,Midwest
ORD-101195,2025-12-03,2025-12,CUST-10543,Google Ads,190.75,Midwest
ORD-100262,2025-03-29,2025-03,CUST-10683,Organic,227.74,Southeast
ORD-100241,2025-03-24,2025-03,CUST-11124,Google Ads,495.1,Northeast
ORD-101363,2026-01-11,2026-01,CUST-11061,Meta,243.78,Midwest
ORD-101350,2026-01-06,2026-01,CUST-10998,Meta,273.82,Northeast
ORD-101064,2025-11-09,2025-11,CUST-10461,Meta,784.61,Southeast
ORD-100653,2025-07-22,2025-07,CUST-11087,Google Ads,348.64,West
ORD-101741,2026-04-30,2026-04,CUST-10247,Meta,334.75,Midwest
ORD-100051,2025-01-22,2025-01,CUST-10005,Meta,377.0,Northeast
ORD-100036,2025-01-19,2025-01,CUST-10733,Organic,253.38,Northeast
ORD-100620,2025-07-13,2025-07,CUST-10225,Meta,638.11,Unknown
ORD-101271,2025-12-21,2025-12,CUST-10609,Email,528.0,Midwest
ORD-101757,2026-05-03,2026-05,CUST-10972,Google Ads,417.23,Northeast
ORD-100862,2025-09-18,2025-09,CUST-10521,Organic,345.44,Southeast
ORD-100638,2025-07-18,2025-07,CUST-10938,Google Ads,668.88,Northeast
ORD-101636,2026-04-02,2026-04,CUST-10776,Google Ads,208.03,Northeast
ORD-101116,2025-11-20,2025-11,CUST-11116,Affiliate,163.71,Southwest
ORD-100735,2025-08-13,2025-08,CUST-10109,Meta,129.68,Southeast
ORD-100206,2025-03-16,2025-03,CUST-10991,Affiliate,426.0,Midwest
ORD-101308,2025-12-28,2025-12,CUST-10814,Google Ads,296.15,Midwest
ORD-101887,2026-06-09,2026-06,CUST-10306,Email,326.76,Southeast
ORD-100945,2025-10-10,2025-10,CUST-10424,Organic,359.02,Southeast
ORD-101231,2025-12-12,2025-12,CUST-10961,Meta,91.88,Southwest
ORD-100747,2025-08-19,2025-08,CUST-10743,Google Ads,223.15,West
ORD-100921,2025-10-02,2025-10,CUST-11145,Google Ads,167.76,Midwest
ORD-101705,2026-04-21,2026-04,CUST-10938,Organic,379.63,Midwest
ORD-100146,2025-02-19,2025-02,CUST-10857,Google Ads,316.01,Northeast
ORD-100278,2025-04-04,2025-04,CUST-10905,Google Ads,199.53,West
ORD-100430,2025-05-17,2025-05,CUST-10307,Meta,90.97,Northeast
ORD-100623,2025-07-13,2025-07,CUST-10076,Meta,166.33,Northeast
ORD-100377,2025-05-03,2025-05,CUST-10433,Email,323.64,West
ORD-101842,2026-05-29,2026-05,CUST-11234,Google Ads,218.06,Southeast
ORD-100744,2025-08-18,2025-08,CUST-11109,Google Ads,393.73,Southeast
ORD-100374,2025-05-02,2025-05,CUST-10031,Google Ads,188.6,Southeast
ORD-100367,2025-05-01,2025-05,CUST-10095,Google Ads,513.99,Southeast
ORD-100816,2025-09-04,2025-09,CUST-10378,Meta,283.34,Northeast
ORD-101905,2026-06-13,2026-06,CUST-10730,Google Ads,469.32,Northeast
ORD-100259,2025-03-29,2025-03,CUST-11229,Google Ads,88.59,Southwest
ORD-101622,2026-03-30,2026-03,CUST-10312,Email,435.81,Northeast
ORD-101526,2026-03-04,2026-03,CUST-10821,Google Ads,437.67,Midwest
ORD-101436,2026-02-05,2026-02,CUST-10887,Meta,231.66,West
ORD-100875,2025-09-20,2025-09,CUST-10739,Meta,132.53,West
ORD-101139,2025-11-23,2025-11,CUST-10234,Meta,141.53,Midwest
ORD-101832,2026-05-26,2026-05,CUST-10004,Meta,90.97,Southeast
ORD-100651,2025-07-21,2025-07,CUST-11057,Google Ads,182.17,Northeast
ORD-101839,2026-05-28,2026-05,CUST-10836,Affiliate,143.9,West
ORD-100217,2025-03-19,2025-03,CUST-10514,Google Ads,201.29,Southwest
ORD-101944,2026-06-23,2026-06,CUST-10708,Organic,378.54,Northeast
ORD-100141,2025-02-19,2025-02,CUST-10381,Email,254.54,Southeast
ORD-100339,2025-04-22,2025-04,CUST-10391,Meta,161.41,West
ORD-101109,2025-11-18,2025-11,CUST-11137,Organic,396.28,West
ORD-100119,2025-02-11,2025-02,CUST-10875,Affiliate,145.59,West
ORD-100313,2025-04-13,2025-04,CUST-10975,Organic,217.47,Midwest
ORD-101118,2025-11-20,2025-11,CUST-10507,Google Ads,226.7,Unknown
ORD-100528,2025-06-14,2025-06,CUST-10403,Email,178.41,Southeast
ORD-100344,2025-04-22,2025-04,CUST-10297,Google Ads,313.26,West
ORD-100997,2025-10-23,2025-10,CUST-11278,Organic,194.54,Southeast
ORD-100872,2025-09-20,2025-09,CUST-10498,Google Ads,689.58,Midwest
ORD-101827,2026-05-25,2026-05,CUST-10227,Meta,153.46,Northeast
ORD-101913,2026-06-14,2026-06,CUST-10078,Google Ads,381.99,West
ORD-101587,2026-03-19,2026-03,CUST-10749,Meta,204.21,West
ORD-101128,2025-11-21,2025-11,CUST-10301,Meta,133.44,West
ORD-100666,2025-07-25,2025-07,CUST-11145,Email,414.84,Northeast
ORD-101276,2025-12-22,2025-12,CUST-10315,Google Ads,319.97,Midwest
ORD-101010,2025-10-28,2025-10,CUST-10549,Meta,214.42,Midwest
ORD-100450,2025-05-25,2025-05,CUST-10239,Google Ads,265.03,Northeast
ORD-100179,2025-03-05,2025-03,CUST-10775,Email,330.18,West
ORD-101484,2026-02-21,2026-02,CUST-11165,Affiliate,142.98,Southeast
ORD-100454,2025-05-25,2025-05,CUST-10639,Google Ads,200.41,Southeast
ORD-101078,2025-11-11,2025-11,CUST-10499,Google Ads,656.11,Northeast
ORD-100635,2025-07-18,2025-07,CUST-10419,Google Ads,123.86,Northeast
ORD-100328,2025-04-18,2025-04,CUST-10153,Google Ads,362.01,Southwest
ORD-100734,2025-08-13,2025-08,CUST-11281,Meta,151.01,Southeast
ORD-100578,2025-06-29,2025-06,CUST-10998,Email,162.26,Southwest
ORD-101122,2025-11-20,2025-11,CUST-10630,Meta,237.85,West
ORD-101706,2026-04-21,2026-04,CUST-10894,Google Ads,557.47,West
ORD-101653,2026-04-06,2026-04,CUST-10718,Google Ads,523.28,West
ORD-101575,2026-03-16,2026-03,CUST-10804,Meta,316.05,Southeast
ORD-100071,2025-01-28,2025-01,CUST-10148,Meta,257.34,West
ORD-100562,2025-06-24,2025-06,CUST-10970,Affiliate,186.13,West
ORD-100765,2025-08-23,2025-08,CUST-10414,Email,322.47,Midwest
ORD-100392,2025-05-07,2025-05,CUST-11242,Organic,679.21,Southeast
ORD-100474,2025-05-30,2025-05,CUST-11130,Google Ads,311.05,Northeast
ORD-100426,2025-05-16,2025-05,CUST-10371,Meta,457.55,Southeast
ORD-101874,2026-06-06,2026-06,CUST-10600,Google Ads,335.69,Southeast
ORD-101461,2026-02-14,2026-02,CUST-10253,Google Ads,443.89,Northeast
ORD-100200,2025-03-14,2025-03,CUST-11092,Google Ads,191.34,Northeast
ORD-100565,2025-06-24,2025-06,CUST-10552,Google Ads,245.85,Southwest
ORD-101251,2025-12-16,2025-12,CUST-10859,Meta,115.54,Southeast
ORD-101113,2025-11-19,2025-11,CUST-10495,Google Ads,170.14,Southeast
ORD-100308,2025-04-12,2025-04,CUST-10720,Meta,139.83,Southeast
ORD-101261,2025-12-18,2025-12,CUST-10036,Email,265.51,Northeast
ORD-101380,2026-01-18,2026-01,CUST-10661,Email,405.91,Southeast
ORD-101690,2026-04-17,2026-04,CUST-11130,Google Ads,200.98,Midwest
ORD-100800,2025-09-01,2025-09,CUST-10814,Google Ads,297.41,West
ORD-100603,2025-07-06,2025-07,CUST-10832,Meta,289.39,Unknown
ORD-100769,2025-08-24,2025-08,CUST-10583,Email,303.71,Southwest
ORD-101628,2026-03-31,2026-03,CUST-10165,Meta,186.35,West
ORD-100116,2025-02-11,2025-02,CUST-10061,Meta,96.41,Northeast
ORD-101226,2025-12-11,2025-12,CUST-10732,Meta,322.13,West
ORD-100298,2025-04-10,2025-04,CUST-11126,Google Ads,538.15,Midwest
ORD-101660,2026-04-08,2026-04,CUST-10225,Google Ads,498.76,Unknown
ORD-100501,2025-06-08,2025-06,CUST-10388,Google Ads,178.29,Midwest
ORD-101530,2026-03-06,2026-03,CUST-11151,Google Ads,458.57,Southeast
ORD-101159,2025-11-27,2025-11,CUST-10333,Email,106.71,Northeast
ORD-100004,2025-01-03,2025-01,CUST-11170,Google Ads,243.74,West
ORD-101186,2025-12-02,2025-12,CUST-10193,Google Ads,352.82,Northeast
ORD-100507,2025-06-09,2025-06,CUST-10049,Google Ads,229.03,Southeast
ORD-100046,2025-01-21,2025-01,CUST-11094,Google Ads,293.53,Midwest
ORD-101269,2025-12-20,2025-12,CUST-10312,Google Ads,99.55,West
ORD-101825,2026-05-24,2026-05,CUST-10021,Organic,225.6,West
ORD-100431,2025-05-17,2025-05,CUST-11269,Meta,361.95,Northeast
ORD-101022,2025-10-31,2025-10,CUST-11102,Google Ads,191.06,Southeast
ORD-100330,2025-04-19,2025-04,CUST-10798,Email,326.92,Southeast
ORD-101599,2026-03-23,2026-03,CUST-10532,Affiliate,356.63,Northeast
ORD-101401,2026-01-24,2026-01,CUST-10772,Affiliate,124.35,Northeast
ORD-100593,2025-07-03,2025-07,CUST-11151,Google Ads,387.81,Northeast
ORD-100561,2025-06-24,2025-06,CUST-10497,Affiliate,173.49,Midwest
ORD-101588,2026-03-19,2026-03,CUST-11033,Google Ads,387.7,West
ORD-100194,2025-03-13,2025-03,CUST-11282,Meta,130.24,Northeast
ORD-101957,2026-06-30,2026-06,CUST-11157,Google Ads,191.02,Northeast
ORD-101215,2025-12-08,2025-12,CUST-11078,Google Ads,314.25,Southeast
ORD-101491,2026-02-22,2026-02,CUST-10922,Affiliate,524.08,Northeast
ORD-100351,2025-04-24,2025-04,CUST-10975,Google Ads,227.44,Southwest
ORD-101011,2025-10-28,2025-10,CUST-11045,Google Ads,274.03,Southeast
ORD-100463,2025-05-27,2025-05,CUST-10540,Google Ads,189.38,Northeast
ORD-101781,2026-05-11,2026-05,CUST-10193,Meta,243.93,Southeast
ORD-100465,2025-05-28,2025-05,CUST-10959,Google Ads,136.63,West
ORD-101042,2025-11-03,2025-11,CUST-10743,Email,315.52,Southwest
ORD-100341,2025-04-22,2025-04,CUST-10785,Google Ads,246.42,Southwest
ORD-101796,2026-05-16,2026-05,CUST-10239,Google Ads,440.02,Southwest
ORD-100396,2025-05-07,2025-05,CUST-11280,Google Ads,248.72,Northeast
ORD-100109,2025-02-09,2025-02,CUST-10044,Meta,198.32,Northeast
ORD-101340,2026-01-04,2026-01,CUST-10935,Meta,142.24,West
ORD-101577,2026-03-16,2026-03,CUST-10225,Google Ads,96.45,Southeast
ORD-101729,2026-04-27,2026-04,CUST-10798,Google Ads,89.04,West
ORD-101336,2026-01-03,2026-01,CUST-11009,Affiliate,183.85,Southwest
ORD-100540,2025-06-17,2025-06,CUST-10665,Email,272.74,Midwest
ORD-100471,2025-05-30,2025-05,CUST-10659,Google Ads,95.29,Northeast
ORD-101241,2025-12-14,2025-12,CUST-11159,Email,230.55,Southeast
ORD-100095,2025-02-05,2025-02,CUST-10691,Google Ads,203.39,Midwest
ORD-101638,2026-04-02,2026-04,CUST-10595,Organic,250.88,West
ORD-101509,2026-02-28,2026-02,CUST-10582,Meta,529.65,Northeast
ORD-100019,2025-01-11,2025-01,CUST-10240,Google Ads,360.41,Southeast
ORD-100663,2025-07-23,2025-07,CUST-10334,Google Ads,338.55,Southwest
ORD-101830,2026-05-26,2026-05,CUST-11078,Organic,305.18,Unknown
ORD-101928,2026-06-18,2026-06,CUST-10228,Meta,186.43,Southeast
ORD-101124,2025-11-21,2025-11,CUST-10581,Meta,294.02,Northeast
ORD-101257,2025-12-17,2025-12,CUST-11285,Organic,184.08,Southeast
ORD-100340,2025-04-22,2025-04,CUST-10917,Google Ads,590.08,Midwest
ORD-101601,2026-03-23,2026-03,CUST-11295,Organic,266.29,Midwest
ORD-100947,2025-10-10,2025-10,CUST-11109,Google Ads,536.65,Northeast
ORD-101589,2026-03-19,2026-03,CUST-10424,Organic,241.9,Northeast
ORD-100222,2025-03-20,2025-03,CUST-10323,Meta,75.61,West
ORD-101077,2025-11-11,2025-11,CUST-10049,Meta,107.67,West
ORD-100669,2025-07-25,2025-07,CUST-10164,Organic,381.42,Southeast
ORD-101038,2025-11-03,2025-11,CUST-10370,Google Ads,338.85,Northeast
ORD-100684,2025-07-29,2025-07,CUST-11032,Google Ads,225.9,Northeast
ORD-100111,2025-02-09,2025-02,CUST-10455,Google Ads,217.47,Northeast
ORD-101529,2026-03-05,2026-03,CUST-10435,Meta,475.97,Southeast
ORD-100412,2025-05-12,2025-05,CUST-10629,Meta,190.74,Southeast
ORD-100358,2025-04-27,2025-04,CUST-10828,Google Ads,187.34,Southeast
ORD-100287,2025-04-07,2025-04,CUST-10034,Google Ads,216.67,Northeast
ORD-101304,2025-12-28,2025-12,CUST-10538,Affiliate,78.84,Midwest
ORD-100887,2025-09-24,2025-09,CUST-10579,Google Ads,183.86,Southeast
ORD-100488,2025-06-02,2025-06,CUST-10639,Email,677.88,Southeast
ORD-100419,2025-05-14,2025-05,CUST-10625,Affiliate,222.9,Southeast
ORD-100415,2025-05-13,2025-05,CUST-11264,Meta,482.14,West
ORD-101382,2026-01-18,2026-01,CUST-10371,Affiliate,305.78,Unknown
ORD-101845,2026-05-30,2026-05,CUST-11079,Organic,170.98,Southwest
ORD-100746,2025-08-19,2025-08,CUST-10289,Affiliate,190.14,Southeast
ORD-101820,2026-05-21,2026-05,CUST-10048,Meta,229.69,Northeast
ORD-100017,2025-01-10,2025-01,CUST-10130,Google Ads,231.21,Northeast
ORD-101499,2026-02-25,2026-02,CUST-11031,Google Ads,228.58,Midwest
ORD-101930,2026-06-19,2026-06,CUST-11041,Google Ads,183.34,Southwest
ORD-101894,2026-06-11,2026-06,CUST-11228,Meta,309.64,Southeast
ORD-100898,2025-09-27,2025-09,CUST-11083,Meta,168.65,Midwest
ORD-100514,2025-06-11,2025-06,CUST-10978,Meta,194.65,Northeast
ORD-100525,2025-06-13,2025-06,CUST-10069,Google Ads,152.71,West
ORD-101609,2026-03-27,2026-03,CUST-10227,Affiliate,140.04,West
ORD-100054,2025-01-22,2025-01,CUST-10001,Google Ads,196.42,Northeast
ORD-100263,2025-03-30,2025-03,CUST-11177,Email,347.28,Southwest
ORD-100101,2025-02-06,2025-02,CUST-10141,Google Ads,283.21,Midwest
ORD-100275,2025-04-03,2025-04,CUST-10723,Google Ads,715.03,Southeast
ORD-100858,2025-09-16,2025-09,CUST-11278,Meta,209.67,Southwest
ORD-100951,2025-10-11,2025-10,CUST-11279,Google Ads,354.84,West
ORD-100249,2025-03-26,2025-03,CUST-10549,Meta,319.79,Southeast
ORD-100967,2025-10-15,2025-10,CUST-10932,Organic,427.09,Unknown
ORD-101417,2026-01-31,2026-01,CUST-10424,Google Ads,333.2,Northeast
ORD-100386,2025-05-05,2025-05,CUST-10981,Organic,676.68,Northeast
ORD-100556,2025-06-21,2025-06,CUST-10230,Google Ads,194.2,Northeast
ORD-101395,2026-01-23,2026-01,CUST-10720,Google Ads,97.4,Southeast
ORD-101049,2025-11-05,2025-11,CUST-10963,Email,439.38,Midwest
ORD-101752,2026-05-02,2026-05,CUST-10144,Google Ads,179.78,West
ORD-101343,2026-01-05,2026-01,CUST-10197,Organic,305.31,Southwest
ORD-100060,2025-01-23,2025-01,CUST-10334,Meta,336.2,Midwest
ORD-100363,2025-04-28,2025-04,CUST-10334,Organic,259.31,Southeast
ORD-101183,2025-12-01,2025-12,CUST-10469,Affiliate,177.26,West
ORD-101659,2026-04-08,2026-04,CUST-10996,Email,337.83,Northeast
ORD-100210,2025-03-17,2025-03,CUST-10800,Organic,216.18,Southeast
ORD-100281,2025-04-04,2025-04,CUST-10757,Google Ads,91.26,West
ORD-101414,2026-01-30,2026-01,CUST-10853,Meta,254.6,Unknown
ORD-100637,2025-07-18,2025-07,CUST-10477,Google Ads,289.04,Southwest
ORD-100517,2025-06-11,2025-06,CUST-10706,Google Ads,62.84,Midwest
ORD-101293,2025-12-26,2025-12,CUST-10770,Google Ads,183.02,Southeast
ORD-101227,2025-12-11,2025-12,CUST-10160,Meta,217.01,Midwest
ORD-101008,2025-10-27,2025-10,CUST-11299,Email,98.35,Southwest
ORD-101324,2025-12-31,2025-12,CUST-10338,Google Ads,82.84,Southeast
ORD-101669,2026-04-11,2026-04,CUST-11204,Google Ads,522.74,West
ORD-100324,2025-04-17,2025-04,CUST-10270,Google Ads,195.88,Midwest
ORD-100504,2025-06-09,2025-06,CUST-10731,Google Ads,194.26,Southeast
ORD-101687,2026-04-17,2026-04,CUST-10293,Google Ads,113.1,West
ORD-100028,2025-01-14,2025-01,CUST-11147,Email,409.07,Northeast
ORD-101623,2026-03-31,2026-03,CUST-11053,Meta,219.47,West
ORD-100587,2025-07-01,2025-07,CUST-10586,Google Ads,270.54,Northeast
ORD-101192,2025-12-02,2025-12,CUST-10095,Google Ads,483.49,Unknown
ORD-100728,2025-08-11,2025-08,CUST-11067,Google Ads,132.45,Southeast
ORD-101777,2026-05-10,2026-05,CUST-10228,Google Ads,279.91,West
ORD-100224,2025-03-20,2025-03,CUST-10290,Meta,116.41,Northeast
ORD-101854,2026-06-01,2026-06,CUST-10054,Meta,463.85,West
ORD-101173,2025-11-30,2025-11,CUST-11257,Email,291.18,Midwest
ORD-100820,2025-09-06,2025-09,CUST-10461,Email,178.33,Southeast
ORD-100856,2025-09-16,2025-09,CUST-10133,Google Ads,168.62,Midwest
ORD-101732,2026-04-28,2026-04,CUST-10424,Affiliate,160.74,Northeast
ORD-101471,2026-02-16,2026-02,CUST-10034,Meta,599.78,Southeast
ORD-101747,2026-05-02,2026-05,CUST-10844,Google Ads,311.34,Northeast
ORD-101841,2026-05-28,2026-05,CUST-10473,Affiliate,207.72,Southeast
ORD-101799,2026-05-17,2026-05,CUST-11111,Meta,102.77,Southeast
ORD-100399,2025-05-09,2025-05,CUST-10152,Email,356.67,Northeast
ORD-100860,2025-09-17,2025-09,CUST-10959,Google Ads,532.33,Midwest
ORD-100151,2025-02-21,2025-02,CUST-10306,Google Ads,179.12,West
ORD-100215,2025-03-18,2025-03,CUST-10692,Email,158.75,West
ORD-100098,2025-02-05,2025-02,CUST-10509,Google Ads,124.78,Southeast
ORD-100492,2025-06-02,2025-06,CUST-11123,Meta,309.28,West
ORD-101084,2025-11-12,2025-11,CUST-10037,Meta,265.16,Northeast
ORD-101379,2026-01-16,2026-01,CUST-10998,Google Ads,459.38,West
ORD-101286,2025-12-25,2025-12,CUST-10309,Google Ads,240.31,Midwest
ORD-101470,2026-02-16,2026-02,CUST-10021,Google Ads,262.3,West
ORD-100012,2025-01-07,2025-01,CUST-10865,Meta,163.3,Midwest
ORD-100688,2025-07-30,2025-07,CUST-10210,Google Ads,228.51,Northeast
ORD-101719,2026-04-24,2026-04,CUST-11036,Google Ads,198.99,West
ORD-100167,2025-02-28,2025-02,CUST-10794,Google Ads,142.58,Northeast
ORD-100758,2025-08-21,2025-08,CUST-10733,Meta,185.51,West
ORD-101888,2026-06-10,2026-06,CUST-10774,Google Ads,520.06,Midwest
ORD-100188,2025-03-09,2025-03,CUST-11294,Meta,309.71,Southeast
ORD-101803,2026-05-17,2026-05,CUST-10689,Meta,167.36,Southeast
ORD-100043,2025-01-20,2025-01,CUST-10117,Google Ads,302.54,Southwest
ORD-101090,2025-11-13,2025-11,CUST-10299,Google Ads,896.66,Northeast
ORD-100009,2025-01-06,2025-01,CUST-10424,Meta,65.17,Southwest
ORD-101338,2026-01-03,2026-01,CUST-11139,Google Ads,613.9,West
ORD-100147,2025-02-20,2025-02,CUST-11225,Affiliate,113.59,Midwest
ORD-101773,2026-05-09,2026-05,CUST-11175,Google Ads,675.34,West
ORD-100013,2025-01-08,2025-01,CUST-10395,Email,231.34,Midwest
ORD-100389,2025-05-06,2025-05,CUST-11093,Email,497.22,Midwest
ORD-100946,2025-10-10,2025-10,CUST-10542,Email,862.03,Southwest
ORD-100596,2025-07-04,2025-07,CUST-10873,Meta,403.28,Southeast
ORD-101524,2026-03-04,2026-03,CUST-11053,Google Ads,171.96,Midwest
ORD-101487,2026-02-22,2026-02,CUST-11169,Google Ads,243.46,Northeast
ORD-101889,2026-06-10,2026-06,CUST-11010,Google Ads,257.87,West
ORD-100956,2025-10-12,2025-10,CUST-10800,Google Ads,96.83,Southwest
ORD-101696,2026-04-18,2026-04,CUST-11126,Meta,488.86,Northeast
ORD-101776,2026-05-10,2026-05,CUST-10791,Email,598.57,Midwest
ORD-100674,2025-07-27,2025-07,CUST-10011,Google Ads,319.46,Northeast
ORD-100701,2025-08-03,2025-08,CUST-10271,Email,297.1,West
ORD-101273,2025-12-22,2025-12,CUST-10029,Affiliate,305.74,Southeast
ORD-101479,2026-02-19,2026-02,CUST-10990,Email,473.77,West
ORD-101936,2026-06-20,2026-06,CUST-11196,Google Ads,350.93,West
ORD-100455,2025-05-26,2025-05,CUST-10089,Meta,195.2,Northeast
ORD-100927,2025-10-04,2025-10,CUST-10108,Meta,214.62,West
ORD-100683,2025-07-29,2025-07,CUST-11130,Meta,204.21,Midwest
ORD-101157,2025-11-27,2025-11,CUST-11083,Google Ads,138.82,Northeast
ORD-100506,2025-06-09,2025-06,CUST-10829,Google Ads,313.87,Northeast
ORD-100025,2025-01-13,2025-01,CUST-10482,Email,586.54,West
ORD-101203,2025-12-06,2025-12,CUST-10901,Meta,393.6,Southeast
ORD-101453,2026-02-11,2026-02,CUST-10604,Google Ads,189.13,Southeast
ORD-101152,2025-11-25,2025-11,CUST-11016,Google Ads,115.53,Midwest
ORD-100830,2025-09-08,2025-09,CUST-11094,Meta,548.24,West
ORD-100115,2025-02-10,2025-02,CUST-10530,Meta,174.07,Northeast
ORD-100024,2025-01-13,2025-01,CUST-11082,Meta,329.6,Northeast
ORD-100370,2025-05-01,2025-05,CUST-11264,Google Ads,271.48,Northeast
ORD-101794,2026-05-15,2026-05,CUST-10040,Meta,372.23,Northeast
ORD-100096,2025-02-05,2025-02,CUST-10814,Email,823.79,Midwest
ORD-101435,2026-02-05,2026-02,CUST-10216,Google Ads,245.18,Southeast
ORD-100953,2025-10-11,2025-10,CUST-10025,Meta,338.2,Southwest
ORD-101443,2026-02-07,2026-02,CUST-10549,Google Ads,177.95,Southeast
ORD-100099,2025-02-06,2025-02,CUST-10061,Google Ads,354.95,West
ORD-101656,2026-04-07,2026-04,CUST-10413,Google Ads,261.83,Northeast
ORD-101490,2026-02-22,2026-02,CUST-11017,Organic,178.22,Northeast
ORD-101046,2025-11-04,2025-11,CUST-10616,Email,593.36,West
ORD-100357,2025-04-26,2025-04,CUST-11079,Affiliate,208.68,Northeast
ORD-100943,2025-10-09,2025-10,CUST-10046,Meta,241.12,Southeast
ORD-100571,2025-06-27,2025-06,CUST-10753,Meta,179.62,Southeast
ORD-101818,2026-05-21,2026-05,CUST-10625,Google Ads,497.11,Northeast
ORD-101137,2025-11-23,2025-11,CUST-10424,Email,179.06,Northeast
ORD-100779,2025-08-25,2025-08,CUST-10433,Meta,169.78,West
ORD-101208,2025-12-06,2025-12,CUST-11017,Google Ads,192.31,Northeast
ORD-101761,2026-05-04,2026-05,CUST-10044,Email,176.71,West
ORD-101698,2026-04-20,2026-04,CUST-10104,Email,205.35,Northeast
ORD-100270,2025-04-01,2025-04,CUST-10307,Email,191.14,West
ORD-100118,2025-02-11,2025-02,CUST-10306,Google Ads,290.95,Midwest
ORD-100117,2025-02-11,2025-02,CUST-10647,Affiliate,268.05,Unknown
ORD-101901,2026-06-12,2026-06,CUST-10866,Google Ads,229.59,Midwest
ORD-101614,2026-03-28,2026-03,CUST-10410,Google Ads,206.87,Northeast
ORD-101463,2026-02-15,2026-02,CUST-10025,Email,552.76,Southeast
ORD-100977,2025-10-18,2025-10,CUST-11240,Affiliate,248.23,West
ORD-100740,2025-08-17,2025-08,CUST-10498,Organic,212.27,Southeast
ORD-101083,2025-11-12,2025-11,CUST-11293,Google Ads,155.66,Southeast
ORD-100164,2025-02-26,2025-02,CUST-10306,Google Ads,341.16,West
ORD-101256,2025-12-17,2025-12,CUST-10028,Affiliate,172.12,Northeast
ORD-101483,2026-02-21,2026-02,CUST-10916,Google Ads,266.33,Southwest
ORD-101790,2026-05-14,2026-05,CUST-10522,Google Ads,477.86,Northeast
ORD-101583,2026-03-18,2026-03,CUST-11187,Meta,186.54,West
ORD-101592,2026-03-21,2026-03,CUST-11046,Google Ads,160.23,Southeast
ORD-100142,2025-02-19,2025-02,CUST-10506,Email,249.6,Midwest
ORD-100113,2025-02-10,2025-02,CUST-10727,Google Ads,267.32,Northeast
ORD-101187,2025-12-02,2025-12,CUST-10801,Google Ads,239.4,Northeast
ORD-100378,2025-05-04,2025-05,CUST-10325,Google Ads,301.35,West
ORD-100063,2025-01-25,2025-01,CUST-10141,Meta,118.55,West
ORD-101376,2026-01-16,2026-01,CUST-11153,Google Ads,195.32,Southwest
ORD-101511,2026-02-28,2026-02,CUST-11299,Google Ads,358.07,West
ORD-100186,2025-03-08,2025-03,CUST-10418,Google Ads,405.27,Southeast
ORD-101085,2025-11-12,2025-11,CUST-11157,Meta,138.69,Midwest
ORD-101094,2025-11-14,2025-11,CUST-10004,Affiliate,587.94,Southeast
ORD-101018,2025-10-30,2025-10,CUST-11229,Google Ads,219.61,Southeast
ORD-100294,2025-04-08,2025-04,CUST-10293,Google Ads,393.66,Southeast
ORD-101232,2025-12-13,2025-12,CUST-10105,Google Ads,105.34,West
ORD-101738,2026-04-29,2026-04,CUST-11017,Google Ads,303.5,Southeast
ORD-100286,2025-04-06,2025-04,CUST-10980,Google Ads,138.86,Northeast
ORD-101860,2026-06-03,2026-06,CUST-11017,Meta,320.99,Southwest
ORD-101626,2026-03-31,2026-03,CUST-11274,Meta,377.99,Southwest
ORD-100300,2025-04-10,2025-04,CUST-10073,Google Ads,178.53,West
ORD-100467,2025-05-29,2025-05,CUST-10044,Email,225.68,Southeast
ORD-100315,2025-04-14,2025-04,CUST-10663,Google Ads,312.79,Unknown
ORD-100876,2025-09-21,2025-09,CUST-10818,Google Ads,170.8,Northeast
ORD-100672,2025-07-26,2025-07,CUST-10906,Google Ads,250.97,Southeast
ORD-100359,2025-04-28,2025-04,CUST-11263,Google Ads,212.98,Northeast
ORD-100130,2025-02-16,2025-02,CUST-10128,Organic,227.06,West
ORD-100855,2025-09-15,2025-09,CUST-10568,Google Ads,285.03,Southeast
ORD-101329,2025-12-31,2025-12,CUST-11072,Google Ads,339.16,West
ORD-100189,2025-03-09,2025-03,CUST-11157,Meta,136.6,Northeast
ORD-100027,2025-01-14,2025-01,CUST-10844,Meta,161.45,Southeast
ORD-100837,2025-09-11,2025-09,CUST-10303,Meta,338.06,Midwest
ORD-101565,2026-03-13,2026-03,CUST-11167,Google Ads,322.14,Northeast
ORD-100899,2025-09-27,2025-09,CUST-11030,Email,223.86,Northeast
ORD-101581,2026-03-17,2026-03,CUST-10245,Google Ads,385.03,Southeast
ORD-101763,2026-05-05,2026-05,CUST-10663,Meta,336.68,West
ORD-100756,2025-08-20,2025-08,CUST-10183,Google Ads,247.83,Midwest
ORD-100619,2025-07-12,2025-07,CUST-11284,Google Ads,163.18,Midwest
ORD-100757,2025-08-20,2025-08,CUST-10883,Google Ads,232.48,Southeast
ORD-100076,2025-01-29,2025-01,CUST-10167,Meta,228.13,Southeast
ORD-101465,2026-02-15,2026-02,CUST-10553,Organic,459.98,Midwest
ORD-101201,2025-12-05,2025-12,CUST-10338,Google Ads,400.79,Northeast
ORD-101561,2026-03-11,2026-03,CUST-11217,Google Ads,345.89,West
ORD-101162,2025-11-27,2025-11,CUST-10700,Meta,212.98,Midwest
ORD-101267,2025-12-19,2025-12,CUST-10119,Meta,232.6,Midwest
ORD-100266,2025-03-30,2025-03,CUST-10109,Affiliate,110.47,West
ORD-100594,2025-07-03,2025-07,CUST-10938,Google Ads,73.82,West
ORD-100704,2025-08-03,2025-08,CUST-10124,Google Ads,792.87,Midwest
ORD-100325,2025-04-17,2025-04,CUST-10376,Google Ads,263.73,West
ORD-101127,2025-11-21,2025-11,CUST-10770,Email,210.48,Northeast
ORD-100863,2025-09-18,2025-09,CUST-10940,Affiliate,278.09,Midwest
ORD-100630,2025-07-17,2025-07,CUST-10370,Affiliate,129.53,West
ORD-101494,2026-02-24,2026-02,CUST-11053,Meta,121.4,Midwest
ORD-100075,2025-01-29,2025-01,CUST-11036,Google Ads,220.05,Midwest
ORD-101433,2026-02-05,2026-02,CUST-10810,Google Ads,208.84,Southeast
ORD-101606,2026-03-25,2026-03,CUST-10820,Organic,633.43,Midwest
ORD-100901,2025-09-27,2025-09,CUST-10047,Google Ads,208.11,Southeast
ORD-100717,2025-08-08,2025-08,CUST-10577,Google Ads,259.36,Southeast
ORD-100737,2025-08-14,2025-08,CUST-10706,Google Ads,681.93,West
ORD-101268,2025-12-20,2025-12,CUST-10510,Google Ads,531.46,West
ORD-101307,2025-12-28,2025-12,CUST-11023,Google Ads,324.91,Northeast
ORD-100829,2025-09-08,2025-09,CUST-10181,Email,607.75,Southeast
ORD-100833,2025-09-09,2025-09,CUST-11264,Affiliate,38.37,Northeast
ORD-100180,2025-03-06,2025-03,CUST-10621,Google Ads,215.98,Midwest
ORD-100742,2025-08-17,2025-08,CUST-10070,Google Ads,214.14,West
ORD-101637,2026-04-02,2026-04,CUST-10206,Organic,331.63,West
ORD-100915,2025-10-01,2025-10,CUST-10294,Email,127.66,Southeast
ORD-100376,2025-05-03,2025-05,CUST-10987,Google Ads,118.9,Southeast
ORD-100662,2025-07-23,2025-07,CUST-10981,Meta,115.97,West
ORD-100023,2025-01-12,2025-01,CUST-10549,Google Ads,214.22,West
ORD-100346,2025-04-23,2025-04,CUST-10944,Google Ads,214.56,Midwest
ORD-101634,2026-04-01,2026-04,CUST-10481,Meta,234.51,Southwest
ORD-101736,2026-04-29,2026-04,CUST-10270,Google Ads,196.45,Southwest
ORD-100008,2025-01-05,2025-01,CUST-10206,Google Ads,230.35,Southeast
ORD-100228,2025-03-21,2025-03,CUST-10557,Email,167.89,Northeast
ORD-100489,2025-06-02,2025-06,CUST-10693,Meta,267.38,Southeast
ORD-100213,2025-03-17,2025-03,CUST-10899,Google Ads,145.6,Southeast
ORD-100817,2025-09-05,2025-09,CUST-10933,Google Ads,261.71,Midwest
ORD-101450,2026-02-11,2026-02,CUST-10586,Google Ads,607.27,Southeast
ORD-100449,2025-05-25,2025-05,CUST-11135,Google Ads,258.2,Southeast
ORD-100725,2025-08-10,2025-08,CUST-11202,Organic,281.14,Midwest
ORD-100015,2025-01-09,2025-01,CUST-11126,Affiliate,90.16,Southeast
ORD-101801,2026-05-17,2026-05,CUST-10665,Meta,105.6,West
ORD-101771,2026-05-08,2026-05,CUST-10815,Organic,261.52,Southeast
ORD-100643,2025-07-20,2025-07,CUST-10214,Affiliate,251.22,Southeast
ORD-101301,2025-12-27,2025-12,CUST-10229,Meta,153.23,Southwest
ORD-101333,2026-01-02,2026-01,CUST-10656,Email,104.12,Midwest
ORD-100546,2025-06-19,2025-06,CUST-10844,Google Ads,260.62,Southeast
ORD-101153,2025-11-25,2025-11,CUST-10958,Meta,269.23,Unknown
ORD-100640,2025-07-19,2025-07,CUST-11075,Affiliate,168.8,West
ORD-100354,2025-04-24,2025-04,CUST-10650,Google Ads,445.0,Northeast
ORD-100768,2025-08-24,2025-08,CUST-10160,Email,496.25,Northeast
ORD-100207,2025-03-16,2025-03,CUST-11157,Google Ads,255.29,Unknown
ORD-101374,2026-01-15,2026-01,CUST-10934,Google Ads,65.99,Southeast
ORD-100961,2025-10-14,2025-10,CUST-10604,Affiliate,442.54,Northeast
ORD-101074,2025-11-10,2025-11,CUST-10680,Google Ads,172.48,West
ORD-100416,2025-05-13,2025-05,CUST-10797,Google Ads,482.76,West
ORD-100398,2025-05-08,2025-05,CUST-10137,Google Ads,244.96,West
ORD-101058,2025-11-07,2025-11,CUST-10182,Email,303.59,Southeast
ORD-101167,2025-11-28,2025-11,CUST-10423,Meta,94.93,Southwest
ORD-100687,2025-07-30,2025-07,CUST-10056,Google Ads,403.43,Southeast
ORD-100442,2025-05-21,2025-05,CUST-10205,Meta,125.02,Southeast
ORD-101650,2026-04-05,2026-04,CUST-10772,Meta,99.1,Northeast
ORD-100602,2025-07-05,2025-07,CUST-10660,Meta,114.15,Midwest
ORD-101904,2026-06-13,2026-06,CUST-10261,Affiliate,93.69,Southeast
ORD-100348,2025-04-23,2025-04,CUST-10466,Meta,481.64,Midwest
ORD-100762,2025-08-22,2025-08,CUST-10732,Google Ads,118.59,Midwest
ORD-100403,2025-05-10,2025-05,CUST-11252,Meta,66.87,Midwest
ORD-100362,2025-04-28,2025-04,CUST-11226,Affiliate,109.09,Southeast
ORD-100026,2025-01-13,2025-01,CUST-10572,Meta,152.31,Southwest
ORD-101903,2026-06-13,2026-06,CUST-11293,Meta,257.67,Southeast
ORD-101168,2025-11-28,2025-11,CUST-11219,Google Ads,253.74,Southeast
ORD-100177,2025-03-04,2025-03,CUST-10583,Meta,449.48,Midwest
ORD-101923,2026-06-16,2026-06,CUST-10081,Affiliate,219.13,Northeast
ORD-100861,2025-09-18,2025-09,CUST-10625,Email,330.05,Midwest
ORD-100610,2025-07-08,2025-07,CUST-10982,Google Ads,474.62,West
ORD-100664,2025-07-23,2025-07,CUST-10792,Google Ads,438.04,West
ORD-100252,2025-03-27,2025-03,CUST-10974,Google Ads,96.62,Northeast
ORD-100414,2025-05-13,2025-05,CUST-10825,Google Ads,118.05,Midwest
ORD-100558,2025-06-22,2025-06,CUST-10582,Email,731.24,Southeast
ORD-100553,2025-06-20,2025-06,CUST-10466,Meta,131.63,Unknown
ORD-100193,2025-03-12,2025-03,CUST-10758,Affiliate,197.66,Midwest
ORD-101133,2025-11-22,2025-11,CUST-10283,Meta,359.36,Southeast
ORD-101710,2026-04-22,2026-04,CUST-10870,Google Ads,319.8,Northeast
ORD-101151,2025-11-25,2025-11,CUST-10023,Google Ads,183.63,Midwest
ORD-100445,2025-05-22,2025-05,CUST-11174,Meta,187.61,Southwest
ORD-101953,2026-06-25,2026-06,CUST-10186,Organic,108.91,West
ORD-100912,2025-10-01,2025-10,CUST-10678,Email,182.72,Northeast
ORD-100972,2025-10-16,2025-10,CUST-10306,Google Ads,322.1,West
ORD-101454,2026-02-12,2026-02,CUST-10770,Email,357.13,Northeast
ORD-100451,2025-05-25,2025-05,CUST-11031,Google Ads,345.11,Unknown
ORD-101389,2026-01-21,2026-01,CUST-11212,Meta,146.4,Midwest
ORD-100464,2025-05-28,2025-05,CUST-10114,Meta,111.09,Southeast
ORD-101088,2025-11-13,2025-11,CUST-11256,Meta,515.16,Southeast
ORD-100458,2025-05-26,2025-05,CUST-10067,Affiliate,290.22,Northeast
ORD-101384,2026-01-19,2026-01,CUST-10878,Email,150.7,Southeast
ORD-101932,2026-06-19,2026-06,CUST-10801,Meta,214.99,Unknown
ORD-100731,2025-08-13,2025-08,CUST-10125,Affiliate,429.6,West
ORD-100369,2025-05-01,2025-05,CUST-10304,Google Ads,717.99,Northeast
ORD-100484,2025-06-01,2025-06,CUST-10692,Meta,320.21,Northeast
ORD-101442,2026-02-07,2026-02,CUST-11109,Meta,228.78,Southeast
ORD-101178,2025-12-01,2025-12,CUST-11265,Google Ads,409.28,West
ORD-100307,2025-04-11,2025-04,CUST-10785,Organic,294.16,Southwest
ORD-100285,2025-04-06,2025-04,CUST-10311,Email,220.89,Northeast
ORD-100611,2025-07-08,2025-07,CUST-10755,Affiliate,365.88,Unknown
ORD-100649,2025-07-21,2025-07,CUST-10035,Email,302.55,West
ORD-100716,2025-08-07,2025-08,CUST-11169,Google Ads,244.39,Southwest
ORD-101377,2026-01-16,2026-01,CUST-10971,Google Ads,123.82,West
ORD-101489,2026-02-22,2026-02,CUST-11169,Affiliate,156.74,Midwest
ORD-101087,2025-11-13,2025-11,CUST-10525,Email,474.26,West
ORD-100657,2025-07-22,2025-07,CUST-10150,Email,73.87,Northeast
ORD-101351,2026-01-06,2026-01,CUST-10240,Google Ads,357.47,Southwest
ORD-100883,2025-09-22,2025-09,CUST-11051,Google Ads,178.95,Southeast
ORD-100699,2025-08-02,2025-08,CUST-10293,Meta,184.91,Midwest
ORD-100824,2025-09-07,2025-09,CUST-10874,Google Ads,1103.3,Midwest
ORD-101925,2026-06-17,2026-06,CUST-10854,Meta,387.89,Midwest
ORD-100097,2025-02-05,2025-02,CUST-10784,Google Ads,368.39,Southwest
ORD-101812,2026-05-19,2026-05,CUST-10859,Email,287.12,West
ORD-100984,2025-10-20,2025-10,CUST-10887,Email,135.78,Southwest
ORD-100810,2025-09-03,2025-09,CUST-10887,Google Ads,668.61,Midwest
ORD-100139,2025-02-18,2025-02,CUST-10238,Google Ads,250.78,Southeast
ORD-101196,2025-12-03,2025-12,CUST-10409,Meta,492.3,Southeast
ORD-101679,2026-04-15,2026-04,CUST-10547,Google Ads,523.38,Southeast
ORD-100698,2025-08-02,2025-08,CUST-10159,Meta,159.94,Southeast
ORD-101347,2026-01-05,2026-01,CUST-11263,Organic,555.91,Midwest
ORD-100905,2025-09-29,2025-09,CUST-10637,Google Ads,67.25,Northeast
ORD-100930,2025-10-05,2025-10,CUST-10008,Meta,169.07,Southwest
ORD-101172,2025-11-30,2025-11,CUST-11135,Email,628.27,West
ORD-100754,2025-08-20,2025-08,CUST-11215,Google Ads,365.05,Southwest
ORD-100128,2025-02-15,2025-02,CUST-10922,Meta,142.19,Midwest
ORD-100739,2025-08-16,2025-08,CUST-10070,Meta,265.32,Southeast
ORD-100658,2025-07-22,2025-07,CUST-10836,Google Ads,90.6,West
ORD-100755,2025-08-20,2025-08,CUST-10145,Google Ads,349.56,Northeast
ORD-101352,2026-01-06,2026-01,CUST-10395,Google Ads,302.51,Northeast
ORD-100522,2025-06-12,2025-06,CUST-10210,Google Ads,326.42,Southwest
ORD-100264,2025-03-30,2025-03,CUST-11033,Google Ads,571.04,Southeast
ORD-101303,2025-12-28,2025-12,CUST-10401,Organic,341.06,West
ORD-101767,2026-05-05,2026-05,CUST-11106,Google Ads,133.69,Southeast
ORD-101580,2026-03-17,2026-03,CUST-10088,Affiliate,267.76,Midwest
ORD-100631,2025-07-17,2025-07,CUST-10475,Email,726.71,Southeast
ORD-100498,2025-06-05,2025-06,CUST-10725,Email,257.54,Southeast
ORD-101635,2026-04-02,2026-04,CUST-10454,Meta,128.58,West
ORD-101319,2025-12-30,2025-12,CUST-11096,Email,188.17,Southeast
ORD-101649,2026-04-05,2026-04,CUST-10394,Meta,240.73,West
ORD-101015,2025-10-30,2025-10,CUST-10726,Meta,236.98,Midwest
ORD-100432,2025-05-17,2025-05,CUST-10743,Google Ads,308.43,Midwest
ORD-101149,2025-11-25,2025-11,CUST-11083,Google Ads,368.11,Southwest
ORD-101701,2026-04-20,2026-04,CUST-10424,Meta,436.96,Southeast
ORD-100068,2025-01-27,2025-01,CUST-10442,Google Ads,217.81,Northeast
ORD-101906,2026-06-14,2026-06,CUST-10067,Organic,203.2,Southeast
ORD-100660,2025-07-23,2025-07,CUST-11264,Google Ads,354.68,Northeast
ORD-101190,2025-12-02,2025-12,CUST-11164,Meta,270.06,Midwest
ORD-100992,2025-10-22,2025-10,CUST-10225,Google Ads,468.85,West
ORD-100573,2025-06-28,2025-06,CUST-10542,Meta,524.96,Midwest
ORD-100334,2025-04-20,2025-04,CUST-11093,Email,819.68,Northeast
ORD-100338,2025-04-21,2025-04,CUST-10461,Organic,283.66,Southeast
ORD-101027,2025-11-01,2025-11,CUST-11177,Google Ads,640.45,Northeast
ORD-100383,2025-05-04,2025-05,CUST-11249,Google Ads,693.58,Northeast
ORD-101493,2026-02-24,2026-02,CUST-11056,Google Ads,45.09,Northeast
ORD-100055,2025-01-22,2025-01,CUST-11191,Google Ads,535.23,West
ORD-100681,2025-07-28,2025-07,CUST-10876,Meta,444.6,West
ORD-101081,2025-11-12,2025-11,CUST-10178,Affiliate,177.68,West
ORD-101911,2026-06-14,2026-06,CUST-10758,Google Ads,156.77,West
ORD-101527,2026-03-05,2026-03,CUST-10206,Email,374.16,West
ORD-100705,2025-08-03,2025-08,CUST-10798,Google Ads,279.64,West
ORD-101671,2026-04-11,2026-04,CUST-10812,Meta,245.37,West
ORD-100170,2025-03-01,2025-03,CUST-10776,Email,219.99,West
ORD-101849,2026-05-31,2026-05,CUST-10978,Google Ads,108.23,Northeast
ORD-101791,2026-05-14,2026-05,CUST-11229,Google Ads,255.35,West
ORD-100326,2025-04-17,2025-04,CUST-10547,Affiliate,136.34,Southeast
ORD-100503,2025-06-08,2025-06,CUST-10318,Google Ads,633.22,Southeast
ORD-100981,2025-10-19,2025-10,CUST-10359,Google Ads,206.34,Southeast
ORD-100409,2025-05-11,2025-05,CUST-10732,Organic,137.71,Northeast
ORD-100297,2025-04-10,2025-04,CUST-10145,Google Ads,119.09,Midwest
ORD-101164,2025-11-28,2025-11,CUST-10909,Google Ads,249.52,Northeast
ORD-101667,2026-04-10,2026-04,CUST-10964,Google Ads,452.98,West
ORD-101355,2026-01-07,2026-01,CUST-10271,Affiliate,198.17,Southeast
ORD-101342,2026-01-04,2026-01,CUST-10161,Organic,292.67,Midwest
ORD-101900,2026-06-12,2026-06,CUST-10227,Google Ads,291.65,West
ORD-100718,2025-08-08,2025-08,CUST-10869,Email,541.69,Northeast
ORD-100671,2025-07-25,2025-07,CUST-10654,Email,282.24,Midwest
ORD-100648,2025-07-21,2025-07,CUST-10349,Google Ads,226.99,Northeast
ORD-101514,2026-03-01,2026-03,CUST-10747,Google Ads,136.16,West
ORD-101673,2026-04-12,2026-04,CUST-10301,Google Ads,375.59,Northeast
ORD-101532,2026-03-06,2026-03,CUST-10396,Organic,228.46,Midwest
ORD-101956,2026-06-29,2026-06,CUST-10859,Google Ads,238.74,West
ORD-100700,2025-08-03,2025-08,CUST-11190,Organic,201.43,West
ORD-100702,2025-08-03,2025-08,CUST-11159,Google Ads,220.47,Southwest
ORD-100531,2025-06-15,2025-06,CUST-10680,Affiliate,307.1,Southeast
ORD-100407,2025-05-11,2025-05,CUST-10373,Meta,207.14,Northeast
ORD-100199,2025-03-14,2025-03,CUST-11017,Google Ads,279.63,West
ORD-100473,2025-05-30,2025-05,CUST-11112,Google Ads,301.47,West
ORD-100729,2025-08-12,2025-08,CUST-11269,Google Ads,65.17,Northeast
ORD-101426,2026-02-03,2026-02,CUST-10850,Google Ads,215.93,Northeast
ORD-100216,2025-03-18,2025-03,CUST-10932,Meta,391.68,Southwest
ORD-100253,2025-03-27,2025-03,CUST-11203,Google Ads,137.78,West
ORD-100152,2025-02-22,2025-02,CUST-10003,Google Ads,194.77,Northeast
ORD-101165,2025-11-28,2025-11,CUST-10210,Google Ads,300.42,Midwest
ORD-101797,2026-05-16,2026-05,CUST-10057,Google Ads,92.56,Midwest
ORD-101247,2025-12-16,2025-12,CUST-10219,Google Ads,175.89,Midwest
ORD-101681,2026-04-15,2026-04,CUST-10311,Email,239.74,Midwest
ORD-101320,2025-12-30,2025-12,CUST-10205,Meta,225.5,Southeast
ORD-101567,2026-03-14,2026-03,CUST-10493,Meta,153.94,Midwest
ORD-101899,2026-06-12,2026-06,CUST-11157,Organic,95.39,Southwest
ORD-101397,2026-01-23,2026-01,CUST-10832,Organic,238.78,Northeast
ORD-100530,2025-06-15,2025-06,CUST-10574,Google Ads,151.2,Southeast
ORD-101132,2025-11-22,2025-11,CUST-11059,Organic,209.21,West
ORD-101244,2025-12-15,2025-12,CUST-10957,Meta,115.59,Midwest
ORD-100240,2025-03-23,2025-03,CUST-10335,Meta,675.14,Northeast
ORD-101309,2025-12-28,2025-12,CUST-10803,Organic,266.33,Southwest
ORD-101642,2026-04-03,2026-04,CUST-10609,Google Ads,197.34,West
ORD-100187,2025-03-09,2025-03,CUST-10153,Meta,238.87,West
ORD-100246,2025-03-26,2025-03,CUST-10336,Affiliate,102.32,Northeast
ORD-100903,2025-09-28,2025-09,CUST-11119,Meta,389.17,Southeast
ORD-101425,2026-02-03,2026-02,CUST-10870,Organic,231.52,West
ORD-101481,2026-02-20,2026-02,CUST-10836,Affiliate,159.82,West
ORD-100882,2025-09-22,2025-09,CUST-10271,Google Ads,528.73,Midwest
ORD-100692,2025-07-31,2025-07,CUST-10446,Organic,416.57,Midwest
ORD-100302,2025-04-11,2025-04,CUST-10032,Email,244.93,Southeast
ORD-100283,2025-04-05,2025-04,CUST-10761,Organic,246.96,Northeast
ORD-100879,2025-09-21,2025-09,CUST-10783,Meta,223.47,Northeast
ORD-100505,2025-06-09,2025-06,CUST-10161,Affiliate,172.75,West
ORD-101917,2026-06-16,2026-06,CUST-10363,Meta,257.34,Southeast
ORD-100321,2025-04-17,2025-04,CUST-10238,Meta,160.2,Midwest
ORD-101955,2026-06-28,2026-06,CUST-10107,Meta,174.05,West
ORD-101252,2025-12-16,2025-12,CUST-10727,Meta,160.83,Southwest
ORD-100832,2025-09-09,2025-09,CUST-10678,Google Ads,302.46,Northeast
ORD-100621,2025-07-13,2025-07,CUST-10985,Google Ads,195.48,Northeast
ORD-101500,2026-02-25,2026-02,CUST-10729,Affiliate,265.02,Southeast
ORD-101034,2025-11-02,2025-11,CUST-10111,Google Ads,287.87,West
ORD-100122,2025-02-12,2025-02,CUST-10709,Google Ads,128.68,Southwest
ORD-101242,2025-12-14,2025-12,CUST-10271,Google Ads,125.95,Southwest
ORD-100510,2025-06-10,2025-06,CUST-11196,Google Ads,300.24,Northeast
ORD-100280,2025-04-04,2025-04,CUST-10145,Meta,297.0,Southwest
ORD-101246,2025-12-16,2025-12,CUST-11017,Google Ads,294.65,Midwest
ORD-101236,2025-12-13,2025-12,CUST-11224,Email,155.04,Southeast
ORD-101934,2026-06-19,2026-06,CUST-10660,Google Ads,126.38,West
ORD-101188,2025-12-02,2025-12,CUST-10069,Google Ads,558.12,West
ORD-101200,2025-12-05,2025-12,CUST-10704,Organic,296.54,Southeast
ORD-101538,2026-03-07,2026-03,CUST-11033,Email,123.64,Midwest
ORD-100677,2025-07-28,2025-07,CUST-10265,Email,76.81,Northeast
ORD-100518,2025-06-11,2025-06,CUST-10346,Google Ads,259.55,West
ORD-101146,2025-11-24,2025-11,CUST-10304,Google Ads,386.34,Southeast
ORD-101510,2026-02-28,2026-02,CUST-10035,Meta,155.1,Northeast
ORD-100067,2025-01-27,2025-01,CUST-10133,Affiliate,165.16,Southeast
ORD-100332,2025-04-19,2025-04,CUST-10981,Google Ads,432.83,Northeast
ORD-100568,2025-06-26,2025-06,CUST-10256,Google Ads,223.46,Midwest
ORD-101829,2026-05-25,2026-05,CUST-11284,Google Ads,153.97,West
ORD-101189,2025-12-02,2025-12,CUST-10028,Affiliate,68.49,Midwest
ORD-101423,2026-02-02,2026-02,CUST-10292,Google Ads,293.08,Southeast
ORD-101683,2026-04-16,2026-04,CUST-10048,Email,302.76,Southeast
ORD-100472,2025-05-30,2025-05,CUST-10493,Affiliate,229.48,Southwest
ORD-101321,2025-12-30,2025-12,CUST-10232,Meta,357.24,Southeast
ORD-100511,2025-06-10,2025-06,CUST-11291,Google Ads,182.63,Southwest
ORD-100477,2025-05-30,2025-05,CUST-11047,Google Ads,119.19,Midwest
ORD-100885,2025-09-23,2025-09,CUST-10145,Organic,429.92,West
ORD-101391,2026-01-22,2026-01,CUST-10424,Google Ads,374.54,West
ORD-100318,2025-04-15,2025-04,CUST-11096,Meta,184.73,Southwest
ORD-100936,2025-10-06,2025-10,CUST-10497,Meta,158.54,West
ORD-101708,2026-04-21,2026-04,CUST-10388,Meta,141.86,Midwest
ORD-100993,2025-10-23,2025-10,CUST-10455,Google Ads,187.64,Unknown
ORD-100581,2025-06-30,2025-06,CUST-10730,Organic,267.04,Midwest
ORD-100132,2025-02-16,2025-02,CUST-10023,Meta,347.46,Southwest
ORD-101713,2026-04-23,2026-04,CUST-10732,Google Ads,182.85,Northeast
ORD-100828,2025-09-08,2025-09,CUST-10547,Meta,134.3,West
ORD-101596,2026-03-22,2026-03,CUST-10881,Google Ads,137.44,Northeast
ORD-100986,2025-10-20,2025-10,CUST-10850,Meta,121.73,Midwest
ORD-101938,2026-06-21,2026-06,CUST-11007,Google Ads,208.96,Midwest
ORD-100368,2025-05-01,2025-05,CUST-10466,Affiliate,188.28,Southeast
ORD-100732,2025-08-13,2025-08,CUST-11001,Google Ads,179.45,Southwest
ORD-101354,2026-01-07,2026-01,CUST-10616,Meta,154.74,West
ORD-100125,2025-02-13,2025-02,CUST-10764,Google Ads,552.24,Northeast
ORD-101602,2026-03-24,2026-03,CUST-11225,Google Ads,417.56,West
ORD-101550,2026-03-10,2026-03,CUST-11220,Meta,142.31,Southeast
ORD-100256,2025-03-28,2025-03,CUST-11066,Meta,197.61,Southwest
ORD-101954,2026-06-27,2026-06,CUST-10187,Affiliate,320.28,Midwest
ORD-101473,2026-02-17,2026-02,CUST-10077,Organic,189.0,Midwest
ORD-100289,2025-04-07,2025-04,CUST-10936,Organic,406.05,West
ORD-100777,2025-08-25,2025-08,CUST-10230,Google Ads,420.14,West
ORD-100081,2025-01-30,2025-01,CUST-10719,Organic,333.73,Midwest
ORD-100053,2025-01-22,2025-01,CUST-10008,Google Ads,518.46,Midwest
ORD-101405,2026-01-26,2026-01,CUST-11130,Meta,99.01,West
ORD-100557,2025-06-22,2025-06,CUST-10562,Email,373.6,Northeast
ORD-100040,2025-01-20,2025-01,CUST-10663,Email,205.44,West
ORD-101120,2025-11-20,2025-11,CUST-10925,Google Ads,383.11,Midwest
ORD-100261,2025-03-29,2025-03,CUST-10004,Google Ads,513.53,Southeast
ORD-101871,2026-06-05,2026-06,CUST-10181,Meta,85.1,West
ORD-100955,2025-10-12,2025-10,CUST-11130,Meta,287.32,Southeast
ORD-100083,2025-02-01,2025-02,CUST-10153,Meta,104.08,Midwest
ORD-101644,2026-04-03,2026-04,CUST-10104,Google Ads,494.37,Northeast
ORD-101205,2025-12-06,2025-12,CUST-10032,Google Ads,186.81,West
ORD-101543,2026-03-08,2026-03,CUST-10681,Google Ads,270.02,Northeast
ORD-100806,2025-09-02,2025-09,CUST-10933,Meta,286.75,Northeast
ORD-100030,2025-01-15,2025-01,CUST-10300,Google Ads,106.24,West
ORD-100513,2025-06-11,2025-06,CUST-11225,Google Ads,580.3,West
ORD-100976,2025-10-18,2025-10,CUST-10941,Google Ads,155.55,Southwest
ORD-101288,2025-12-25,2025-12,CUST-10271,Meta,311.86,Northeast
ORD-101740,2026-04-29,2026-04,CUST-10701,Meta,226.89,West
ORD-101002,2025-10-25,2025-10,CUST-10132,Meta,99.2,Midwest
ORD-101259,2025-12-17,2025-12,CUST-11069,Organic,181.15,Midwest
ORD-101296,2025-12-26,2025-12,CUST-10856,Google Ads,223.83,Northeast
ORD-101582,2026-03-17,2026-03,CUST-10376,Google Ads,203.68,Midwest
ORD-101922,2026-06-16,2026-06,CUST-10722,Google Ads,580.8,Southeast
ORD-100838,2025-09-12,2025-09,CUST-10280,Meta,228.06,Northeast
ORD-101822,2026-05-22,2026-05,CUST-10409,Google Ads,124.21,Northeast
ORD-101861,2026-06-03,2026-06,CUST-10099,Google Ads,320.75,Southeast
ORD-100048,2025-01-21,2025-01,CUST-11007,Affiliate,279.11,Midwest
ORD-101182,2025-12-01,2025-12,CUST-10580,Meta,259.86,West
ORD-101843,2026-05-29,2026-05,CUST-10887,Email,797.5,Midwest
ORD-100153,2025-02-22,2025-02,CUST-11124,Google Ads,196.11,Northeast
ORD-101559,2026-03-11,2026-03,CUST-10725,Affiliate,212.96,Northeast
ORD-101862,2026-06-03,2026-06,CUST-10236,Email,427.85,West
ORD-100394,2025-05-07,2025-05,CUST-10414,Google Ads,292.6,Midwest
ORD-100123,2025-02-12,2025-02,CUST-10783,Google Ads,452.71,Southwest
ORD-100355,2025-04-24,2025-04,CUST-10329,Meta,433.62,West
ORD-100134,2025-02-16,2025-02,CUST-10866,Organic,452.17,Southeast
ORD-100268,2025-03-31,2025-03,CUST-10224,Email,183.39,Southwest
ORD-100385,2025-05-05,2025-05,CUST-10299,Email,264.23,Northeast
ORD-100609,2025-07-08,2025-07,CUST-11078,Google Ads,526.46,Southeast
ORD-100220,2025-03-20,2025-03,CUST-11202,Organic,281.06,Northeast
ORD-100041,2025-01-20,2025-01,CUST-10344,Google Ads,421.69,West
ORD-100219,2025-03-20,2025-03,CUST-10223,Affiliate,328.11,Southeast
ORD-100597,2025-07-04,2025-07,CUST-10991,Google Ads,106.46,Southwest
ORD-101249,2025-12-16,2025-12,CUST-11040,Google Ads,841.19,Midwest
ORD-101238,2025-12-14,2025-12,CUST-10519,Google Ads,588.26,Southeast
ORD-100680,2025-07-28,2025-07,CUST-10306,Meta,216.9,Northeast
ORD-101073,2025-11-10,2025-11,CUST-10948,Email,314.66,West
ORD-101895,2026-06-11,2026-06,CUST-10733,Google Ads,300.9,Northeast
ORD-100840,2025-09-13,2025-09,CUST-10820,Organic,269.15,Northeast
ORD-100541,2025-06-17,2025-06,CUST-11142,Organic,213.29,Southwest
ORD-101041,2025-11-03,2025-11,CUST-11053,Google Ads,585.48,Southeast
ORD-101478,2026-02-19,2026-02,CUST-10870,Google Ads,211.76,Southeast
ORD-101358,2026-01-09,2026-01,CUST-10510,Meta,548.38,Midwest
ORD-101869,2026-06-04,2026-06,CUST-11099,Affiliate,385.9,Midwest
ORD-101198,2025-12-04,2025-12,CUST-10936,Meta,759.72,West
ORD-101316,2025-12-30,2025-12,CUST-11065,Email,280.64,Southwest
ORD-101283,2025-12-24,2025-12,CUST-11202,Meta,254.25,Southeast
ORD-100978,2025-10-18,2025-10,CUST-10552,Organic,223.08,Southeast
ORD-101082,2025-11-12,2025-11,CUST-10693,Google Ads,152.8,Southeast
ORD-101568,2026-03-14,2026-03,CUST-10542,Google Ads,143.19,Northeast
ORD-101775,2026-05-09,2026-05,CUST-10115,Email,298.08,Northeast
ORD-101221,2025-12-10,2025-12,CUST-10036,Google Ads,432.87,West
ORD-101810,2026-05-19,2026-05,CUST-10143,Google Ads,279.65,West
ORD-101872,2026-06-05,2026-06,CUST-10551,Affiliate,324.65,Midwest
ORD-101403,2026-01-26,2026-01,CUST-10780,Affiliate,218.29,Northeast
ORD-100336,2025-04-21,2025-04,CUST-10081,Google Ads,311.24,West
ORD-100232,2025-03-22,2025-03,CUST-10220,Google Ads,423.49,West
ORD-101823,2026-05-23,2026-05,CUST-11252,Organic,183.32,Southeast
ORD-101413,2026-01-30,2026-01,CUST-11250,Google Ads,344.81,West
ORD-100158,2025-02-23,2025-02,CUST-10420,Meta,350.54,Southeast
ORD-100468,2025-05-29,2025-05,CUST-11157,Google Ads,253.11,Southeast
ORD-101778,2026-05-10,2026-05,CUST-11226,Organic,484.52,Northeast
ORD-100064,2025-01-25,2025-01,CUST-10330,Affiliate,314.5,Northeast
ORD-101025,2025-10-31,2025-10,CUST-10093,Google Ads,171.14,Southeast
ORD-101098,2025-11-15,2025-11,CUST-10479,Organic,185.48,West
ORD-101117,2025-11-20,2025-11,CUST-11090,Affiliate,330.69,Northeast
ORD-100585,2025-07-01,2025-07,CUST-11039,Organic,168.46,West
ORD-100205,2025-03-16,2025-03,CUST-10307,Google Ads,397.5,Midwest
ORD-100003,2025-01-03,2025-01,CUST-10145,Google Ads,173.56,Unknown
ORD-100869,2025-09-19,2025-09,CUST-10800,Google Ads,281.06,Northeast
ORD-100895,2025-09-26,2025-09,CUST-10492,Meta,314.97,West
ORD-101121,2025-11-20,2025-11,CUST-10438,Organic,177.8,Southwest
ORD-101833,2026-05-26,2026-05,CUST-10297,Google Ads,230.0,Southeast
ORD-101455,2026-02-12,2026-02,CUST-10798,Email,221.73,Northeast
ORD-101050,2025-11-06,2025-11,CUST-10031,Google Ads,818.31,Southeast
ORD-100693,2025-07-31,2025-07,CUST-10923,Google Ads,765.54,Southeast
ORD-101707,2026-04-21,2026-04,CUST-10739,Google Ads,353.93,Southeast
ORD-101643,2026-04-03,2026-04,CUST-10977,Google Ads,190.82,West
ORD-100714,2025-08-07,2025-08,CUST-10503,Google Ads,220.83,Southeast
ORD-101802,2026-05-17,2026-05,CUST-11241,Google Ads,270.63,West
ORD-101126,2025-11-21,2025-11,CUST-11157,Google Ads,243.49,Unknown
ORD-101684,2026-04-16,2026-04,CUST-10443,Meta,311.31,Northeast
ORD-101731,2026-04-28,2026-04,CUST-10768,Meta,163.87,West
ORD-101051,2025-11-06,2025-11,CUST-11105,Affiliate,206.03,Northeast
ORD-101104,2025-11-17,2025-11,CUST-11002,Organic,219.91,Southeast
ORD-101194,2025-12-03,2025-12,CUST-10440,Google Ads,277.65,Northeast
ORD-101779,2026-05-11,2026-05,CUST-11019,Email,344.7,Unknown
ORD-100157,2025-02-23,2025-02,CUST-10689,Organic,503.06,Northeast
ORD-101047,2025-11-04,2025-11,CUST-10021,Google Ads,233.11,Southeast
ORD-100523,2025-06-13,2025-06,CUST-11216,Meta,355.2,Northeast
ORD-100462,2025-05-27,2025-05,CUST-10506,Meta,432.45,West
ORD-100652,2025-07-22,2025-07,CUST-10241,Google Ads,304.34,West
ORD-100160,2025-02-24,2025-02,CUST-11016,Meta,345.46,Midwest
ORD-100305,2025-04-11,2025-04,CUST-11179,Meta,338.07,Midwest
ORD-100656,2025-07-22,2025-07,CUST-10769,Meta,65.34,Northeast
ORD-100547,2025-06-19,2025-06,CUST-11157,Google Ads,431.32,Southwest
ORD-100713,2025-08-07,2025-08,CUST-10176,Affiliate,282.53,Midwest
ORD-100395,2025-05-07,2025-05,CUST-10577,Google Ads,169.28,Northeast
ORD-100783,2025-08-27,2025-08,CUST-10184,Google Ads,683.91,West
ORD-100798,2025-09-01,2025-09,CUST-10537,Google Ads,172.47,Northeast
ORD-100618,2025-07-10,2025-07,CUST-10743,Google Ads,289.58,Northeast
ORD-101533,2026-03-06,2026-03,CUST-10824,Meta,122.73,West
ORD-100508,2025-06-09,2025-06,CUST-10836,Organic,291.02,Northeast
ORD-101770,2026-05-08,2026-05,CUST-11204,Meta,73.01,Midwest
ORD-100736,2025-08-14,2025-08,CUST-10790,Organic,240.1,Southeast
ORD-100155,2025-02-23,2025-02,CUST-10125,Google Ads,256.42,West
ORD-101665,2026-04-10,2026-04,CUST-10883,Affiliate,133.59,West
ORD-101718,2026-04-24,2026-04,CUST-10019,Google Ads,198.69,Southeast
ORD-100867,2025-09-19,2025-09,CUST-10843,Meta,228.33,West
ORD-100459,2025-05-26,2025-05,CUST-11094,Meta,685.03,Southwest
ORD-100933,2025-10-05,2025-10,CUST-10689,Meta,162.41,Southeast
ORD-100062,2025-01-25,2025-01,CUST-10955,Email,171.57,Northeast
ORD-101819,2026-05-21,2026-05,CUST-11207,Affiliate,186.23,Southeast
ORD-100871,2025-09-20,2025-09,CUST-10733,Organic,414.9,Southeast
ORD-100954,2025-10-11,2025-10,CUST-10028,Email,583.7,Southwest
ORD-101574,2026-03-16,2026-03,CUST-10111,Email,241.62,Northeast
ORD-100457,2025-05-26,2025-05,CUST-10658,Affiliate,270.97,West
ORD-100935,2025-10-06,2025-10,CUST-10122,Meta,132.6,Midwest
ORD-100478,2025-05-30,2025-05,CUST-10679,Meta,205.15,Unknown
ORD-101123,2025-11-21,2025-11,CUST-10589,Affiliate,198.48,West
ORD-101477,2026-02-18,2026-02,CUST-10017,Google Ads,347.98,Midwest
ORD-100870,2025-09-19,2025-09,CUST-10655,Google Ads,846.88,Midwest
ORD-100790,2025-08-29,2025-08,CUST-11279,Email,187.47,Northeast
ORD-100617,2025-07-10,2025-07,CUST-11157,Affiliate,142.27,Midwest
ORD-101846,2026-05-30,2026-05,CUST-10727,Meta,200.11,Northeast
ORD-101627,2026-03-31,2026-03,CUST-10119,Organic,287.6,Midwest
ORD-101411,2026-01-28,2026-01,CUST-10991,Google Ads,189.56,Midwest
ORD-101138,2025-11-23,2025-11,CUST-11204,Meta,144.73,Northeast
ORD-101615,2026-03-28,2026-03,CUST-11224,Organic,303.38,West
ORD-100347,2025-04-23,2025-04,CUST-10631,Meta,725.28,Midwest
ORD-101488,2026-02-22,2026-02,CUST-10300,Google Ads,315.17,Southeast
ORD-101909,2026-06-14,2026-06,CUST-10324,Meta,184.22,Northeast
ORD-100760,2025-08-21,2025-08,CUST-10464,Google Ads,291.99,West
ORD-100446,2025-05-23,2025-05,CUST-10132,Meta,230.58,Midwest
ORD-100650,2025-07-21,2025-07,CUST-11083,Google Ads,44.68,Northeast
ORD-101229,2025-12-12,2025-12,CUST-10839,Meta,199.48,Southwest
ORD-101876,2026-06-07,2026-06,CUST-11161,Meta,434.19,Southwest
ORD-100379,2025-05-04,2025-05,CUST-10532,Email,455.1,West
ORD-100564,2025-06-24,2025-06,CUST-10422,Organic,162.21,West
ORD-101353,2026-01-06,2026-01,CUST-11183,Email,406.19,Midwest
ORD-101730,2026-04-27,2026-04,CUST-10151,Meta,87.96,Southeast
ORD-101275,2025-12-22,2025-12,CUST-10409,Meta,77.09,Southwest
ORD-101908,2026-06-14,2026-06,CUST-10344,Google Ads,343.09,Northeast
ORD-100948,2025-10-10,2025-10,CUST-10786,Google Ads,389.1,Midwest
ORD-100920,2025-10-02,2025-10,CUST-10193,Email,144.42,West
ORD-100231,2025-03-22,2025-03,CUST-11169,Organic,221.14,West
ORD-101318,2025-12-30,2025-12,CUST-10486,Google Ads,476.35,Southeast
ORD-100382,2025-05-04,2025-05,CUST-10360,Google Ads,309.23,West
ORD-101169,2025-11-29,2025-11,CUST-10586,Google Ads,298.44,Southeast
ORD-101206,2025-12-06,2025-12,CUST-10870,Organic,470.01,Northeast
ORD-100072,2025-01-28,2025-01,CUST-10793,Email,147.12,Midwest
ORD-100070,2025-01-28,2025-01,CUST-11256,Organic,544.73,West
ORD-101344,2026-01-05,2026-01,CUST-11056,Meta,251.2,Northeast
ORD-101016,2025-10-30,2025-10,CUST-10162,Affiliate,185.63,Northeast
ORD-100171,2025-03-02,2025-03,CUST-10424,Google Ads,428.87,Midwest
ORD-101134,2025-11-22,2025-11,CUST-10023,Meta,247.42,Southeast
ORD-100168,2025-03-01,2025-03,CUST-11254,Google Ads,728.1,Southwest
ORD-100493,2025-06-02,2025-06,CUST-11136,Email,301.33,West
ORD-101348,2026-01-05,2026-01,CUST-10021,Google Ads,228.64,Midwest
ORD-101020,2025-10-31,2025-10,CUST-10463,Email,372.78,West
ORD-100985,2025-10-20,2025-10,CUST-11096,Email,525.86,Northeast
ORD-100893,2025-09-26,2025-09,CUST-10735,Meta,202.42,West
ORD-100272,2025-04-02,2025-04,CUST-10454,Organic,284.71,Southeast
ORD-101287,2025-12-25,2025-12,CUST-10772,Organic,526.12,Southeast
ORD-100420,2025-05-14,2025-05,CUST-10649,Google Ads,507.23,Southwest
ORD-100094,2025-02-05,2025-02,CUST-10991,Meta,133.65,Southwest
ORD-101542,2026-03-08,2026-03,CUST-10972,Google Ads,214.65,Southwest
ORD-101573,2026-03-15,2026-03,CUST-11168,Email,146.72,West
ORD-101584,2026-03-18,2026-03,CUST-11045,Meta,97.4,Southeast
ORD-100042,2025-01-20,2025-01,CUST-10153,Google Ads,663.34,Southwest
ORD-100056,2025-01-22,2025-01,CUST-10956,Google Ads,209.79,Midwest
ORD-101946,2026-06-24,2026-06,CUST-10860,Google Ads,110.93,Unknown
ORD-101102,2025-11-17,2025-11,CUST-11109,Google Ads,818.93,Northeast
ORD-101863,2026-06-03,2026-06,CUST-10613,Email,239.52,West
ORD-101280,2025-12-24,2025-12,CUST-10337,Meta,216.13,Southeast
ORD-100888,2025-09-25,2025-09,CUST-10765,Meta,227.63,Southeast
ORD-100574,2025-06-28,2025-06,CUST-10058,Meta,248.86,West
ORD-100038,2025-01-20,2025-01,CUST-10035,Google Ads,141.63,Southeast
ORD-100306,2025-04-11,2025-04,CUST-10828,Google Ads,572.55,Northeast
ORD-101005,2025-10-26,2025-10,CUST-10351,Google Ads,199.37,Unknown
ORD-100006,2025-01-04,2025-01,CUST-10245,Google Ads,343.96,West
ORD-101177,2025-11-30,2025-11,CUST-10306,Google Ads,369.96,West
ORD-100782,2025-08-27,2025-08,CUST-10440,Email,104.66,Northeast
ORD-100408,2025-05-11,2025-05,CUST-10489,Google Ads,218.08,Southeast
ORD-101266,2025-12-19,2025-12,CUST-10349,Affiliate,179.85,Northeast
ORD-100781,2025-08-27,2025-08,CUST-10620,Google Ads,256.67,West
ORD-100166,2025-02-28,2025-02,CUST-10510,Meta,170.87,Southeast
ORD-100534,2025-06-16,2025-06,CUST-10906,Google Ads,350.42,Southwest
ORD-100583,2025-06-30,2025-06,CUST-10303,Meta,240.75,Southeast
ORD-101330,2025-12-31,2025-12,CUST-10114,Affiliate,91.67,Unknown
ORD-101897,2026-06-12,2026-06,CUST-10212,Email,588.0,Southeast
ORD-101419,2026-02-01,2026-02,CUST-10798,Meta,392.75,Southeast
ORD-101228,2025-12-12,2025-12,CUST-10338,Email,556.45,Northeast
ORD-101798,2026-05-16,2026-05,CUST-10573,Google Ads,205.41,Midwest
ORD-101885,2026-06-09,2026-06,CUST-10654,Google Ads,74.37,West
ORD-101618,2026-03-29,2026-03,CUST-11057,Email,590.89,West
ORD-101114,2025-11-19,2025-11,CUST-11159,Affiliate,224.86,Midwest
ORD-101067,2025-11-09,2025-11,CUST-10351,Organic,240.75,West
ORD-100813,2025-09-03,2025-09,CUST-10084,Meta,102.66,Southeast
ORD-100316,2025-04-15,2025-04,CUST-10159,Google Ads,170.45,Southeast
ORD-101279,2025-12-24,2025-12,CUST-10105,Google Ads,338.38,Southeast
ORD-101716,2026-04-23,2026-04,CUST-10898,Meta,236.38,Unknown
ORD-100516,2025-06-11,2025-06,CUST-10892,Affiliate,164.75,Northeast
ORD-101847,2026-05-30,2026-05,CUST-11098,Meta,306.25,Northeast
ORD-101663,2026-04-10,2026-04,CUST-11243,Email,144.24,West
ORD-101562,2026-03-11,2026-03,CUST-10841,Google Ads,363.73,Midwest
ORD-100533,2025-06-16,2025-06,CUST-10014,Meta,157.29,Southwest
ORD-100173,2025-03-02,2025-03,CUST-11264,Google Ads,298.92,Midwest
ORD-101039,2025-11-03,2025-11,CUST-10826,Google Ads,116.17,West
ORD-100271,2025-04-02,2025-04,CUST-10726,Google Ads,278.32,Northeast
ORD-100548,2025-06-19,2025-06,CUST-11037,Google Ads,607.37,Midwest
ORD-100668,2025-07-25,2025-07,CUST-10510,Meta,97.49,West
ORD-101632,2026-04-01,2026-04,CUST-10495,Google Ads,235.53,Midwest
ORD-100453,2025-05-25,2025-05,CUST-10004,Google Ads,183.86,West
ORD-100964,2025-10-15,2025-10,CUST-10304,Google Ads,186.52,Midwest
ORD-100606,2025-07-07,2025-07,CUST-10259,Meta,152.0,Midwest
ORD-101692,2026-04-18,2026-04,CUST-11130,Meta,313.72,Midwest
ORD-101625,2026-03-31,2026-03,CUST-10634,Google Ads,287.09,Midwest
ORD-100804,2025-09-01,2025-09,CUST-10338,Affiliate,99.63,Southeast
ORD-100598,2025-07-04,2025-07,CUST-11269,Meta,282.79,Northeast
ORD-101033,2025-11-02,2025-11,CUST-10742,Organic,334.13,Northeast
ORD-101598,2026-03-23,2026-03,CUST-10746,Google Ads,624.77,Northeast
ORD-101263,2025-12-18,2025-12,CUST-10510,Email,1164.23,West
ORD-100751,2025-08-19,2025-08,CUST-10083,Google Ads,343.22,Northeast
ORD-100570,2025-06-27,2025-06,CUST-10291,Google Ads,151.65,Southwest
ORD-100975,2025-10-17,2025-10,CUST-10745,Google Ads,156.49,Northeast
ORD-100074,2025-01-28,2025-01,CUST-10030,Email,454.39,West
ORD-100061,2025-01-24,2025-01,CUST-11021,Organic,113.77,West
ORD-101834,2026-05-26,2026-05,CUST-10945,Email,140.28,Northeast
ORD-100536,2025-06-16,2025-06,CUST-10814,Google Ads,299.64,Midwest
ORD-100273,2025-04-02,2025-04,CUST-11265,Google Ads,340.38,West
ORD-100809,2025-09-02,2025-09,CUST-10429,Google Ads,193.2,Northeast
ORD-100244,2025-03-25,2025-03,CUST-10667,Organic,343.57,West
ORD-101095,2025-11-15,2025-11,CUST-10972,Affiliate,168.66,Southeast
ORD-101438,2026-02-06,2026-02,CUST-10839,Meta,127.2,Northeast
ORD-100105,2025-02-08,2025-02,CUST-10798,Meta,65.15,Midwest
ORD-100673,2025-07-26,2025-07,CUST-10030,Google Ads,302.06,Midwest
ORD-100642,2025-07-19,2025-07,CUST-10431,Google Ads,231.26,Northeast
ORD-101278,2025-12-23,2025-12,CUST-10163,Google Ads,403.98,Northeast
ORD-100665,2025-07-24,2025-07,CUST-10682,Affiliate,209.57,Northeast
ORD-100509,2025-06-10,2025-06,CUST-10973,Google Ads,225.13,Northeast
ORD-100131,2025-02-16,2025-02,CUST-11263,Meta,209.8,Southwest
ORD-100444,2025-05-22,2025-05,CUST-10726,Google Ads,221.83,Southeast
ORD-100866,2025-09-19,2025-09,CUST-10532,Affiliate,243.9,Midwest
ORD-100247,2025-03-26,2025-03,CUST-10462,Google Ads,438.44,West
ORD-101766,2026-05-05,2026-05,CUST-10677,Organic,773.85,Southwest
ORD-101648,2026-04-05,2026-04,CUST-10003,Email,330.56,West
ORD-101531,2026-03-06,2026-03,CUST-10836,Google Ads,373.13,Southwest
ORD-101125,2025-11-21,2025-11,CUST-10380,Organic,260.57,Northeast
ORD-100086,2025-02-02,2025-02,CUST-10701,Email,398.61,Midwest
ORD-101881,2026-06-08,2026-06,CUST-10409,Email,359.5,Southwest
ORD-100771,2025-08-24,2025-08,CUST-10178,Google Ads,167.61,Midwest
ORD-101223,2025-12-10,2025-12,CUST-10490,Google Ads,310.9,Northeast
ORD-100708,2025-08-04,2025-08,CUST-10814,Affiliate,237.25,Northeast
ORD-101548,2026-03-10,2026-03,CUST-11204,Google Ads,101.59,West
ORD-101331,2025-12-31,2025-12,CUST-11069,Email,147.99,Northeast
ORD-101553,2026-03-11,2026-03,CUST-10934,Google Ads,481.57,West
ORD-100538,2025-06-17,2025-06,CUST-10814,Meta,114.44,Midwest
ORD-101427,2026-02-03,2026-02,CUST-10836,Google Ads,246.76,Southeast
ORD-101171,2025-11-30,2025-11,CUST-10814,Organic,255.22,Northeast
ORD-101544,2026-03-09,2026-03,CUST-10980,Google Ads,282.69,Northeast
ORD-101298,2025-12-27,2025-12,CUST-10599,Organic,351.11,Northeast
ORD-100418,2025-05-13,2025-05,CUST-11186,Meta,212.65,Southwest
ORD-101950,2026-06-24,2026-06,CUST-10623,Meta,242.56,Southeast
ORD-101693,2026-04-18,2026-04,CUST-10227,Google Ads,381.3,Southeast
ORD-101449,2026-02-11,2026-02,CUST-10959,Google Ads,501.81,Northeast
ORD-100851,2025-09-15,2025-09,CUST-10796,Meta,149.79,Northeast
ORD-101737,2026-04-29,2026-04,CUST-10510,Meta,348.36,Northeast
ORD-101714,2026-04-23,2026-04,CUST-10933,Email,497.51,Northeast
ORD-101750,2026-05-02,2026-05,CUST-10502,Organic,290.46,West
ORD-101755,2026-05-03,2026-05,CUST-10887,Affiliate,103.99,Northeast
ORD-101717,2026-04-24,2026-04,CUST-10952,Affiliate,114.43,Midwest
ORD-101783,2026-05-11,2026-05,CUST-10987,Google Ads,502.02,Midwest
ORD-100304,2025-04-11,2025-04,CUST-10713,Email,569.05,Midwest
ORD-101506,2026-02-27,2026-02,CUST-11254,Google Ads,587.59,Southeast
ORD-100335,2025-04-20,2025-04,CUST-10130,Google Ads,257.01,Northeast
ORD-100995,2025-10-23,2025-10,CUST-10055,Meta,386.65,Midwest
ORD-100569,2025-06-26,2025-06,CUST-10276,Affiliate,194.31,Northeast
ORD-100088,2025-02-03,2025-02,CUST-10582,Google Ads,513.48,Northeast
ORD-100874,2025-09-20,2025-09,CUST-11279,Meta,263.8,Southwest
ORD-101617,2026-03-29,2026-03,CUST-10123,Google Ads,574.86,Southeast
ORD-101513,2026-03-01,2026-03,CUST-10869,Google Ads,97.99,Northeast
ORD-100712,2025-08-07,2025-08,CUST-10394,Meta,372.69,Midwest
ORD-101734,2026-04-29,2026-04,CUST-10318,Meta,194.45,Northeast
ORD-101837,2026-05-27,2026-05,CUST-10704,Meta,188.0,Northeast
ORD-101371,2026-01-13,2026-01,CUST-11217,Email,218.52,Southwest
ORD-100221,2025-03-20,2025-03,CUST-10788,Email,333.86,Northeast
ORD-100319,2025-04-16,2025-04,CUST-10273,Meta,201.22,Southeast
ORD-101743,2026-04-30,2026-04,CUST-11145,Google Ads,232.79,Southeast
ORD-100878,2025-09-21,2025-09,CUST-11117,Google Ads,412.32,Southeast
ORD-101789,2026-05-13,2026-05,CUST-10047,Affiliate,116.91,Southeast
ORD-100825,2025-09-07,2025-09,CUST-10304,Google Ads,150.99,West
ORD-101457,2026-02-12,2026-02,CUST-10495,Google Ads,332.47,Northeast
ORD-100138,2025-02-18,2025-02,CUST-10094,Organic,148.21,Northeast
ORD-100163,2025-02-25,2025-02,CUST-10406,Google Ads,329.86,Southeast
ORD-101892,2026-06-11,2026-06,CUST-10400,Meta,321.18,Southeast
ORD-101697,2026-04-19,2026-04,CUST-10355,Google Ads,475.78,Southeast
ORD-100960,2025-10-13,2025-10,CUST-10466,Google Ads,1210.36,Midwest
ORD-101691,2026-04-17,2026-04,CUST-10451,Meta,231.03,West
ORD-101233,2025-12-13,2025-12,CUST-10284,Meta,65.28,West
ORD-101170,2025-11-29,2025-11,CUST-10424,Meta,567.09,West
ORD-101916,2026-06-15,2026-06,CUST-10658,Affiliate,206.79,Northeast
ORD-101528,2026-03-05,2026-03,CUST-10047,Meta,217.31,Southeast
ORD-101792,2026-05-14,2026-05,CUST-11144,Meta,371.73,Midwest
ORD-100633,2025-07-18,2025-07,CUST-10957,Google Ads,355.98,Midwest
ORD-101179,2025-12-01,2025-12,CUST-10090,Google Ads,258.62,West
ORD-100655,2025-07-22,2025-07,CUST-10316,Meta,155.73,Southeast
ORD-100016,2025-01-10,2025-01,CUST-10634,Google Ads,166.28,Midwest
ORD-101619,2026-03-29,2026-03,CUST-11112,Google Ads,308.45,West
ORD-101156,2025-11-27,2025-11,CUST-11206,Google Ads,296.88,Northeast
ORD-100137,2025-02-18,2025-02,CUST-10028,Google Ads,352.99,Midwest
ORD-101285,2025-12-25,2025-12,CUST-11083,Google Ads,270.57,Southeast
ORD-100697,2025-08-02,2025-08,CUST-10975,Meta,109.37,Midwest
ORD-101097,2025-11-15,2025-11,CUST-11019,Affiliate,150.63,Southeast
ORD-101604,2026-03-24,2026-03,CUST-11283,Google Ads,324.13,Northeast
ORD-100448,2025-05-24,2025-05,CUST-11115,Meta,213.82,Northeast
ORD-101882,2026-06-09,2026-06,CUST-10134,Google Ads,213.79,Midwest
ORD-100327,2025-04-18,2025-04,CUST-10152,Google Ads,345.62,Southeast
ORD-100317,2025-04-15,2025-04,CUST-10171,Affiliate,470.5,West
ORD-101864,2026-06-03,2026-06,CUST-11227,Google Ads,184.33,West
ORD-100526,2025-06-13,2025-06,CUST-10967,Meta,353.23,Unknown
ORD-100087,2025-02-02,2025-02,CUST-11201,Google Ads,210.4,Midwest
ORD-101624,2026-03-31,2026-03,CUST-10890,Affiliate,325.41,Southwest
ORD-100148,2025-02-20,2025-02,CUST-11190,Google Ads,146.74,Northeast
ORD-101611,2026-03-27,2026-03,CUST-10550,Google Ads,294.21,Southeast
ORD-101199,2025-12-04,2025-12,CUST-10932,Google Ads,863.48,Midwest
ORD-101633,2026-04-01,2026-04,CUST-10280,Google Ads,124.42,Northeast
ORD-100365,2025-04-29,2025-04,CUST-11005,Meta,169.73,Southwest
ORD-100589,2025-07-02,2025-07,CUST-10743,Meta,697.53,Southeast
ORD-101502,2026-02-26,2026-02,CUST-10280,Email,533.38,Northeast
ORD-100198,2025-03-14,2025-03,CUST-10192,Google Ads,330.02,Northeast
ORD-101883,2026-06-09,2026-06,CUST-10187,Google Ads,718.01,Northeast
ORD-100192,2025-03-12,2025-03,CUST-10865,Google Ads,296.36,Southeast
ORD-100404,2025-05-10,2025-05,CUST-10313,Email,216.59,Midwest
ORD-101564,2026-03-12,2026-03,CUST-10990,Google Ads,342.36,Midwest
ORD-100384,2025-05-04,2025-05,CUST-10805,Google Ads,217.72,Northeast
ORD-100483,2025-05-31,2025-05,CUST-10750,Organic,166.85,West
ORD-101943,2026-06-23,2026-06,CUST-10124,Affiliate,126.51,West
ORD-100791,2025-08-30,2025-08,CUST-10162,Meta,111.16,Midwest
ORD-100799,2025-09-01,2025-09,CUST-10448,Meta,150.62,West
ORD-100750,2025-08-19,2025-08,CUST-10780,Organic,120.82,Northeast
ORD-100422,2025-05-15,2025-05,CUST-11071,Affiliate,110.2,West
ORD-100314,2025-04-14,2025-04,CUST-10794,Google Ads,119.49,Southeast
ORD-101021,2025-10-31,2025-10,CUST-11163,Google Ads,127.52,Southeast
ORD-100543,2025-06-18,2025-06,CUST-10975,Organic,244.75,Southeast
ORD-100913,2025-10-01,2025-10,CUST-10325,Google Ads,289.22,Midwest
ORD-100902,2025-09-28,2025-09,CUST-10209,Google Ads,594.39,Unknown
ORD-101388,2026-01-21,2026-01,CUST-11264,Google Ads,320.72,West
ORD-100685,2025-07-29,2025-07,CUST-10652,Google Ads,238.63,Southeast
ORD-101666,2026-04-10,2026-04,CUST-10981,Organic,243.98,Southeast
ORD-100159,2025-02-24,2025-02,CUST-11083,Email,313.73,Unknown
ORD-100999,2025-10-23,2025-10,CUST-10139,Google Ads,198.81,West
ORD-101586,2026-03-18,2026-03,CUST-10342,Meta,153.12,Midwest
ORD-101765,2026-05-05,2026-05,CUST-10317,Google Ads,281.78,Southeast
ORD-100202,2025-03-15,2025-03,CUST-10923,Meta,306.71,Northeast
ORD-101023,2025-10-31,2025-10,CUST-10470,Google Ads,199.98,West
ORD-101523,2026-03-04,2026-03,CUST-10098,Google Ads,190.45,West
ORD-101180,2025-12-01,2025-12,CUST-11263,Google Ads,564.35,Midwest
ORD-100112,2025-02-10,2025-02,CUST-10727,Meta,360.34,Midwest
ORD-101795,2026-05-16,2026-05,CUST-10590,Google Ads,357.73,West
ORD-101225,2025-12-11,2025-12,CUST-11019,Google Ads,131.42,Midwest
ORD-100980,2025-10-19,2025-10,CUST-11269,Google Ads,752.68,Midwest
ORD-100922,2025-10-04,2025-10,CUST-11296,Email,400.66,West
ORD-101475,2026-02-18,2026-02,CUST-10803,Organic,339.99,Midwest
ORD-101578,2026-03-16,2026-03,CUST-10812,Affiliate,190.19,Southeast
ORD-101408,2026-01-27,2026-01,CUST-10085,Meta,298.59,Northeast
ORD-101739,2026-04-29,2026-04,CUST-10591,Meta,355.3,Southeast
ORD-100815,2025-09-04,2025-09,CUST-10729,Google Ads,305.49,Northeast
ORD-101447,2026-02-09,2026-02,CUST-10963,Google Ads,624.54,Southeast
ORD-101421,2026-02-02,2026-02,CUST-10206,Google Ads,181.91,Northeast
ORD-100679,2025-07-28,2025-07,CUST-10586,Google Ads,632.21,West
ORD-101093,2025-11-14,2025-11,CUST-10335,Email,437.66,Southwest
ORD-100080,2025-01-30,2025-01,CUST-10887,Google Ads,242.79,West
ORD-101748,2026-05-02,2026-05,CUST-11017,Google Ads,458.23,Unknown
ORD-101334,2026-01-03,2026-01,CUST-10316,Meta,67.07,Southeast
ORD-101522,2026-03-04,2026-03,CUST-11290,Google Ads,227.63,Midwest
ORD-100752,2025-08-19,2025-08,CUST-10252,Meta,333.72,Midwest
ORD-101346,2026-01-05,2026-01,CUST-11057,Google Ads,221.93,Midwest
ORD-101054,2025-11-06,2025-11,CUST-10004,Google Ads,129.44,Midwest
ORD-100242,2025-03-25,2025-03,CUST-10629,Email,693.86,West
ORD-101332,2026-01-02,2026-01,CUST-11205,Google Ads,329.39,Northeast
ORD-100641,2025-07-19,2025-07,CUST-11264,Meta,205.35,Southwest
ORD-100696,2025-08-01,2025-08,CUST-11064,Affiliate,252.18,West
ORD-100209,2025-03-17,2025-03,CUST-11258,Email,198.18,Northeast
ORD-100770,2025-08-24,2025-08,CUST-11172,Google Ads,627.05,Northeast
ORD-101742,2026-04-30,2026-04,CUST-10919,Google Ads,227.72,Southeast
ORD-100435,2025-05-18,2025-05,CUST-10293,Google Ads,583.72,Northeast
ORD-101063,2025-11-09,2025-11,CUST-10230,Organic,251.58,Northeast
ORD-100974,2025-10-17,2025-10,CUST-10328,Google Ads,133.09,West
ORD-100551,2025-06-20,2025-06,CUST-11209,Google Ads,435.0,West
ORD-101385,2026-01-20,2026-01,CUST-10828,Email,1231.59,Northeast
ORD-101539,2026-03-08,2026-03,CUST-11101,Google Ads,402.3,West
ORD-101013,2025-10-29,2025-10,CUST-10305,Google Ads,125.81,Northeast
ORD-101873,2026-06-06,2026-06,CUST-11093,Google Ads,392.01,Southeast
ORD-100466,2025-05-29,2025-05,CUST-10810,Affiliate,209.03,Southwest
ORD-101466,2026-02-15,2026-02,CUST-10044,Google Ads,249.11,Midwest
ORD-101297,2025-12-27,2025-12,CUST-10060,Google Ads,104.56,Southwest
ORD-100277,2025-04-03,2025-04,CUST-10310,Organic,402.17,Southeast
ORD-101069,2025-11-09,2025-11,CUST-10453,Organic,222.99,Northeast
ORD-101017,2025-10-30,2025-10,CUST-10722,Organic,72.31,West
ORD-101313,2025-12-30,2025-12,CUST-10098,Affiliate,185.17,Midwest
ORD-100722,2025-08-09,2025-08,CUST-10990,Google Ads,168.57,Northeast
ORD-101939,2026-06-21,2026-06,CUST-10206,Affiliate,333.88,Northeast
ORD-100786,2025-08-28,2025-08,CUST-10158,Google Ads,356.23,Southeast
ORD-101535,2026-03-07,2026-03,CUST-10975,Affiliate,59.92,Northeast
ORD-101668,2026-04-10,2026-04,CUST-10875,Google Ads,294.41,Southwest
ORD-101360,2026-01-09,2026-01,CUST-11033,Google Ads,171.36,West
ORD-101294,2025-12-26,2025-12,CUST-10046,Google Ads,177.6,West
ORD-100906,2025-09-29,2025-09,CUST-10461,Meta,223.49,Southeast
ORD-100563,2025-06-24,2025-06,CUST-10499,Google Ads,522.07,West
ORD-100388,2025-05-05,2025-05,CUST-10868,Meta,204.4,West
ORD-100022,2025-01-12,2025-01,CUST-11222,Email,319.66,West
ORD-101959,2026-06-30,2026-06,CUST-10829,Google Ads,518.25,Northeast
ORD-100124,2025-02-13,2025-02,CUST-10123,Meta,184.91,Northeast
ORD-101446,2026-02-09,2026-02,CUST-10499,Google Ads,97.52,West
ORD-100773,2025-08-25,2025-08,CUST-10953,Google Ads,321.51,Northeast
ORD-100880,2025-09-21,2025-09,CUST-10677,Google Ads,141.35,West
ORD-101144,2025-11-24,2025-11,CUST-10748,Affiliate,172.94,Midwest
ORD-101166,2025-11-28,2025-11,CUST-10834,Google Ads,398.13,Southeast
ORD-100050,2025-01-21,2025-01,CUST-10656,Meta,170.48,West
ORD-101386,2026-01-20,2026-01,CUST-10353,Google Ads,210.2,West
ORD-101448,2026-02-10,2026-02,CUST-10086,Google Ads,91.64,Southwest
ORD-101105,2025-11-17,2025-11,CUST-11219,Google Ads,423.03,Southwest
ORD-100703,2025-08-03,2025-08,CUST-10122,Organic,490.66,Midwest
ORD-100482,2025-05-31,2025-05,CUST-10885,Google Ads,319.44,Southeast
ORD-101145,2025-11-24,2025-11,CUST-11007,Email,456.34,Southeast
ORD-101898,2026-06-12,2026-06,CUST-10769,Organic,275.18,Northeast
ORD-100066,2025-01-27,2025-01,CUST-10118,Affiliate,147.37,Southeast
ORD-101709,2026-04-22,2026-04,CUST-11036,Meta,187.47,Northeast
ORD-100733,2025-08-13,2025-08,CUST-10375,Email,250.97,Midwest
ORD-101772,2026-05-08,2026-05,CUST-10084,Google Ads,171.11,Northeast
ORD-100801,2025-09-01,2025-09,CUST-10932,Email,114.93,Midwest
ORD-101754,2026-05-03,2026-05,CUST-10433,Google Ads,563.29,Southeast
ORD-100907,2025-09-29,2025-09,CUST-10411,Email,267.31,Southeast
ORD-100031,2025-01-15,2025-01,CUST-10409,Google Ads,218.25,Southeast
ORD-100417,2025-05-13,2025-05,CUST-10095,Google Ads,146.43,Southeast
ORD-100881,2025-09-22,2025-09,CUST-11066,Organic,205.35,Southeast
ORD-100632,2025-07-18,2025-07,CUST-10296,Organic,291.89,Midwest
ORD-101620,2026-03-29,2026-03,CUST-10796,Meta,112.4,Southeast
ORD-101429,2026-02-04,2026-02,CUST-11044,Affiliate,218.17,Midwest
ORD-101610,2026-03-27,2026-03,CUST-11072,Google Ads,288.19,Northeast
ORD-101595,2026-03-22,2026-03,CUST-10371,Meta,182.61,Unknown
ORD-100077,2025-01-30,2025-01,CUST-10338,Affiliate,71.73,West
ORD-100491,2025-06-02,2025-06,CUST-11038,Google Ads,108.4,Southeast
ORD-101867,2026-06-04,2026-06,CUST-11219,Google Ads,208.98,Midwest
ORD-101515,2026-03-01,2026-03,CUST-10269,Email,365.74,Northeast
ORD-100532,2025-06-16,2025-06,CUST-11163,Meta,322.99,West
ORD-100065,2025-01-27,2025-01,CUST-11089,Google Ads,277.36,Northeast
ORD-101678,2026-04-14,2026-04,CUST-10680,Meta,382.93,West
ORD-100296,2025-04-09,2025-04,CUST-10450,Google Ads,321.69,Midwest
ORD-100591,2025-07-02,2025-07,CUST-10383,Meta,212.1,Northeast
ORD-100767,2025-08-24,2025-08,CUST-10209,Google Ads,295.76,Midwest
ORD-100724,2025-08-10,2025-08,CUST-10329,Affiliate,498.86,West
ORD-101929,2026-06-18,2026-06,CUST-10332,Meta,189.71,Northeast
ORD-100626,2025-07-16,2025-07,CUST-10449,Meta,299.07,West
ORD-101941,2026-06-22,2026-06,CUST-10792,Meta,120.89,Northeast
ORD-101933,2026-06-19,2026-06,CUST-10067,Google Ads,473.8,West
ORD-101212,2025-12-07,2025-12,CUST-10249,Google Ads,80.91,West
ORD-101600,2026-03-23,2026-03,CUST-10815,Google Ads,110.96,Midwest
ORD-100251,2025-03-27,2025-03,CUST-10786,Email,299.8,Midwest
ORD-101807,2026-05-18,2026-05,CUST-10146,Google Ads,269.23,Midwest
ORD-101305,2025-12-28,2025-12,CUST-10011,Meta,299.95,Northeast
ORD-101890,2026-06-10,2026-06,CUST-10577,Organic,568.75,Northeast
ORD-100982,2025-10-19,2025-10,CUST-10769,Google Ads,321.03,Northeast
ORD-101760,2026-05-04,2026-05,CUST-10313,Email,131.73,West
ORD-100706,2025-08-04,2025-08,CUST-10772,Affiliate,48.36,Northeast
ORD-100487,2025-06-01,2025-06,CUST-10520,Email,255.81,Midwest
ORD-101495,2026-02-24,2026-02,CUST-11163,Meta,193.53,West
ORD-101804,2026-05-17,2026-05,CUST-10055,Email,221.68,Midwest
ORD-100963,2025-10-14,2025-10,CUST-10486,Google Ads,279.67,West
ORD-100877,2025-09-21,2025-09,CUST-10230,Meta,385.81,Northeast
ORD-101949,2026-06-24,2026-06,CUST-11136,Meta,234.87,Southeast
ORD-101800,2026-05-17,2026-05,CUST-10424,Organic,134.65,Northeast
ORD-100411,2025-05-12,2025-05,CUST-10772,Organic,463.76,Southeast
ORD-100667,2025-07-25,2025-07,CUST-10159,Email,108.96,Midwest
ORD-101262,2025-12-18,2025-12,CUST-10137,Email,652.07,Southeast
ORD-100149,2025-02-20,2025-02,CUST-10496,Google Ads,624.45,Northeast
ORD-100644,2025-07-20,2025-07,CUST-10069,Email,901.94,Northeast
ORD-101593,2026-03-22,2026-03,CUST-10297,Meta,248.31,Southeast
ORD-100218,2025-03-19,2025-03,CUST-10254,Affiliate,337.05,Southwest
ORD-100239,2025-03-23,2025-03,CUST-10283,Google Ads,255.13,Midwest
ORD-101131,2025-11-22,2025-11,CUST-10573,Google Ads,228.06,Southeast
ORD-101216,2025-12-08,2025-12,CUST-11185,Email,106.32,West
ORD-100792,2025-08-30,2025-08,CUST-10085,Meta,697.12,Southeast
ORD-100191,2025-03-10,2025-03,CUST-10350,Google Ads,170.73,Southeast
ORD-100333,2025-04-19,2025-04,CUST-10741,Google Ads,274.39,Midwest
ORD-101312,2025-12-29,2025-12,CUST-11287,Email,209.64,Midwest
ORD-101315,2025-12-30,2025-12,CUST-10143,Organic,312.31,West
ORD-100962,2025-10-14,2025-10,CUST-10642,Meta,199.28,West
ORD-101497,2026-02-25,2026-02,CUST-10675,Meta,262.29,Midwest
ORD-101937,2026-06-20,2026-06,CUST-10137,Google Ads,265.74,West
ORD-101640,2026-04-02,2026-04,CUST-10322,Google Ads,132.47,Unknown
ORD-101605,2026-03-24,2026-03,CUST-10383,Meta,236.21,Northeast
ORD-100582,2025-06-30,2025-06,CUST-10923,Meta,414.7,Southeast
ORD-101896,2026-06-11,2026-06,CUST-10010,Google Ads,139.75,Southwest
ORD-101654,2026-04-06,2026-04,CUST-10162,Email,84.92,Southeast
ORD-100839,2025-09-12,2025-09,CUST-10341,Google Ads,248.51,Northeast
ORD-100627,2025-07-16,2025-07,CUST-11197,Meta,235.77,Northeast
ORD-100323,2025-04-17,2025-04,CUST-10501,Google Ads,251.16,Midwest
ORD-101631,2026-04-01,2026-04,CUST-10477,Google Ads,391.31,West
ORD-101160,2025-11-27,2025-11,CUST-10390,Meta,165.45,Northeast
ORD-100778,2025-08-25,2025-08,CUST-11257,Meta,555.36,Northeast
ORD-101076,2025-11-11,2025-11,CUST-10054,Google Ads,238.79,Northeast
ORD-100939,2025-10-08,2025-10,CUST-10754,Affiliate,181.21,Southeast
ORD-100437,2025-05-18,2025-05,CUST-10049,Google Ads,265.46,Northeast
ORD-101552,2026-03-10,2026-03,CUST-10338,Meta,303.18,Northeast
ORD-101026,2025-11-01,2025-11,CUST-10555,Meta,191.73,Southeast
ORD-101253,2025-12-16,2025-12,CUST-10277,Google Ads,111.17,Midwest
ORD-101368,2026-01-13,2026-01,CUST-10698,Google Ads,487.49,West
ORD-101053,2025-11-06,2025-11,CUST-11222,Google Ads,127.27,West
ORD-100900,2025-09-27,2025-09,CUST-10722,Meta,157.88,Midwest
ORD-100371,2025-05-01,2025-05,CUST-10658,Meta,219.79,Midwest
ORD-101850,2026-05-31,2026-05,CUST-10547,Meta,571.45,Unknown
ORD-101431,2026-02-04,2026-02,CUST-10076,Affiliate,198.88,Southeast
ORD-100941,2025-10-08,2025-10,CUST-10543,Google Ads,450.56,Northeast
ORD-100577,2025-06-29,2025-06,CUST-11130,Email,107.98,Southeast
ORD-100819,2025-09-05,2025-09,CUST-10933,Google Ads,236.18,West
ORD-101458,2026-02-13,2026-02,CUST-10823,Email,106.08,Unknown
ORD-101480,2026-02-19,2026-02,CUST-10195,Meta,162.7,Midwest
ORD-101720,2026-04-24,2026-04,CUST-10003,Meta,206.65,Northeast
ORD-101369,2026-01-13,2026-01,CUST-10310,Google Ads,290.47,West
ORD-100886,2025-09-23,2025-09,CUST-10002,Google Ads,150.51,Southwest
ORD-100968,2025-10-15,2025-10,CUST-10959,Organic,446.19,Northeast
ORD-101699,2026-04-20,2026-04,CUST-10299,Google Ads,223.22,West
ORD-100785,2025-08-28,2025-08,CUST-10476,Email,342.45,Midwest
ORD-101753,2026-05-02,2026-05,CUST-11011,Organic,326.59,West
ORD-101688,2026-04-17,2026-04,CUST-10082,Organic,115.03,Southeast
ORD-100301,2025-04-10,2025-04,CUST-10460,Email,253.78,West
ORD-100689,2025-07-30,2025-07,CUST-10304,Meta,176.41,Northeast
ORD-100812,2025-09-03,2025-09,CUST-10105,Organic,260.89,Northeast
ORD-101061,2025-11-08,2025-11,CUST-11111,Google Ads,332.01,Southeast
ORD-100236,2025-03-22,2025-03,CUST-11216,Google Ads,254.02,Unknown
ORD-101115,2025-11-19,2025-11,CUST-11228,Meta,231.7,Northeast
ORD-101345,2026-01-05,2026-01,CUST-10829,Organic,178.23,West
ORD-100499,2025-06-06,2025-06,CUST-10313,Affiliate,286.78,Southeast
ORD-101645,2026-04-03,2026-04,CUST-10015,Email,275.73,Southwest
ORD-101079,2025-11-11,2025-11,CUST-11035,Google Ads,288.78,West
ORD-101326,2025-12-31,2025-12,CUST-10681,Google Ads,257.88,Northeast
ORD-100794,2025-08-31,2025-08,CUST-10650,Google Ads,235.41,Northeast
ORD-101910,2026-06-14,2026-06,CUST-10069,Google Ads,343.58,Northeast
ORD-101520,2026-03-04,2026-03,CUST-10202,Meta,284.67,Southeast
ORD-101918,2026-06-16,2026-06,CUST-10091,Meta,292.43,Southeast
ORD-100990,2025-10-21,2025-10,CUST-10371,Email,98.53,Southeast
ORD-101361,2026-01-09,2026-01,CUST-10558,Google Ads,203.15,Southwest
ORD-100934,2025-10-06,2025-10,CUST-11057,Affiliate,208.12,Southeast
ORD-100387,2025-05-05,2025-05,CUST-10939,Google Ads,113.31,Midwest
ORD-101459,2026-02-13,2026-02,CUST-11248,Email,196.67,West
ORD-100390,2025-05-06,2025-05,CUST-10318,Meta,206.38,Northeast
ORD-100743,2025-08-17,2025-08,CUST-11166,Google Ads,299.66,Midwest
ORD-100352,2025-04-24,2025-04,CUST-10330,Meta,260.71,Southeast
ORD-101217,2025-12-09,2025-12,CUST-10724,Meta,170.2,Unknown
ORD-100235,2025-03-22,2025-03,CUST-11257,Google Ads,326.73,Southeast
ORD-101695,2026-04-18,2026-04,CUST-10388,Google Ads,146.04,Southeast
ORD-100480,2025-05-31,2025-05,CUST-10541,Organic,526.76,Midwest
ORD-100567,2025-06-26,2025-06,CUST-10481,Google Ads,201.68,Northeast
ORD-101140,2025-11-23,2025-11,CUST-10368,Meta,151.39,Northeast
ORD-101670,2026-04-11,2026-04,CUST-11268,Meta,353.35,Unknown
ORD-101851,2026-05-31,2026-05,CUST-10724,Google Ads,308.17,West
ORD-101555,2026-03-11,2026-03,CUST-10489,Google Ads,384.55,Northeast
ORD-100120,2025-02-11,2025-02,CUST-11163,Email,361.67,West
ORD-101715,2026-04-23,2026-04,CUST-10541,Affiliate,309.55,Southwest
ORD-101024,2025-10-31,2025-10,CUST-10950,Organic,244.53,West
ORD-101086,2025-11-12,2025-11,CUST-10834,Meta,107.25,Midwest
ORD-101272,2025-12-22,2025-12,CUST-10109,Google Ads,170.43,West
ORD-100926,2025-10-04,2025-10,CUST-10543,Google Ads,307.7,Midwest
ORD-100515,2025-06-11,2025-06,CUST-10469,Meta,197.8,West
ORD-100223,2025-03-20,2025-03,CUST-11228,Affiliate,194.43,Southwest
ORD-101467,2026-02-15,2026-02,CUST-10209,Affiliate,120.03,Midwest
ORD-100613,2025-07-09,2025-07,CUST-10326,Google Ads,143.41,Midwest
ORD-100843,2025-09-13,2025-09,CUST-10105,Email,700.7,Midwest
ORD-101245,2025-12-15,2025-12,CUST-10650,Meta,208.42,Northeast
ORD-100052,2025-01-22,2025-01,CUST-11270,Organic,498.03,Northeast
ORD-101831,2026-05-26,2026-05,CUST-10363,Affiliate,420.32,Southeast
ORD-100485,2025-06-01,2025-06,CUST-10739,Email,517.54,West
ORD-101902,2026-06-12,2026-06,CUST-10795,Google Ads,390.12,Southwest
ORD-100818,2025-09-05,2025-09,CUST-10881,Meta,108.19,Northeast
ORD-101366,2026-01-12,2026-01,CUST-10710,Google Ads,369.61,Northeast
ORD-100600,2025-07-05,2025-07,CUST-10880,Google Ads,198.56,Southwest
ORD-101591,2026-03-21,2026-03,CUST-10011,Google Ads,85.5,West
ORD-100248,2025-03-26,2025-03,CUST-11147,Meta,220.28,Northeast
ORD-100761,2025-08-22,2025-08,CUST-10325,Google Ads,249.69,West
ORD-101815,2026-05-20,2026-05,CUST-11079,Google Ads,318.02,Midwest
ORD-101130,2025-11-21,2025-11,CUST-10424,Google Ads,175.65,Midwest
ORD-100542,2025-06-18,2025-06,CUST-10452,Email,142.84,Midwest
ORD-100793,2025-08-30,2025-08,CUST-10818,Google Ads,132.37,West
ORD-101141,2025-11-23,2025-11,CUST-11093,Meta,170.44,Midwest
ORD-101445,2026-02-09,2026-02,CUST-10388,Meta,236.91,Midwest
ORD-100628,2025-07-16,2025-07,CUST-10654,Meta,370.64,Southeast
ORD-100150,2025-02-21,2025-02,CUST-10546,Google Ads,109.47,West
ORD-101677,2026-04-14,2026-04,CUST-10549,Email,553.85,West
ORD-100291,2025-04-07,2025-04,CUST-10808,Google Ads,211.72,Southeast
ORD-100381,2025-05-04,2025-05,CUST-10830,Meta,141.05,West
ORD-100686,2025-07-30,2025-07,CUST-11158,Google Ads,81.21,Midwest
ORD-101367,2026-01-13,2026-01,CUST-10485,Google Ads,553.33,Midwest
ORD-101224,2025-12-10,2025-12,CUST-10750,Google Ads,111.16,Southeast
ORD-100897,2025-09-27,2025-09,CUST-10026,Email,311.52,Southeast
ORD-100854,2025-09-15,2025-09,CUST-10275,Organic,268.89,West
ORD-101071,2025-11-10,2025-11,CUST-10693,Google Ads,174.28,Southeast
ORD-101517,2026-03-02,2026-03,CUST-10847,Google Ads,976.54,Northeast
ORD-101676,2026-04-13,2026-04,CUST-10814,Google Ads,415.83,Northeast
ORD-100891,2025-09-25,2025-09,CUST-11053,Google Ads,353.2,Midwest
ORD-101744,2026-05-01,2026-05,CUST-11264,Google Ads,255.68,Southeast
ORD-101364,2026-01-11,2026-01,CUST-10004,Meta,210.36,Midwest
ORD-100615,2025-07-09,2025-07,CUST-11124,Organic,333.68,Southwest
ORD-100154,2025-02-23,2025-02,CUST-10088,Affiliate,289.29,Northeast
ORD-101193,2025-12-03,2025-12,CUST-11211,Organic,284.37,Northeast
ORD-101702,2026-04-21,2026-04,CUST-10798,Google Ads,330.31,Southeast
ORD-101768,2026-05-06,2026-05,CUST-10739,Meta,264.17,Southeast
ORD-100322,2025-04-17,2025-04,CUST-10404,Meta,198.64,Midwest
ORD-101537,2026-03-07,2026-03,CUST-10314,Google Ads,427.05,Midwest
ORD-101282,2025-12-24,2025-12,CUST-10054,Google Ads,104.09,Northeast
ORD-100082,2025-01-31,2025-01,CUST-10334,Meta,120.05,Midwest
ORD-100512,2025-06-10,2025-06,CUST-10470,Google Ads,634.27,Midwest
ORD-101516,2026-03-01,2026-03,CUST-11011,Email,192.08,Southeast
ORD-101476,2026-02-18,2026-02,CUST-10040,Organic,511.73,West
ORD-100929,2025-10-05,2025-10,CUST-10271,Affiliate,166.87,Northeast
ORD-101621,2026-03-30,2026-03,CUST-10599,Affiliate,260.4,West
ORD-101357,2026-01-08,2026-01,CUST-10280,Affiliate,263.0,Midwest
ORD-100010,2025-01-06,2025-01,CUST-10014,Meta,222.72,Midwest
ORD-100831,2025-09-09,2025-09,CUST-10033,Google Ads,288.27,Southwest
ORD-100032,2025-01-16,2025-01,CUST-11065,Meta,365.75,West
ORD-101749,2026-05-02,2026-05,CUST-10829,Email,215.61,West
ORD-100413,2025-05-12,2025-05,CUST-10524,Google Ads,213.58,Midwest
ORD-100580,2025-06-29,2025-06,CUST-10630,Google Ads,69.46,Midwest
ORD-101406,2026-01-26,2026-01,CUST-10411,Meta,382.6,Southeast
ORD-101914,2026-06-15,2026-06,CUST-10374,Google Ads,575.63,Midwest
ORD-101563,2026-03-12,2026-03,CUST-10847,Google Ads,398.4,Southeast
ORD-101893,2026-06-11,2026-06,CUST-11045,Affiliate,102.11,West
ORD-100614,2025-07-09,2025-07,CUST-10870,Affiliate,224.68,Northeast
ORD-101045,2025-11-04,2025-11,CUST-11093,Meta,93.62,Northeast
ORD-101402,2026-01-25,2026-01,CUST-11015,Google Ads,185.81,Southeast
ORD-101014,2025-10-29,2025-10,CUST-10425,Google Ads,147.22,Northeast
ORD-100089,2025-02-03,2025-02,CUST-11107,Organic,151.87,West
ORD-101764,2026-05-05,2026-05,CUST-10463,Email,477.92,Northeast
ORD-100601,2025-07-05,2025-07,CUST-11009,Organic,215.53,Southeast
ORD-101237,2025-12-13,2025-12,CUST-10932,Meta,157.72,Midwest
ORD-101826,2026-05-24,2026-05,CUST-10524,Affiliate,188.01,West
ORD-100133,2025-02-16,2025-02,CUST-10581,Google Ads,259.96,Southeast
ORD-101370,2026-01-13,2026-01,CUST-10422,Google Ads,888.77,Southeast
ORD-100555,2025-06-21,2025-06,CUST-11026,Google Ads,349.79,Southwest
ORD-101031,2025-11-01,2025-11,CUST-10493,Google Ads,207.75,West
ORD-101556,2026-03-11,2026-03,CUST-10141,Google Ads,632.83,Northeast
ORD-100320,2025-04-16,2025-04,CUST-11092,Affiliate,329.22,Southeast
ORD-101759,2026-05-04,2026-05,CUST-11089,Google Ads,234.54,Southwest
ORD-101211,2025-12-07,2025-12,CUST-11242,Google Ads,181.0,Southwest
ORD-101726,2026-04-27,2026-04,CUST-10483,Google Ads,239.95,Southeast
ORD-100634,2025-07-18,2025-07,CUST-10342,Google Ads,442.16,Northeast
ORD-100552,2025-06-20,2025-06,CUST-10864,Google Ads,233.98,Southwest
ORD-101328,2025-12-31,2025-12,CUST-10413,Google Ads,113.35,Northeast
ORD-101055,2025-11-06,2025-11,CUST-10137,Google Ads,174.86,West
ORD-101549,2026-03-10,2026-03,CUST-10384,Google Ads,306.24,Southwest
ORD-100796,2025-09-01,2025-09,CUST-10581,Meta,103.6,West
ORD-101651,2026-04-05,2026-04,CUST-10540,Google Ads,172.35,Northeast
ORD-101264,2025-12-18,2025-12,CUST-11235,Google Ads,167.22,Midwest
ORD-101700,2026-04-20,2026-04,CUST-11296,Email,248.96,Midwest
ORD-100174,2025-03-02,2025-03,CUST-10667,Affiliate,208.15,West
ORD-100766,2025-08-23,2025-08,CUST-10797,Meta,128.71,Southwest
ORD-100245,2025-03-25,2025-03,CUST-10814,Google Ads,218.75,Southeast
ORD-101080,2025-11-11,2025-11,CUST-10930,Meta,702.73,Midwest
ORD-101725,2026-04-27,2026-04,CUST-11104,Email,183.19,Northeast
ORD-100145,2025-02-19,2025-02,CUST-11059,Affiliate,162.08,Southeast
ORD-100090,2025-02-04,2025-02,CUST-10119,Affiliate,321.09,Southwest
ORD-101416,2026-01-31,2026-01,CUST-10392,Google Ads,233.8,Southeast
ORD-100682,2025-07-28,2025-07,CUST-10820,Google Ads,456.64,Midwest
ORD-100310,2025-04-12,2025-04,CUST-10556,Google Ads,285.1,Midwest
ORD-101383,2026-01-19,2026-01,CUST-11285,Affiliate,289.73,Unknown
ORD-100093,2025-02-05,2025-02,CUST-11065,Meta,494.1,West
ORD-101558,2026-03-11,2026-03,CUST-10219,Meta,175.7,Midwest
ORD-100924,2025-10-04,2025-10,CUST-10619,Organic,611.55,West
ORD-101675,2026-04-13,2026-04,CUST-10870,Google Ads,250.05,West
ORD-101035,2025-11-02,2025-11,CUST-10667,Email,189.26,Southeast
ORD-101400,2026-01-24,2026-01,CUST-10552,Meta,126.5,Midwest
ORD-100243,2025-03-25,2025-03,CUST-10972,Email,400.49,West
ORD-101111,2025-11-18,2025-11,CUST-10210,Meta,308.87,Midwest
ORD-100214,2025-03-17,2025-03,CUST-10711,Google Ads,435.2,West
ORD-101197,2025-12-03,2025-12,CUST-11291,Meta,244.29,West
ORD-100998,2025-10-23,2025-10,CUST-10747,Google Ads,224.84,Midwest
ORD-100853,2025-09-15,2025-09,CUST-10959,Google Ads,320.27,Unknown
ORD-100425,2025-05-16,2025-05,CUST-10564,Email,411.57,Northeast
ORD-101751,2026-05-02,2026-05,CUST-10565,Google Ads,379.6,Southeast
ORD-101142,2025-11-23,2025-11,CUST-11064,Meta,168.81,Midwest
ORD-101143,2025-11-24,2025-11,CUST-10169,Google Ads,162.61,West
ORD-100226,2025-03-21,2025-03,CUST-11157,Organic,192.63,Southeast
ORD-101616,2026-03-28,2026-03,CUST-10902,Email,712.29,Southwest
ORD-100000,2025-01-01,2025-01,CUST-10410,Affiliate,117.85,Northeast
ORD-101418,2026-01-31,2026-01,CUST-11296,Meta,240.15,West
ORD-100401,2025-05-10,2025-05,CUST-10547,Google Ads,82.23,West
ORD-101428,2026-02-04,2026-02,CUST-10865,Meta,134.95,Northeast
ORD-101103,2025-11-17,2025-11,CUST-10898,Google Ads,346.45,West
ORD-100084,2025-02-02,2025-02,CUST-10869,Meta,223.42,West
ORD-100162,2025-02-25,2025-02,CUST-11078,Google Ads,168.25,West
ORD-100114,2025-02-10,2025-02,CUST-10814,Meta,384.16,Northeast
ORD-100670,2025-07-25,2025-07,CUST-11099,Email,170.41,Midwest
ORD-101174,2025-11-30,2025-11,CUST-10959,Google Ads,167.27,Unknown
ORD-101518,2026-03-02,2026-03,CUST-10970,Email,444.72,Midwest
ORD-101508,2026-02-28,2026-02,CUST-10613,Meta,255.53,Unknown
ORD-101392,2026-01-22,2026-01,CUST-11130,Meta,142.09,West
ORD-100889,2025-09-25,2025-09,CUST-10697,Meta,286.6,West
ORD-101501,2026-02-25,2026-02,CUST-10658,Google Ads,413.45,Southwest
ORD-100625,2025-07-16,2025-07,CUST-10991,Google Ads,143.4,West
ORD-101947,2026-06-24,2026-06,CUST-11144,Google Ads,259.7,Unknown
ORD-100952,2025-10-11,2025-10,CUST-10727,Google Ads,301.04,Southeast
ORD-100807,2025-09-02,2025-09,CUST-11269,Google Ads,179.52,West
ORD-100258,2025-03-28,2025-03,CUST-10030,Google Ads,235.4,Unknown
ORD-100624,2025-07-14,2025-07,CUST-10338,Google Ads,145.58,Southwest
ORD-100826,2025-09-07,2025-09,CUST-10001,Email,433.76,Southwest
ORD-100234,2025-03-22,2025-03,CUST-10959,Affiliate,190.56,Midwest
ORD-100135,2025-02-17,2025-02,CUST-10866,Meta,422.52,Southeast
ORD-100616,2025-07-10,2025-07,CUST-10030,Meta,204.0,West
ORD-101948,2026-06-24,2026-06,CUST-10885,Email,423.98,Southeast
ORD-100836,2025-09-11,2025-09,CUST-10110,Organic,252.98,Northeast
ORD-100842,2025-09-13,2025-09,CUST-10076,Google Ads,156.3,West
ORD-100959,2025-10-13,2025-10,CUST-10531,Meta,177.77,Southeast
ORD-100592,2025-07-03,2025-07,CUST-10726,Meta,160.52,Midwest
ORD-101314,2025-12-30,2025-12,CUST-10994,Organic,268.24,Southeast
ORD-101525,2026-03-04,2026-03,CUST-10472,Google Ads,177.04,West
ORD-101291,2025-12-26,2025-12,CUST-10864,Google Ads,353.36,Northeast
ORD-100343,2025-04-22,2025-04,CUST-10333,Organic,503.48,Midwest
ORD-101566,2026-03-13,2026-03,CUST-10477,Meta,440.25,Northeast
ORD-100293,2025-04-08,2025-04,CUST-11282,Google Ads,315.04,Northeast
ORD-100364,2025-04-29,2025-04,CUST-10180,Affiliate,121.41,Southeast
ORD-100178,2025-03-05,2025-03,CUST-10835,Google Ads,120.31,Northeast
ORD-100659,2025-07-23,2025-07,CUST-10495,Organic,267.53,West
ORD-100996,2025-10-23,2025-10,CUST-10536,Meta,103.61,Northeast
ORD-100014,2025-01-09,2025-01,CUST-10744,Meta,525.89,Southwest
ORD-101110,2025-11-18,2025-11,CUST-10262,Google Ads,698.7,Northeast
ORD-101394,2026-01-23,2026-01,CUST-10304,Google Ads,268.8,Southwest
ORD-100165,2025-02-26,2025-02,CUST-10309,Google Ads,149.03,West
ORD-101868,2026-06-04,2026-06,CUST-11140,Meta,412.99,Midwest
ORD-101359,2026-01-09,2026-01,CUST-10330,Meta,331.76,West
ORD-100059,2025-01-23,2025-01,CUST-10335,Google Ads,289.54,Southeast
ORD-100709,2025-08-04,2025-08,CUST-10382,Google Ads,329.99,West
ORD-100676,2025-07-28,2025-07,CUST-10094,Affiliate,177.82,Northeast
ORD-101378,2026-01-16,2026-01,CUST-10757,Google Ads,160.04,Southeast
ORD-100780,2025-08-25,2025-08,CUST-11287,Google Ads,931.5,Northeast
ORD-100424,2025-05-15,2025-05,CUST-10862,Organic,145.4,Southeast
ORD-100292,2025-04-08,2025-04,CUST-10577,Meta,104.67,West
ORD-101065,2025-11-09,2025-11,CUST-10216,Email,902.85,Southeast
ORD-101780,2026-05-11,2026-05,CUST-10310,Meta,180.21,Northeast
ORD-100329,2025-04-18,2025-04,CUST-10219,Affiliate,102.11,Northeast
ORD-100429,2025-05-17,2025-05,CUST-11130,Meta,72.29,Unknown
ORD-101012,2025-10-29,2025-10,CUST-10789,Affiliate,97.69,Midwest
ORD-100079,2025-01-30,2025-01,CUST-10523,Google Ads,300.27,Southeast
ORD-101052,2025-11-06,2025-11,CUST-10265,Meta,165.47,West
ORD-100937,2025-10-07,2025-10,CUST-10499,Affiliate,318.46,Southeast
ORD-100834,2025-09-09,2025-09,CUST-10332,Email,383.91,Southeast
ORD-100749,2025-08-19,2025-08,CUST-10729,Meta,142.21,West
ORD-100890,2025-09-25,2025-09,CUST-10827,Organic,408.56,West
ORD-100254,2025-03-27,2025-03,CUST-11069,Meta,199.42,Northeast
ORD-101723,2026-04-25,2026-04,CUST-10423,Meta,279.4,West
ORD-101482,2026-02-21,2026-02,CUST-10901,Google Ads,221.03,Southeast
ORD-101945,2026-06-23,2026-06,CUST-11252,Google Ads,378.41,Northeast
ORD-101407,2026-01-27,2026-01,CUST-10798,Meta,243.32,Southeast
ORD-101337,2026-01-03,2026-01,CUST-10377,Email,316.49,Midwest
ORD-101108,2025-11-18,2025-11,CUST-10530,Affiliate,137.63,West
ORD-100136,2025-02-17,2025-02,CUST-10780,Meta,485.84,West
ORD-101135,2025-11-22,2025-11,CUST-10294,Email,297.48,Midwest
ORD-101218,2025-12-09,2025-12,CUST-10007,Email,267.65,Northeast
ORD-100852,2025-09-15,2025-09,CUST-10499,Meta,458.43,Northeast
ORD-101202,2025-12-05,2025-12,CUST-10130,Google Ads,321.23,Southwest
ORD-100723,2025-08-10,2025-08,CUST-10453,Meta,244.72,Northeast
ORD-100859,2025-09-17,2025-09,CUST-10936,Google Ads,134.01,Northeast
ORD-100969,2025-10-15,2025-10,CUST-10881,Organic,399.1,Northeast
ORD-100496,2025-06-04,2025-06,CUST-10525,Google Ads,261.28,West
ORD-100950,2025-10-10,2025-10,CUST-11163,Google Ads,693.85,Southeast
ORD-100805,2025-09-02,2025-09,CUST-10871,Google Ads,365.93,Midwest
ORD-100129,2025-02-16,2025-02,CUST-10346,Google Ads,189.53,West
ORD-100337,2025-04-21,2025-04,CUST-10836,Google Ads,137.3,Southwest
ORD-100608,2025-07-08,2025-07,CUST-10318,Google Ads,428.74,Northeast
ORD-101148,2025-11-25,2025-11,CUST-10328,Affiliate,232.79,Southwest
ORD-100195,2025-03-13,2025-03,CUST-10210,Google Ads,144.78,Southwest
ORD-101250,2025-12-16,2025-12,CUST-10332,Google Ads,314.22,Northeast
ORD-101292,2025-12-26,2025-12,CUST-10298,Google Ads,1051.32,Southeast
ORD-100909,2025-09-30,2025-09,CUST-10529,Google Ads,299.34,Southeast
ORD-100584,2025-06-30,2025-06,CUST-10854,Google Ads,505.2,Midwest
ORD-100103,2025-02-06,2025-02,CUST-10708,Google Ads,220.03,Northeast
ORD-101838,2026-05-28,2026-05,CUST-10631,Affiliate,116.61,Northeast
ORD-101856,2026-06-02,2026-06,CUST-10235,Email,181.91,Midwest
ORD-100719,2025-08-08,2025-08,CUST-10591,Google Ads,239.48,Northeast
ORD-100884,2025-09-22,2025-09,CUST-10716,Google Ads,214.22,Northeast
ORD-100776,2025-08-25,2025-08,CUST-10271,Meta,461.1,Unknown
ORD-101569,2026-03-15,2026-03,CUST-10562,Meta,580.93,Midwest
ORD-100849,2025-09-14,2025-09,CUST-10335,Google Ads,292.34,West
ORD-100894,2025-09-26,2025-09,CUST-10199,Email,234.21,Northeast
ORD-100227,2025-03-21,2025-03,CUST-10655,Meta,101.17,Southeast
ORD-101870,2026-06-04,2026-06,CUST-10397,Meta,325.78,Southeast
ORD-101325,2025-12-31,2025-12,CUST-10716,Affiliate,390.36,Midwest
ORD-101299,2025-12-27,2025-12,CUST-10161,Google Ads,172.58,West
ORD-100126,2025-02-13,2025-02,CUST-10435,Meta,176.78,Midwest
ORD-100405,2025-05-11,2025-05,CUST-11094,Email,565.91,Southeast
ORD-100775,2025-08-25,2025-08,CUST-10435,Google Ads,127.49,West
ORD-100821,2025-09-06,2025-09,CUST-10713,Affiliate,179.12,Northeast
ORD-100711,2025-08-07,2025-08,CUST-10703,Organic,608.18,West
ORD-101878,2026-06-07,2026-06,CUST-10272,Email,424.69,Southeast
ORD-101060,2025-11-08,2025-11,CUST-10605,Google Ads,412.81,West
ORD-101163,2025-11-27,2025-11,CUST-11202,Meta,264.08,West
ORD-100303,2025-04-11,2025-04,CUST-11157,Affiliate,271.63,Midwest
ORD-100267,2025-03-30,2025-03,CUST-10398,Meta,143.87,Northeast
ORD-101557,2026-03-11,2026-03,CUST-10240,Meta,346.4,West
ORD-100545,2025-06-18,2025-06,CUST-10119,Google Ads,240.76,Midwest
ORD-100212,2025-03-17,2025-03,CUST-11083,Meta,95.51,Unknown
ORD-100896,2025-09-27,2025-09,CUST-10311,Google Ads,203.68,West
ORD-101492,2026-02-23,2026-02,CUST-10448,Google Ads,281.78,West
ORD-101222,2025-12-10,2025-12,CUST-10172,Google Ads,159.55,Southeast
ORD-100916,2025-10-01,2025-10,CUST-10319,Meta,248.36,West
ORD-101551,2026-03-10,2026-03,CUST-10730,Google Ads,207.38,Northeast
ORD-100675,2025-07-27,2025-07,CUST-11076,Meta,139.21,Southeast
ORD-101289,2025-12-25,2025-12,CUST-10383,Google Ads,474.83,Midwest
ORD-100814,2025-09-04,2025-09,CUST-10271,Google Ads,290.34,Northeast
ORD-101265,2025-12-19,2025-12,CUST-11127,Affiliate,213.8,Southwest
ORD-100342,2025-04-22,2025-04,CUST-10638,Affiliate,338.6,Southeast
ORD-100549,2025-06-19,2025-06,CUST-10456,Email,542.53,Northeast
ORD-101410,2026-01-27,2026-01,CUST-10922,Email,168.2,Midwest
ORD-101214,2025-12-08,2025-12,CUST-10283,Google Ads,723.42,Northeast
ORD-100966,2025-10-15,2025-10,CUST-10093,Meta,131.66,Northeast
ORD-101230,2025-12-12,2025-12,CUST-10492,Google Ads,255.2,West
ORD-100295,2025-04-09,2025-04,CUST-10789,Google Ads,238.16,Southeast
ORD-100695,2025-08-01,2025-08,CUST-10228,Affiliate,79.73,West
ORD-101452,2026-02-11,2026-02,CUST-10001,Meta,178.7,West
ORD-100073,2025-01-28,2025-01,CUST-10497,Meta,256.06,Southeast
ORD-100605,2025-07-06,2025-07,CUST-10668,Google Ads,207.19,Southeast
ORD-100104,2025-02-07,2025-02,CUST-10082,Organic,491.83,Northeast
ORD-100645,2025-07-20,2025-07,CUST-10632,Google Ads,239.96,West
ORD-101404,2026-01-26,2026-01,CUST-10271,Google Ads,304.54,West
ORD-101952,2026-06-25,2026-06,CUST-10510,Google Ads,85.79,Southeast
ORD-101040,2025-11-03,2025-11,CUST-11124,Email,127.48,Northeast
ORD-100439,2025-05-20,2025-05,CUST-11043,Google Ads,239.9,Midwest
ORD-101019,2025-10-30,2025-10,CUST-11021,Email,323.66,Southeast
ORD-100091,2025-02-04,2025-02,CUST-10053,Organic,279.36,Southeast
ORD-101112,2025-11-19,2025-11,CUST-11241,Google Ads,162.76,Southwest
ORD-101746,2026-05-02,2026-05,CUST-11091,Google Ads,353.01,Northeast
ORD-100908,2025-09-30,2025-09,CUST-10099,Affiliate,340.55,Southwest
ORD-101474,2026-02-18,2026-02,CUST-10289,Google Ads,280.29,Southwest
ORD-100102,2025-02-06,2025-02,CUST-10693,Affiliate,294.58,Midwest
ORD-100238,2025-03-23,2025-03,CUST-11171,Google Ads,864.12,Southeast
ORD-101808,2026-05-18,2026-05,CUST-10886,Meta,251.44,West
ORD-100942,2025-10-09,2025-10,CUST-10139,Google Ads,175.11,West
ORD-101270,2025-12-21,2025-12,CUST-10645,Affiliate,138.32,Southeast
ORD-100938,2025-10-07,2025-10,CUST-10181,Organic,215.44,Northeast
ORD-101181,2025-12-01,2025-12,CUST-10466,Google Ads,315.41,Southeast
ORD-101503,2026-02-26,2026-02,CUST-10365,Google Ads,173.51,Northeast
ORD-100005,2025-01-04,2025-01,CUST-10202,Google Ads,857.6,Southwest
ORD-101806,2026-05-18,2026-05,CUST-10021,Google Ads,152.91,West
ORD-100965,2025-10-15,2025-10,CUST-10098,Email,156.8,Southwest
ORD-100018,2025-01-10,2025-01,CUST-10424,Google Ads,189.26,West
ORD-101430,2026-02-04,2026-02,CUST-11245,Meta,396.89,Northeast
ORD-100121,2025-02-12,2025-02,CUST-10873,Google Ads,686.69,Southeast
ORD-100661,2025-07-23,2025-07,CUST-10380,Organic,448.98,Northeast
ORD-101674,2026-04-13,2026-04,CUST-10422,Email,892.51,Northeast
ORD-100274,2025-04-02,2025-04,CUST-11133,Email,562.69,Northeast
ORD-100433,2025-05-17,2025-05,CUST-10318,Meta,999.96,West
ORD-100811,2025-09-03,2025-09,CUST-11142,Meta,607.68,Northeast
ORD-101300,2025-12-27,2025-12,CUST-10637,Google Ads,469.8,Northeast
ORD-101335,2026-01-03,2026-01,CUST-10036,Google Ads,440.21,West
ORD-101857,2026-06-02,2026-06,CUST-10188,Meta,167.26,West
ORD-101880,2026-06-08,2026-06,CUST-11183,Meta,143.93,Southwest
ORD-101570,2026-03-15,2026-03,CUST-10477,Meta,52.91,Midwest
ORD-100181,2025-03-07,2025-03,CUST-10979,Meta,110.23,West
ORD-100184,2025-03-07,2025-03,CUST-10076,Email,147.49,Northeast
ORD-100406,2025-05-11,2025-05,CUST-10962,Google Ads,243.59,Northeast
ORD-100865,2025-09-19,2025-09,CUST-10344,Google Ads,276.63,Midwest
ORD-101630,2026-04-01,2026-04,CUST-10693,Meta,409.77,Southeast
ORD-100520,2025-06-12,2025-06,CUST-10425,Meta,231.48,Midwest
ORD-101003,2025-10-26,2025-10,CUST-10900,Google Ads,368.38,Southwest
ORD-100380,2025-05-04,2025-05,CUST-10538,Meta,79.91,Northeast
ORD-101434,2026-02-05,2026-02,CUST-10326,Google Ads,288.94,West
ORD-101658,2026-04-08,2026-04,CUST-10033,Meta,114.93,West
ORD-101393,2026-01-23,2026-01,CUST-10165,Google Ads,104.5,Northeast
ORD-101424,2026-02-02,2026-02,CUST-10647,Google Ads,399.63,Northeast
ORD-101612,2026-03-28,2026-03,CUST-11160,Meta,280.45,Southwest
ORD-100427,2025-05-16,2025-05,CUST-11051,Organic,248.55,Southeast
ORD-100078,2025-01-30,2025-01,CUST-11226,Organic,158.4,Midwest
ORD-101597,2026-03-22,2026-03,CUST-10744,Affiliate,183.69,Northeast
ORD-101009,2025-10-27,2025-10,CUST-10181,Meta,907.35,Northeast
ORD-100208,2025-03-16,2025-03,CUST-11033,Google Ads,246.77,Unknown
ORD-101661,2026-04-08,2026-04,CUST-11069,Google Ads,284.13,Southwest
ORD-100607,2025-07-07,2025-07,CUST-10608,Email,362.02,Northeast
ORD-101774,2026-05-09,2026-05,CUST-10579,Meta,231.22,Northeast
ORD-101813,2026-05-20,2026-05,CUST-10200,Meta,440.71,Southeast
ORD-101057,2025-11-06,2025-11,CUST-10350,Email,191.04,West
ORD-101440,2026-02-07,2026-02,CUST-10322,Meta,141.71,Southeast
ORD-101585,2026-03-18,2026-03,CUST-10795,Google Ads,188.96,Southeast
ORD-101091,2025-11-13,2025-11,CUST-10853,Google Ads,177.83,Southeast
ORD-101560,2026-03-11,2026-03,CUST-10238,Google Ads,395.36,Southeast
ORD-101101,2025-11-17,2025-11,CUST-10522,Google Ads,162.44,West
ORD-101129,2025-11-21,2025-11,CUST-10823,Email,192.95,Unknown
ORD-101235,2025-12-13,2025-12,CUST-10304,Meta,508.24,Northeast
ORD-101756,2026-05-03,2026-05,CUST-11196,Affiliate,248.54,Midwest
ORD-100958,2025-10-12,2025-10,CUST-10413,Meta,583.8,Northeast
ORD-101662,2026-04-09,2026-04,CUST-10047,Google Ads,637.12,Northeast
ORD-100559,2025-06-22,2025-06,CUST-10928,Google Ads,106.66,Southeast
ORD-100846,2025-09-14,2025-09,CUST-10917,Email,554.64,West
ORD-100690,2025-07-31,2025-07,CUST-10863,Meta,228.26,Northeast
ORD-101519,2026-03-03,2026-03,CUST-10515,Google Ads,335.1,Southwest
ORD-101927,2026-06-17,2026-06,CUST-10085,Organic,427.37,West
ORD-101855,2026-06-01,2026-06,CUST-10004,Google Ads,115.89,Midwest
ORD-100436,2025-05-18,2025-05,CUST-10283,Google Ads,317.78,West
ORD-100490,2025-06-02,2025-06,CUST-11056,Google Ads,452.09,West
ORD-101828,2026-05-25,2026-05,CUST-10363,Google Ads,451.26,West
ORD-101629,2026-04-01,2026-04,CUST-10021,Meta,257.21,Southwest
ORD-101387,2026-01-21,2026-01,CUST-11175,Meta,153.01,West
ORD-100069,2025-01-28,2025-01,CUST-11072,Affiliate,331.51,West
ORD-101572,2026-03-15,2026-03,CUST-11158,Google Ads,288.5,Southwest
ORD-100808,2025-09-02,2025-09,CUST-10736,Organic,219.99,Northeast
ORD-101184,2025-12-02,2025-12,CUST-11157,Google Ads,120.99,West
ORD-100011,2025-01-06,2025-01,CUST-11068,Meta,152.15,Southeast
ORD-100144,2025-02-19,2025-02,CUST-10887,Email,144.27,Midwest
ORD-100917,2025-10-02,2025-10,CUST-11035,Meta,308.6,Southeast
ORD-101541,2026-03-08,2026-03,CUST-10271,Google Ads,163.0,Northeast
ORD-101451,2026-02-11,2026-02,CUST-11217,Meta,279.53,Northeast
ORD-100639,2025-07-19,2025-07,CUST-10709,Organic,461.58,Northeast
ORD-100176,2025-03-03,2025-03,CUST-10276,Google Ads,218.37,West
ORD-100994,2025-10-23,2025-10,CUST-10400,Meta,352.76,West
ORD-100440,2025-05-20,2025-05,CUST-10513,Google Ads,295.35,West
ORD-100521,2025-06-12,2025-06,CUST-10547,Organic,239.32,Midwest
ORD-101931,2026-06-19,2026-06,CUST-10207,Organic,323.14,Northeast
ORD-101712,2026-04-22,2026-04,CUST-10238,Google Ads,335.97,Northeast
ORD-101004,2025-10-26,2025-10,CUST-10921,Google Ads,205.85,Midwest
ORD-101255,2025-12-17,2025-12,CUST-10701,Email,398.51,Northeast
ORD-101234,2025-12-13,2025-12,CUST-11092,Meta,130.62,Northeast
ORD-101664,2026-04-10,2026-04,CUST-10228,Organic,157.29,Southwest
ORD-100143,2025-02-19,2025-02,CUST-11134,Meta,188.42,Northeast
ORD-100753,2025-08-20,2025-08,CUST-10796,Google Ads,230.18,Southeast
ORD-100519,2025-06-12,2025-06,CUST-10729,Google Ads,210.08,Southeast
ORD-101322,2025-12-30,2025-12,CUST-10361,Meta,180.28,West
ORD-100822,2025-09-06,2025-09,CUST-10991,Google Ads,91.48,Northeast
ORD-100428,2025-05-16,2025-05,CUST-10458,Email,253.55,West
ORD-100612,2025-07-09,2025-07,CUST-10102,Affiliate,164.25,Unknown
ORD-101505,2026-02-27,2026-02,CUST-10393,Google Ads,344.37,Midwest
ORD-101032,2025-11-01,2025-11,CUST-10008,Meta,202.76,Southeast
ORD-100156,2025-02-23,2025-02,CUST-11021,Organic,157.62,Southeast
ORD-100539,2025-06-17,2025-06,CUST-10407,Google Ads,409.14,Midwest
ORD-101460,2026-02-14,2026-02,CUST-10565,Google Ads,483.69,Northeast
ORD-101290,2025-12-26,2025-12,CUST-10057,Meta,150.72,Southwest
ORD-100461,2025-05-27,2025-05,CUST-10814,Google Ads,293.54,Southeast
ORD-100576,2025-06-28,2025-06,CUST-11264,Meta,350.62,Southeast
ORD-101362,2026-01-10,2026-01,CUST-10343,Google Ads,529.63,Northeast
ORD-100255,2025-03-28,2025-03,CUST-10322,Meta,41.9,Southeast
ORD-100979,2025-10-18,2025-10,CUST-10493,Meta,342.99,Northeast
ORD-101185,2025-12-02,2025-12,CUST-11145,Google Ads,498.47,Midwest
ORD-101006,2025-10-26,2025-10,CUST-10067,Meta,165.41,Northeast
ORD-101521,2026-03-04,2026-03,CUST-11069,Meta,544.19,Southeast
ORD-101689,2026-04-17,2026-04,CUST-11041,Meta,275.2,West
ORD-100560,2025-06-23,2025-06,CUST-10432,Meta,165.05,Unknown
ORD-100910,2025-09-30,2025-09,CUST-10406,Google Ads,127.62,Northeast
ORD-101311,2025-12-29,2025-12,CUST-10579,Google Ads,209.71,Midwest
ORD-100001,2025-01-02,2025-01,CUST-10934,Affiliate,389.23,Northeast
ORD-101365,2026-01-11,2026-01,CUST-10834,Meta,291.03,Northeast
ORD-100269,2025-04-01,2025-04,CUST-10185,Google Ads,232.28,Midwest
ORD-100265,2025-03-30,2025-03,CUST-10705,Google Ads,276.25,Northeast
ORD-100914,2025-10-01,2025-10,CUST-10030,Google Ads,256.1,Southeast
ORD-100230,2025-03-22,2025-03,CUST-11254,Meta,229.59,West
ORD-101119,2025-11-20,2025-11,CUST-10169,Organic,739.42,Northeast
ORD-101958,2026-06-30,2026-06,CUST-10295,Email,147.8,West
ORD-100864,2025-09-19,2025-09,CUST-10468,Organic,269.8,Unknown
ORD-101066,2025-11-09,2025-11,CUST-10283,Email,307.29,Northeast
ORD-100873,2025-09-20,2025-09,CUST-10680,Google Ads,143.4,Northeast
ORD-101785,2026-05-13,2026-05,CUST-10423,Affiliate,507.38,West
ORD-101816,2026-05-20,2026-05,CUST-10741,Google Ads,367.46,Midwest
ORD-101652,2026-04-06,2026-04,CUST-10869,Affiliate,185.51,West
ORD-100045,2025-01-21,2025-01,CUST-10716,Google Ads,174.36,Southeast
ORD-100161,2025-02-24,2025-02,CUST-10936,Affiliate,79.25,West
ORD-100991,2025-10-21,2025-10,CUST-10696,Google Ads,133.71,West
ORD-100727,2025-08-11,2025-08,CUST-10818,Affiliate,113.28,West
ORD-100629,2025-07-17,2025-07,CUST-10273,Google Ads,122.84,Midwest
ORD-100288,2025-04-07,2025-04,CUST-10679,Google Ads,256.04,Southeast
ORD-101613,2026-03-28,2026-03,CUST-11041,Meta,167.35,Southwest
ORD-101059,2025-11-08,2025-11,CUST-10007,Google Ads,356.15,Northeast
ORD-101942,2026-06-23,2026-06,CUST-10271,Google Ads,90.48,Southwest
ORD-100575,2025-06-28,2025-06,CUST-11065,Meta,218.27,Midwest
ORD-100850,2025-09-14,2025-09,CUST-10058,Affiliate,482.48,West
ORD-101339,2026-01-03,2026-01,CUST-10385,Organic,326.83,Southwest
ORD-100911,2025-09-30,2025-09,CUST-10938,Meta,374.5,Southeast
ORD-101254,2025-12-17,2025-12,CUST-10013,Google Ads,257.83,Northeast
ORD-101722,2026-04-25,2026-04,CUST-10971,Google Ads,164.15,Northeast
ORD-101809,2026-05-19,2026-05,CUST-10841,Email,222.29,Midwest
ORD-101735,2026-04-29,2026-04,CUST-10405,Affiliate,330.53,West
ORD-100932,2025-10-05,2025-10,CUST-10726,Organic,218.72,Northeast
ORD-101100,2025-11-16,2025-11,CUST-10539,Google Ads,99.02,Southeast
ORD-101657,2026-04-07,2026-04,CUST-10521,Affiliate,278.63,Southwest
ORD-101207,2025-12-06,2025-12,CUST-10085,Google Ads,230.56,Northeast
ORD-100476,2025-05-30,2025-05,CUST-10293,Organic,110.29,West
ORD-101694,2026-04-18,2026-04,CUST-10889,Google Ads,632.88,Northeast
ORD-100085,2025-02-02,2025-02,CUST-10700,Affiliate,257.63,Midwest
ORD-100469,2025-05-29,2025-05,CUST-10942,Google Ads,165.21,Northeast
ORD-100225,2025-03-20,2025-03,CUST-10087,Meta,288.67,West
ORD-100774,2025-08-25,2025-08,CUST-10373,Affiliate,203.14,Northeast
ORD-100331,2025-04-19,2025-04,CUST-10876,Email,147.45,Northeast
ORD-100233,2025-03-22,2025-03,CUST-10165,Google Ads,518.91,West
ORD-100588,2025-07-02,2025-07,CUST-10919,Google Ads,604.93,West
ORD-100475,2025-05-30,2025-05,CUST-10818,Google Ads,274.59,Southeast
ORD-101284,2025-12-25,2025-12,CUST-11031,Meta,182.2,Southwest
ORD-101858,2026-06-02,2026-06,CUST-10188,Affiliate,141.98,Southeast
ORD-100599,2025-07-05,2025-07,CUST-10709,Affiliate,290.24,Northeast
ORD-100421,2025-05-14,2025-05,CUST-10307,Google Ads,859.12,Northeast
ORD-101711,2026-04-22,2026-04,CUST-11068,Google Ads,117.76,West
ORD-100182,2025-03-07,2025-03,CUST-10687,Meta,349.32,Northeast
ORD-100988,2025-10-20,2025-10,CUST-10973,Email,652.04,West
ORD-101000,2025-10-24,2025-10,CUST-11124,Google Ads,192.68,West
ORD-101641,2026-04-02,2026-04,CUST-10572,Affiliate,76.62,West
ORD-101356,2026-01-08,2026-01,CUST-11057,Email,114.08,Midwest
ORD-101462,2026-02-15,2026-02,CUST-10383,Google Ads,273.2,West
ORD-100049,2025-01-21,2025-01,CUST-10276,Meta,363.79,Northeast
ORD-101907,2026-06-14,2026-06,CUST-11101,Affiliate,241.4,Southeast
ORD-101029,2025-11-01,2025-11,CUST-10099,Meta,234.55,Southeast
ORD-100529,2025-06-15,2025-06,CUST-10905,Email,274.3,Southeast
ORD-101258,2025-12-17,2025-12,CUST-11104,Google Ads,263.95,Southeast
ORD-100486,2025-06-01,2025-06,CUST-10395,Google Ads,344.27,Midwest
ORD-101940,2026-06-22,2026-06,CUST-10145,Google Ads,354.99,Unknown
ORD-100497,2025-06-04,2025-06,CUST-11126,Google Ads,370.44,Midwest
ORD-101646,2026-04-03,2026-04,CUST-10968,Meta,310.28,West
ORD-100106,2025-02-08,2025-02,CUST-10706,Email,208.05,Midwest
ORD-100443,2025-05-21,2025-05,CUST-10744,Google Ads,431.32,West
ORD-101512,2026-03-01,2026-03,CUST-10025,Google Ads,169.97,West
ORD-100646,2025-07-20,2025-07,CUST-10233,Google Ads,357.96,Midwest
ORD-101036,2025-11-02,2025-11,CUST-10547,Google Ads,242.5,Midwest
ORD-101762,2026-05-04,2026-05,CUST-10182,Google Ads,321.85,Midwest
ORD-100726,2025-08-10,2025-08,CUST-10920,Google Ads,205.37,West
ORD-100190,2025-03-10,2025-03,CUST-10209,Meta,425.93,Northeast
ORD-101788,2026-05-13,2026-05,CUST-11155,Meta,166.31,Midwest
ORD-100282,2025-04-05,2025-04,CUST-11053,Meta,212.45,Northeast
ORD-100029,2025-01-15,2025-01,CUST-10551,Google Ads,504.29,West
ORD-100169,2025-03-01,2025-03,CUST-10210,Meta,102.89,West
ORD-101001,2025-10-25,2025-10,CUST-11158,Google Ads,440.66,West
ORD-101204,2025-12-06,2025-12,CUST-10324,Google Ads,214.22,Northeast
ORD-100100,2025-02-06,2025-02,CUST-10502,Google Ads,722.34,Midwest
ORD-100197,2025-03-13,2025-03,CUST-10153,Google Ads,457.77,Northeast
ORD-100495,2025-06-04,2025-06,CUST-10124,Google Ads,217.54,Southeast
ORD-101745,2026-05-01,2026-05,CUST-10856,Google Ads,344.19,West
ORD-100647,2025-07-20,2025-07,CUST-11224,Google Ads,139.02,Southeast
ORD-100987,2025-10-20,2025-10,CUST-10514,Meta,280.92,Northeast
ORD-100044,2025-01-21,2025-01,CUST-10799,Organic,166.23,Northeast
ORD-101924,2026-06-16,2026-06,CUST-10780,Email,605.85,Southeast
ORD-100710,2025-08-04,2025-08,CUST-10312,Organic,359.22,West
ORD-100373,2025-05-01,2025-05,CUST-10907,Meta,197.13,West
ORD-100678,2025-07-28,2025-07,CUST-10376,Email,199.32,Southeast
ORD-100566,2025-06-25,2025-06,CUST-10616,Google Ads,474.71,Southeast
ORD-101672,2026-04-11,2026-04,CUST-11201,Affiliate,496.56,Northeast
ORD-101821,2026-05-22,2026-05,CUST-10490,Email,153.42,West
ORD-100847,2025-09-14,2025-09,CUST-10035,Google Ads,185.25,West
ORD-100460,2025-05-26,2025-05,CUST-10813,Google Ads,506.08,Southeast
ORD-101437,2026-02-06,2026-02,CUST-10162,Organic,126.2,West
ORD-101155,2025-11-26,2025-11,CUST-10081,Meta,127.11,West
ORD-100039,2025-01-20,2025-01,CUST-10536,Email,608.71,West
ORD-100434,2025-05-18,2025-05,CUST-10326,Google Ads,355.05,Northeast
ORD-100973,2025-10-16,2025-10,CUST-11035,Organic,324.6,Midwest
ORD-101239,2025-12-14,2025-12,CUST-10053,Affiliate,556.7,West
ORD-101007,2025-10-27,2025-10,CUST-10579,Affiliate,154.26,Southwest
ORD-101579,2026-03-17,2026-03,CUST-10313,Meta,89.74,Southeast
ORD-101590,2026-03-20,2026-03,CUST-10708,Google Ads,222.13,Midwest
ORD-101786,2026-05-13,2026-05,CUST-10404,Meta,351.28,Northeast
ORD-101498,2026-02-25,2026-02,CUST-10150,Meta,366.39,West
ORD-100456,2025-05-26,2025-05,CUST-10602,Google Ads,260.55,West
ORD-101835,2026-05-27,2026-05,CUST-10359,Meta,140.71,West
ORD-100260,2025-03-29,2025-03,CUST-10647,Organic,536.57,Midwest
ORD-101840,2026-05-28,2026-05,CUST-10197,Meta,411.39,Midwest
ORD-100035,2025-01-19,2025-01,CUST-10105,Google Ads,273.81,West
ORD-100827,2025-09-07,2025-09,CUST-10238,Affiliate,123.41,Northeast
ORD-100309,2025-04-12,2025-04,CUST-10571,Google Ads,214.3,Midwest
ORD-100276,2025-04-03,2025-04,CUST-10384,Email,311.34,Northeast
ORD-100636,2025-07-18,2025-07,CUST-10348,Google Ads,378.57,Midwest
ORD-100654,2025-07-22,2025-07,CUST-10217,Google Ads,361.92,Southeast
ORD-100622,2025-07-13,2025-07,CUST-10311,Google Ads,94.8,Northeast
ORD-101859,2026-06-03,2026-06,CUST-10016,Meta,314.73,West
ORD-100844,2025-09-14,2025-09,CUST-10034,Google Ads,488.71,Midwest
ORD-100393,2025-05-07,2025-05,CUST-10861,Google Ads,562.33,Southwest
ORD-101769,2026-05-07,2026-05,CUST-10020,Google Ads,229.26,Southeast
ORD-100107,2025-02-08,2025-02,CUST-10804,Google Ads,106.81,Northeast
ORD-100349,2025-04-23,2025-04,CUST-10086,Google Ads,129.37,Northeast
ORD-100524,2025-06-13,2025-06,CUST-10623,Google Ads,501.95,Midwest
ORD-100784,2025-08-27,2025-08,CUST-10978,Google Ads,332.78,Southwest
ORD-100047,2025-01-21,2025-01,CUST-10927,Google Ads,387.63,Southwest
ORD-100203,2025-03-15,2025-03,CUST-11282,Meta,140.36,West
ORD-101655,2026-04-07,2026-04,CUST-10826,Email,430.46,West
ORD-100021,2025-01-11,2025-01,CUST-11205,Google Ads,274.03,Midwest
ORD-100402,2025-05-10,2025-05,CUST-11294,Affiliate,259.46,West
ORD-101107,2025-11-18,2025-11,CUST-10416,Google Ads,218.99,West
ORD-101154,2025-11-26,2025-11,CUST-10520,Google Ads,210.29,Midwest
ORD-101439,2026-02-06,2026-02,CUST-11268,Meta,43.24,Midwest
ORD-100989,2025-10-21,2025-10,CUST-10076,Affiliate,206.98,Northeast
ORD-101865,2026-06-04,2026-06,CUST-10923,Google Ads,397.2,West
ORD-100741,2025-08-17,2025-08,CUST-10395,Meta,247.6,Southwest
ORD-101721,2026-04-25,2026-04,CUST-11267,Organic,438.17,Midwest
ORD-101310,2025-12-28,2025-12,CUST-10507,Organic,151.53,Northeast
ORD-101147,2025-11-24,2025-11,CUST-10812,Organic,260.08,Midwest
ORD-100033,2025-01-17,2025-01,CUST-10634,Meta,241.88,Northeast
ORD-100787,2025-08-28,2025-08,CUST-11150,Google Ads,262.73,Northeast
ORD-101540,2026-03-08,2026-03,CUST-10376,Meta,394.59,Northeast
ORD-100923,2025-10-04,2025-10,CUST-10341,Meta,121.64,West
ORD-101043,2025-11-03,2025-11,CUST-10021,Google Ads,604.71,Midwest
ORD-101921,2026-06-16,2026-06,CUST-11089,Google Ads,154.86,Midwest
ORD-101243,2025-12-14,2025-12,CUST-11135,Google Ads,246.96,Southeast
ORD-101915,2026-06-15,2026-06,CUST-11010,Google Ads,255.24,Northeast
ORD-100579,2025-06-29,2025-06,CUST-10895,Google Ads,241.28,West
ORD-100481,2025-05-31,2025-05,CUST-10294,Meta,251.96,West
ORD-100931,2025-10-05,2025-10,CUST-10854,Google Ads,915.33,Northeast
ORD-100356,2025-04-26,2025-04,CUST-10616,Google Ads,373.8,Northeast
ORD-101685,2026-04-16,2026-04,CUST-10140,Google Ads,467.91,Northeast
ORD-101248,2025-12-16,2025-12,CUST-10122,Google Ads,499.52,Southeast
ORD-100759,2025-08-21,2025-08,CUST-10059,Meta,378.8,Southwest
ORD-100092,2025-02-04,2025-02,CUST-10660,Google Ads,360.07,West
ORD-101175,2025-11-30,2025-11,CUST-10617,Meta,230.71,Southwest
ORD-101415,2026-01-31,2026-01,CUST-10382,Google Ads,218.7,Southeast
ORD-101341,2026-01-04,2026-01,CUST-10522,Google Ads,502.06,Northeast
ORD-101472,2026-02-17,2026-02,CUST-10564,Google Ads,766.26,Southwest
ORD-100803,2025-09-01,2025-09,CUST-11136,Google Ads,320.49,Southwest
ORD-100745,2025-08-18,2025-08,CUST-10510,Affiliate,216.57,Southwest
ORD-101546,2026-03-09,2026-03,CUST-10713,Organic,399.78,Northeast
ORD-100279,2025-04-04,2025-04,CUST-10798,Google Ads,1271.83,Northeast
ORD-101607,2026-03-26,2026-03,CUST-10786,Organic,246.71,Northeast
ORD-100764,2025-08-22,2025-08,CUST-10841,Google Ads,115.62,Northeast
ORD-100604,2025-07-06,2025-07,CUST-10722,Email,339.66,Midwest
ORD-101373,2026-01-15,2026-01,CUST-10376,Organic,343.13,West
ORD-101398,2026-01-23,2026-01,CUST-10394,Google Ads,150.46,West
ORD-100400,2025-05-09,2025-05,CUST-10363,Meta,222.44,Midwest
ORD-101728,2026-04-27,2026-04,CUST-10059,Affiliate,175.57,West
ORD-100257,2025-03-28,2025-03,CUST-11298,Google Ads,129.99,Northeast
ORD-100944,2025-10-09,2025-10,CUST-10792,Organic,429.61,Southeast
ORD-101875,2026-06-07,2026-06,CUST-10091,Google Ads,173.91,Northeast
ORD-101096,2025-11-15,2025-11,CUST-11019,Organic,635.79,Midwest
ORD-101219,2025-12-09,2025-12,CUST-11183,Meta,276.46,Midwest
ORD-101507,2026-02-28,2026-02,CUST-10508,Email,202.69,Southwest
ORD-101879,2026-06-07,2026-06,CUST-10440,Organic,573.12,West
ORD-101161,2025-11-27,2025-11,CUST-10281,Meta,512.23,West
ORD-100494,2025-06-04,2025-06,CUST-10334,Meta,182.61,West
ORD-100772,2025-08-24,2025-08,CUST-11203,Affiliate,103.85,West
ORD-100550,2025-06-20,2025-06,CUST-11166,Organic,648.15,Northeast
ORD-101486,2026-02-22,2026-02,CUST-10808,Meta,345.17,West
ORD-100201,2025-03-15,2025-03,CUST-10428,Google Ads,227.1,Unknown
ORD-100312,2025-04-13,2025-04,CUST-10834,Affiliate,112.74,Southeast
ORD-100290,2025-04-07,2025-04,CUST-10030,Meta,311.64,West
ORD-101213,2025-12-08,2025-12,CUST-10968,Google Ads,116.01,West
ORD-100763,2025-08-22,2025-08,CUST-10306,Google Ads,148.02,Midwest
ORD-101136,2025-11-23,2025-11,CUST-11121,Google Ads,175.7,West
ORD-100949,2025-10-10,2025-10,CUST-10178,Google Ads,209.13,Northeast
ORD-100183,2025-03-07,2025-03,CUST-11264,Meta,293.19,Southeast
ORD-101176,2025-11-30,2025-11,CUST-10332,Affiliate,143.93,West
ORD-101848,2026-05-31,2026-05,CUST-10145,Google Ads,57.99,Northeast
ORD-101349,2026-01-06,2026-01,CUST-10265,Google Ads,98.16,West
ORD-101727,2026-04-27,2026-04,CUST-11017,Organic,602.98,West
ORD-101068,2025-11-09,2025-11,CUST-10788,Google Ads,279.51,West
ORD-101468,2026-02-15,2026-02,CUST-10626,Organic,438.0,Midwest
ORD-101811,2026-05-19,2026-05,CUST-11124,Affiliate,189.84,Southeast
ORD-101030,2025-11-01,2025-11,CUST-10076,Google Ads,240.86,Southwest
ORD-100250,2025-03-27,2025-03,CUST-10480,Meta,591.38,Northeast
ORD-100823,2025-09-07,2025-09,CUST-10610,Google Ads,212.87,Midwest
ORD-101099,2025-11-15,2025-11,CUST-10481,Google Ads,118.96,Southeast
ORD-101536,2026-03-07,2026-03,CUST-10788,Organic,217.73,West
ORD-100940,2025-10-08,2025-10,CUST-10021,Google Ads,214.17,Northeast
ORD-100391,2025-05-06,2025-05,CUST-10713,Meta,122.16,West
ORD-101919,2026-06-16,2026-06,CUST-11153,Google Ads,154.84,Southeast
ORD-101456,2026-02-12,2026-02,CUST-11148,Email,361.77,Southeast
ORD-101092,2025-11-14,2025-11,CUST-10835,Meta,118.11,Southeast
ORD-101191,2025-12-02,2025-12,CUST-11285,Affiliate,328.43,Northeast
ORD-100904,2025-09-28,2025-09,CUST-10744,Meta,274.67,Northeast
ORD-100730,2025-08-12,2025-08,CUST-10021,Meta,240.36,Southeast
ORD-100554,2025-06-20,2025-06,CUST-10423,Affiliate,337.29,Southeast
ORD-100366,2025-04-30,2025-04,CUST-10768,Meta,269.37,Northeast
ORD-100345,2025-04-23,2025-04,CUST-10553,Meta,135.95,West
ORD-101608,2026-03-27,2026-03,CUST-11021,Google Ads,278.03,Midwest
ORD-100535,2025-06-16,2025-06,CUST-10483,Meta,152.28,Southwest
ORD-101422,2026-02-02,2026-02,CUST-11042,Google Ads,97.06,Northeast
ORD-101209,2025-12-07,2025-12,CUST-10082,Affiliate,272.92,Northeast
ORD-101372,2026-01-14,2026-01,CUST-11245,Meta,221.53,Southwest
ORD-101639,2026-04-02,2026-04,CUST-10813,Google Ads,192.83,West
ORD-100919,2025-10-02,2025-10,CUST-10522,Google Ads,243.05,West
ORD-100211,2025-03-17,2025-03,CUST-10771,Google Ads,309.23,Northeast
ORD-101603,2026-03-24,2026-03,CUST-10137,Google Ads,336.84,Unknown
ORD-100502,2025-06-08,2025-06,CUST-11069,Organic,593.19,Southeast
ORD-100537,2025-06-17,2025-06,CUST-10807,Meta,197.53,Northeast
ORD-101220,2025-12-10,2025-12,CUST-10341,Google Ads,289.67,Northeast
ORD-100175,2025-03-02,2025-03,CUST-10220,Email,692.12,Southeast
