order_id,order_date,customer_id,channel,revenue,region
ORD-101072,11/10/2025,CUST-11119,email_marketing,216.38,West
ORD-101048,11/04/2025,CUST-10318,meta_ads,374.3,Southeast
ORD-100204,03/15/2025,CUST-10973,GoogleAds,117.9,Southeast
ORD-100694,07/31/2025,CUST-10621,GOOGLE ADS,456.3,Midwest
ORD-101758,05/04/2026,CUST-10021,google_ads,191.78,Southeast
ORD-100284,04/06/2025,CUST-10788,Meta,145.37,Northeast
ORD-101866,06/04/2026,CUST-10145,google_ads,726.35,Northeast
ORD-101926,06/17/2026,CUST-10111,Email,274.58,West
ORD-101886,06/09/2026,CUST-11127,GoogleAds,360.53,Northeast
ORD-101724,04/26/2026,CUST-10409,email_marketing,368.89,West
ORD-100868,09/19/2025,CUST-10630,AFFILIATE,165.23,Midwest
ORD-101891,06/11/2026,CUST-10003,google_ads,99.04,West
ORD-101782,05/11/2026,CUST-11009,Google Ads,897.48,Southwest
ORD-101703,04/21/2026,CUST-11266,Google Ads,264.33,Midwest
ORD-100802,09/01/2025,CUST-10657,EMAIL,273.38,Southeast
ORD-101302,12/27/2025,CUST-10871,ORGANIC,335.07,West
ORD-101274,12/22/2025,CUST-10642,Affiliates,147.6,Southeast
ORD-101037,11/02/2025,CUST-10975,FB Ads,123.28,West
ORD-100595,07/04/2025,CUST-10422,google_ads,181.29,Northeast
ORD-101912,06/14/2026,CUST-10118,google_ads,537.75,Midwest
ORD-101824,05/24/2026,CUST-11009,FB Ads,423.09,Northeast
ORD-101028,11/01/2025,CUST-10929,Organic Search,326.27,Northeast
ORD-100350,04/24/2025,CUST-10959,E-mail,115.74,Southeast
ORD-101089,11/13/2025,CUST-10280,EMAIL,136.03,West
ORD-100002,01/03/2025,CUST-10604,Facebook,285.76,Southwest
ORD-101075,11/10/2025,CUST-10608,google_ads,183.35,Northeast
ORD-101504,02/27/2026,CUST-11202,google_ads,542.37,Southeast
ORD-100110,02/09/2025,CUST-10891,EMAIL,185.95,Northeast
ORD-101062,11/09/2025,CUST-11041,GoogleAds,473.66,Northeast
ORD-100108,02/08/2025,CUST-10946,Google Ads,753.69,Southeast
ORD-100918,10/02/2025,CUST-10630,meta_ads,413.88,Southeast
ORD-100500,06/06/2025,CUST-11024,Organic,191.71,Northeast
ORD-100361,04/28/2025,CUST-10031,Email,363.7,Northeast
ORD-101547,03/09/2026,CUST-10627,meta_ads,152.87,Southeast
ORD-101281,12/24/2025,CUST-10424,GoogleAds,132.21,Midwest
ORD-101158,11/27/2025,CUST-11047,FB Ads,252.61,Southeast
ORD-101327,12/31/2025,CUST-10856,Meta,250.04,Midwest
ORD-100196,03/13/2025,CUST-10249,GoogleAds,138.32,Southeast
ORD-101817,05/21/2026,CUST-10538,E-mail,544.51,Northeast
ORD-100237,03/22/2025,CUST-11224,Organic,415.15,Midwest
ORD-100788,08/29/2025,CUST-10932,AFFILIATE,209.73,Northeast
ORD-100720,08/08/2025,CUST-10583,FB Ads,77.07,West
ORD-101295,12/26/2025,CUST-11069,meta_ads,229.22,Southeast
ORD-101409,01/27/2026,CUST-10836,Facebook,224.48,Midwest
ORD-101704,04/21/2026,CUST-10875,google_ads,209.69,Midwest
ORD-100544,06/18/2025,CUST-10543,google_ads,438.74,Northeast
ORD-101260,12/18/2025,CUST-10939,EMAIL,100.25,Northeast
ORD-101884,06/09/2026,CUST-10871,Organic,278.34,Midwest
ORD-101306,12/28/2025,CUST-11263,FB Ads,471.49,Southeast
ORD-100845,09/14/2025,CUST-10846,email_marketing,135.7,
ORD-100841,09/13/2025,CUST-10025,google_ads,169.81,
ORD-101317,12/30/2025,CUST-10625,email_marketing,224.25,West
ORD-101545,03/09/2026,CUST-10100,email_marketing,187.13,Midwest
ORD-101647,04/03/2026,CUST-10953,meta_ads,227.06,Southeast
ORD-101733,04/28/2026,CUST-10629,Meta,229.88,Northeast
ORD-101056,11/06/2025,CUST-10377,GOOGLE ADS,502.49,Midwest
ORD-101793,05/15/2026,CUST-11264,GoogleAds,204.88,Northeast
ORD-100172,03/02/2025,CUST-10209,Facebook,309.53,Midwest
ORD-101787,05/13/2026,CUST-10417,GOOGLE ADS,243.81,Midwest
ORD-100835,09/10/2025,CUST-10928,FB Ads,175.35,Southwest
ORD-100441,05/21/2025,CUST-10874,Google Ads,182.39,Southeast
ORD-101554,03/11/2026,CUST-11189,meta_ads,411.9,Southeast
ORD-101375,01/16/2026,CUST-10046,Affiliates,111.6,Southeast
ORD-100789,08/29/2025,CUST-10790,GOOGLE ADS,430.84,Midwest
ORD-100185,03/07/2025,CUST-10193,GoogleAds,187.61,West
ORD-100438,05/20/2025,CUST-10197,GOOGLE ADS,587.82,Southeast
ORD-100372,05/01/2025,CUST-10975,Facebook,164.98,Northeast
ORD-100140,02/19/2025,CUST-10409,google_ads,409.73,Southeast
ORD-101277,12/23/2025,CUST-10718,GOOGLE ADS,107.75,Southeast
ORD-101396,01/23/2026,CUST-10519,FB Ads,797.08,Southeast
ORD-101469,02/16/2026,CUST-10959,GOOGLE ADS,284.68,
ORD-100586,07/01/2025,CUST-10962,google_ads,771.04,Midwest
ORD-100848,09/14/2025,CUST-10521,EMAIL,415.21,West
ORD-100299,04/10/2025,CUST-10073,meta_ads,141.95,West
ORD-100795,09/01/2025,CUST-10716,email_marketing,95.84,Northeast
ORD-101412,01/29/2026,CUST-10938,GOOGLE ADS,321.01,West
ORD-100353,04/24/2025,CUST-11296,meta_ads,193.44,West
ORD-101070,11/10/2025,CUST-11264,GoogleAds,224.43,Southwest
ORD-101464,02/15/2026,CUST-10538,GOOGLE ADS,315.07,Southeast
ORD-101686,04/16/2026,CUST-10933,GoogleAds,419.66,West
ORD-101844,05/29/2026,CUST-10814,Facebook,255.49,Southwest
ORD-100957,10/12/2025,CUST-10249,google_ads,308.03,Southeast
ORD-101534,03/06/2026,CUST-10551,GoogleAds,230.74,West
ORD-101682,04/15/2026,CUST-10039,organic_search,338.68,West
ORD-100715,08/07/2025,CUST-11100,meta_ads,277.72,Southeast
ORD-101432,02/04/2026,CUST-10409,FB Ads,227.63,Midwest
ORD-100423,05/15/2025,CUST-10891,email_marketing,143.92,West
ORD-100311,04/13/2025,CUST-10021,GOOGLE ADS,252.06,Northeast
ORD-101323,12/31/2025,CUST-10573,google_ads,436.81,Southwest
ORD-101381,01/18/2026,CUST-10301,Affiliates,238.01,Northeast
ORD-101680,04/15/2026,CUST-10970,FB Ads,125.49,Southeast
ORD-100037,01/19/2025,CUST-10665,email_marketing,353.45,Northeast
ORD-100527,06/14/2025,CUST-10379,Google Ads,110.58,Midwest
ORD-100691,07/31/2025,CUST-10977,GoogleAds,291.76,Northeast
ORD-101240,12/14/2025,CUST-10363,email_marketing,577.37,West
ORD-100707,08/04/2025,CUST-10772,Meta,302.47,Southwest
ORD-100058,01/23/2025,CUST-10280,organic_search,447.39,
ORD-101496,02/24/2026,CUST-11092,Email,469.34,Midwest
ORD-101210,12/07/2025,CUST-11053,email_marketing,146.73,West
ORD-100127,02/14/2025,CUST-10136,GoogleAds,146.35,West
ORD-100447,05/23/2025,CUST-10705,meta_ads,204.17,Midwest
ORD-100397,05/07/2025,CUST-10875,affiliate,192.56,Northeast
ORD-100229,03/22/2025,CUST-11296,EMAIL,388.76,West
ORD-101836,05/27/2026,CUST-10086,organic_search,289.69,Northeast
ORD-100034,01/17/2025,CUST-10186,affiliate,223.28,Northeast
ORD-100970,10/16/2025,CUST-10634,GoogleAds,384.61,Southwest
ORD-101485,02/21/2026,CUST-10486,EMAIL,136.46,Northeast
ORD-101150,11/25/2025,CUST-10005,google_ads,139.41,Midwest
ORD-101805,05/18/2026,CUST-11189,GOOGLE ADS,273.37,Northeast
ORD-100748,08/19/2025,CUST-10380,E-mail,500.55,Southwest
ORD-101920,06/16/2026,CUST-10564,Facebook,111.67,Northeast
ORD-100590,07/02/2025,CUST-11211,GOOGLE ADS,254.51,Southeast
ORD-100857,09/16/2025,CUST-11286,GOOGLE ADS,320.85,Midwest
ORD-100410,05/12/2025,CUST-10059,GOOGLE ADS,400.32,West
ORD-101106,11/18/2025,CUST-10240,Facebook,63.41,Midwest
ORD-101784,05/12/2026,CUST-10641,Facebook,210.5,Southeast
ORD-101399,01/23/2026,CUST-10780,Google Ads,191.68,Southeast
ORD-100928,10/05/2025,CUST-10818,google_ads,128.61,West
ORD-100007,01/05/2025,CUST-10123,Email,338.99,West
ORD-100721,08/08/2025,CUST-10684,GoogleAds,145.5,Southeast
ORD-101441,02/07/2026,CUST-10335,Google Ads,163.22,Northeast
ORD-101935,06/20/2026,CUST-10338,Facebook,202.36,Southwest
ORD-100971,10/16/2025,CUST-10916,Google Ads,260.22,Northeast
ORD-101444,02/08/2026,CUST-11086,google_ads,361.09,Southwest
ORD-100572,06/28/2025,CUST-10307,affiliate,143.83,Southwest
ORD-101951,06/25/2026,CUST-10197,Meta,125.39,West
ORD-101814,05/20/2026,CUST-10964,GOOGLE ADS,300.84,Northeast
ORD-101420,02/01/2026,CUST-10804,FB Ads,186.92,Southeast
ORD-101576,03/16/2026,CUST-11130,Google Ads,300.42,Northeast
ORD-100020,01/11/2025,CUST-10086,organic_search,258.4,West
ORD-100452,05/25/2025,CUST-10587,Organic Search,160.4,West
ORD-100375,05/02/2025,CUST-10793,google_ads,586.61,Midwest
ORD-101044,11/04/2025,CUST-10030,google_ads,273.29,West
ORD-101852,05/31/2026,CUST-10396,Affiliate,124.27,Midwest
ORD-100892,09/25/2025,CUST-10744,Facebook,149.45,West
ORD-101877,06/07/2026,CUST-10521,E-mail,233.73,Midwest
ORD-100470,05/29/2025,CUST-10868,google_ads,107.05,Northeast
ORD-100925,10/04/2025,CUST-11028,Facebook,234.28,
ORD-100983,10/19/2025,CUST-10621,Facebook,88.09,West
ORD-101853,06/01/2026,CUST-10273,email_marketing,214.33,Midwest
ORD-100360,04/28/2025,CUST-11068,EMAIL,163.08,Southeast
ORD-100797,09/01/2025,CUST-10089,FB Ads,193.54,West
ORD-101390,01/21/2026,CUST-10823,Organic,194.84,Southeast
ORD-100479,05/30/2025,CUST-10959,Facebook,294.98,Northeast
ORD-101571,03/15/2026,CUST-11098,Google Ads,360.12,Southeast
ORD-100738,08/15/2025,CUST-10280,ORGANIC,458.52,West
ORD-100057,01/22/2025,CUST-10751,Meta,398.68,Midwest
ORD-101594,03/22/2026,CUST-11202,GoogleAds,272.02,Midwest
ORD-101195,12/03/2025,CUST-10543,Google Ads,190.75,Midwest
ORD-100262,03/29/2025,CUST-10683,Organic Search,227.74,Southeast
ORD-100241,03/24/2025,CUST-11124,GOOGLE ADS,495.1,Northeast
ORD-101363,01/11/2026,CUST-11061,FB Ads,243.78,Midwest
ORD-101350,01/06/2026,CUST-10998,meta_ads,273.82,Northeast
ORD-101064,11/09/2025,CUST-10461,meta_ads,784.61,Southeast
ORD-100653,07/22/2025,CUST-11087,google_ads,348.64,West
ORD-101741,04/30/2026,CUST-10247,meta_ads,334.75,Midwest
ORD-100051,01/22/2025,CUST-10005,Facebook,377.0,Northeast
ORD-100036,01/19/2025,CUST-10733,organic_search,253.38,Northeast
ORD-100620,07/13/2025,CUST-10225,Meta,638.11,
ORD-101271,12/21/2025,CUST-10609,email_marketing,528.0,Midwest
ORD-101757,05/03/2026,CUST-10972,GoogleAds,417.23,Northeast
ORD-100862,09/18/2025,CUST-10521,organic_search,345.44,Southeast
ORD-100638,07/18/2025,CUST-10938,Google Ads,668.88,Northeast
ORD-101636,04/02/2026,CUST-10776,Google Ads,208.03,Northeast
ORD-101116,11/20/2025,CUST-11116,Affiliates,163.71,Southwest
ORD-100735,08/13/2025,CUST-10109,meta_ads,129.68,Southeast
ORD-100206,03/16/2025,CUST-10991,affiliate,426.0,Midwest
ORD-101308,12/28/2025,CUST-10814,Google Ads,296.15,Midwest
ORD-101887,06/09/2026,CUST-10306,Email,326.76,Southeast
ORD-100945,10/10/2025,CUST-10424,ORGANIC,359.02,Southeast
ORD-101231,12/12/2025,CUST-10961,FB Ads,91.88,Southwest
ORD-100747,08/19/2025,CUST-10743,google_ads,223.15,West
ORD-100921,10/02/2025,CUST-11145,Google Ads,167.76,Midwest
ORD-101705,04/21/2026,CUST-10938,Organic,379.63,Midwest
ORD-100146,02/19/2025,CUST-10857,GOOGLE ADS,316.01,Northeast
ORD-100278,04/04/2025,CUST-10905,GOOGLE ADS,199.53,West
ORD-100430,05/17/2025,CUST-10307,Facebook,90.97,Northeast
ORD-100623,07/13/2025,CUST-10076,meta_ads,166.33,Northeast
ORD-100377,05/03/2025,CUST-10433,Email,323.64,West
ORD-101842,05/29/2026,CUST-11234,Google Ads,218.06,Southeast
ORD-100744,08/18/2025,CUST-11109,GOOGLE ADS,393.73,Southeast
ORD-100374,05/02/2025,CUST-10031,GOOGLE ADS,188.6,Southeast
ORD-100367,05/01/2025,CUST-10095,Google Ads,513.99,Southeast
ORD-100816,09/04/2025,CUST-10378,Facebook,283.34,Northeast
ORD-101905,06/13/2026,CUST-10730,Google Ads,469.32,Northeast
ORD-100259,03/29/2025,CUST-11229,GOOGLE ADS,88.59,Southwest
ORD-101622,03/30/2026,CUST-10312,EMAIL,435.81,Northeast
ORD-101526,03/04/2026,CUST-10821,Google Ads,437.67,Midwest
ORD-101436,02/05/2026,CUST-10887,Meta,231.66,West
ORD-100875,09/20/2025,CUST-10739,meta_ads,132.53,West
ORD-101139,11/23/2025,CUST-10234,meta_ads,141.53,Midwest
ORD-101832,05/26/2026,CUST-10004,meta_ads,90.97,Southeast
ORD-100651,07/21/2025,CUST-11057,google_ads,182.17,Northeast
ORD-101839,05/28/2026,CUST-10836,AFFILIATE,143.9,West
ORD-100217,03/19/2025,CUST-10514,GOOGLE ADS,201.29,Southwest
ORD-101944,06/23/2026,CUST-10708,Organic Search,378.54,Northeast
ORD-100141,02/19/2025,CUST-10381,E-mail,254.54,Southeast
ORD-100339,04/22/2025,CUST-10391,FB Ads,161.41,West
ORD-101109,11/18/2025,CUST-11137,Organic,396.28,West
ORD-100119,02/11/2025,CUST-10875,affiliate,145.59,West
ORD-100313,04/13/2025,CUST-10975,ORGANIC,217.47,Midwest
ORD-101118,11/20/2025,CUST-10507,google_ads,226.7,
ORD-100528,06/14/2025,CUST-10403,Email,178.41,Southeast
ORD-100344,04/22/2025,CUST-10297,GoogleAds,313.26,West
ORD-100997,10/23/2025,CUST-11278,Organic Search,194.54,Southeast
ORD-100872,09/20/2025,CUST-10498,GOOGLE ADS,689.58,Midwest
ORD-101827,05/25/2026,CUST-10227,FB Ads,153.46,Northeast
ORD-101913,06/14/2026,CUST-10078,GOOGLE ADS,381.99,West
ORD-101587,03/19/2026,CUST-10749,FB Ads,204.21,West
ORD-101128,11/21/2025,CUST-10301,FB Ads,133.44,West
ORD-100666,07/25/2025,CUST-11145,EMAIL,414.84,Northeast
ORD-101276,12/22/2025,CUST-10315,google_ads,319.97,Midwest
ORD-101010,10/28/2025,CUST-10549,Facebook,214.42,Midwest
ORD-100450,05/25/2025,CUST-10239,GoogleAds,265.03,Northeast
ORD-100179,03/05/2025,CUST-10775,E-mail,330.18,West
ORD-101484,02/21/2026,CUST-11165,AFFILIATE,142.98,Southeast
ORD-100454,05/25/2025,CUST-10639,google_ads,200.41,Southeast
ORD-101078,11/11/2025,CUST-10499,GoogleAds,656.11,Northeast
ORD-100635,07/18/2025,CUST-10419,google_ads,123.86,Northeast
ORD-100328,04/18/2025,CUST-10153,GOOGLE ADS,362.01,Southwest
ORD-100734,08/13/2025,CUST-11281,Facebook,151.01,Southeast
ORD-100578,06/29/2025,CUST-10998,EMAIL,162.26,Southwest
ORD-101122,11/20/2025,CUST-10630,FB Ads,237.85,West
ORD-101706,04/21/2026,CUST-10894,GOOGLE ADS,557.47,West
ORD-101653,04/06/2026,CUST-10718,google_ads,523.28,West
ORD-101575,03/16/2026,CUST-10804,meta_ads,316.05,Southeast
ORD-100071,01/28/2025,CUST-10148,Meta,257.34,West
ORD-100562,06/24/2025,CUST-10970,AFFILIATE,186.13,West
ORD-100765,08/23/2025,CUST-10414,E-mail,322.47,Midwest
ORD-100392,05/07/2025,CUST-11242,organic_search,679.21,Southeast
ORD-100474,05/30/2025,CUST-11130,google_ads,311.05,Northeast
ORD-100426,05/16/2025,CUST-10371,FB Ads,457.55,Southeast
ORD-101874,06/06/2026,CUST-10600,Google Ads,335.69,Southeast
ORD-101461,02/14/2026,CUST-10253,Google Ads,443.89,Northeast
ORD-100200,03/14/2025,CUST-11092,GOOGLE ADS,191.34,Northeast
ORD-100565,06/24/2025,CUST-10552,GoogleAds,245.85,Southwest
ORD-101251,12/16/2025,CUST-10859,Meta,115.54,Southeast
ORD-101113,11/19/2025,CUST-10495,Google Ads,170.14,Southeast
ORD-100308,04/12/2025,CUST-10720,meta_ads,139.83,Southeast
ORD-101261,12/18/2025,CUST-10036,Email,265.51,Northeast
ORD-101380,01/18/2026,CUST-10661,email_marketing,405.91,Southeast
ORD-101690,04/17/2026,CUST-11130,google_ads,200.98,Midwest
ORD-100800,09/01/2025,CUST-10814,GoogleAds,297.41,West
ORD-100603,07/06/2025,CUST-10832,meta_ads,289.39,
ORD-100769,08/24/2025,CUST-10583,E-mail,303.71,Southwest
ORD-101628,03/31/2026,CUST-10165,FB Ads,186.35,West
ORD-100116,02/11/2025,CUST-10061,FB Ads,96.41,Northeast
ORD-101226,12/11/2025,CUST-10732,Facebook,322.13,West
ORD-100298,04/10/2025,CUST-11126,GOOGLE ADS,538.15,Midwest
ORD-101660,04/08/2026,CUST-10225,google_ads,498.76,
ORD-100501,06/08/2025,CUST-10388,GOOGLE ADS,178.29,Midwest
ORD-101530,03/06/2026,CUST-11151,GoogleAds,458.57,Southeast
ORD-101159,11/27/2025,CUST-10333,email_marketing,106.71,Northeast
ORD-100004,01/03/2025,CUST-11170,Google Ads,243.74,West
ORD-101186,12/02/2025,CUST-10193,Google Ads,352.82,Northeast
ORD-100507,06/09/2025,CUST-10049,Google Ads,229.03,Southeast
ORD-100046,01/21/2025,CUST-11094,google_ads,293.53,Midwest
ORD-101436,02/05/2026,CUST-10887,meta_ads,237.74,West
ORD-101269,12/20/2025,CUST-10312,Google Ads,99.55,West
ORD-101825,05/24/2026,CUST-10021,ORGANIC,225.6,West
ORD-100431,05/17/2025,CUST-11269,FB Ads,361.95,Northeast
ORD-101022,10/31/2025,CUST-11102,Google Ads,191.06,Southeast
ORD-100330,04/19/2025,CUST-10798,E-mail,326.92,Southeast
ORD-101599,03/23/2026,CUST-10532,Affiliate,356.63,Northeast
ORD-101401,01/24/2026,CUST-10772,Affiliates,124.35,Northeast
ORD-100593,07/03/2025,CUST-11151,google_ads,387.81,Northeast
ORD-100561,06/24/2025,CUST-10497,affiliate,173.49,Midwest
ORD-101588,03/19/2026,CUST-11033,google_ads,387.7,West
ORD-100194,03/13/2025,CUST-11282,meta_ads,130.24,Northeast
ORD-101957,06/30/2026,CUST-11157,Google Ads,191.02,Northeast
ORD-101215,12/08/2025,CUST-11078,google_ads,314.25,Southeast
ORD-101491,02/22/2026,CUST-10922,Affiliates,524.08,Northeast
ORD-100351,04/24/2025,CUST-10975,google_ads,227.44,Southwest
ORD-101011,10/28/2025,CUST-11045,google_ads,274.03,Southeast
ORD-100463,05/27/2025,CUST-10540,GOOGLE ADS,189.38,Northeast
ORD-101781,05/11/2026,CUST-10193,meta_ads,243.93,Southeast
ORD-100465,05/28/2025,CUST-10959,Google Ads,136.63,West
ORD-101042,11/03/2025,CUST-10743,email_marketing,315.52,Southwest
ORD-100341,04/22/2025,CUST-10785,google_ads,246.42,Southwest
ORD-101796,05/16/2026,CUST-10239,GoogleAds,440.02,Southwest
ORD-100396,05/07/2025,CUST-11280,Google Ads,248.72,Northeast
ORD-100109,02/09/2025,CUST-10044,FB Ads,198.32,Northeast
ORD-101340,01/04/2026,CUST-10935,FB Ads,142.24,West
ORD-101577,03/16/2026,CUST-10225,google_ads,96.45,Southeast
ORD-101729,04/27/2026,CUST-10798,google_ads,89.04,West
ORD-101336,01/03/2026,CUST-11009,AFFILIATE,183.85,Southwest
ORD-100540,06/17/2025,CUST-10665,E-mail,272.74,Midwest
ORD-100471,05/30/2025,CUST-10659,GoogleAds,95.29,Northeast
ORD-101241,12/14/2025,CUST-11159,E-mail,230.55,Southeast
ORD-100095,02/05/2025,CUST-10691,Google Ads,203.39,Midwest
ORD-101638,04/02/2026,CUST-10595,ORGANIC,250.88,West
ORD-101509,02/28/2026,CUST-10582,meta_ads,529.65,Northeast
ORD-100019,01/11/2025,CUST-10240,Google Ads,360.41,Southeast
ORD-100663,07/23/2025,CUST-10334,google_ads,338.55,Southwest
ORD-101830,05/26/2026,CUST-11078,organic_search,305.18,
ORD-101928,06/18/2026,CUST-10228,FB Ads,186.43,Southeast
ORD-101124,11/21/2025,CUST-10581,FB Ads,294.02,Northeast
ORD-101257,12/17/2025,CUST-11285,Organic Search,184.08,Southeast
ORD-100340,04/22/2025,CUST-10917,Google Ads,590.08,Midwest
ORD-101601,03/23/2026,CUST-11295,Organic,266.29,Midwest
ORD-100947,10/10/2025,CUST-11109,google_ads,536.65,Northeast
ORD-101589,03/19/2026,CUST-10424,organic_search,241.9,Northeast
ORD-100222,03/20/2025,CUST-10323,meta_ads,75.61,West
ORD-101077,11/11/2025,CUST-10049,FB Ads,107.67,West
ORD-100669,07/25/2025,CUST-10164,Organic,381.42,Southeast
ORD-101038,11/03/2025,CUST-10370,GOOGLE ADS,338.85,Northeast
ORD-100684,07/29/2025,CUST-11032,GoogleAds,225.9,Northeast
ORD-100111,02/09/2025,CUST-10455,GoogleAds,217.47,Northeast
ORD-101529,03/05/2026,CUST-10435,Facebook,475.97,Southeast
ORD-100412,05/12/2025,CUST-10629,Facebook,190.74,Southeast
ORD-100358,04/27/2025,CUST-10828,google_ads,187.34,Southeast
ORD-100287,04/07/2025,CUST-10034,Google Ads,216.67,Northeast
ORD-101304,12/28/2025,CUST-10538,AFFILIATE,78.84,Midwest
ORD-100887,09/24/2025,CUST-10579,GoogleAds,183.86,Southeast
ORD-100488,06/02/2025,CUST-10639,Email,677.88,Southeast
ORD-100419,05/14/2025,CUST-10625,Affiliates,222.9,Southeast
ORD-100415,05/13/2025,CUST-11264,FB Ads,482.14,West
ORD-101382,01/18/2026,CUST-10371,Affiliates,305.78,
ORD-101845,05/30/2026,CUST-11079,Organic,170.98,Southwest
ORD-100746,08/19/2025,CUST-10289,Affiliates,190.14,Southeast
ORD-101820,05/21/2026,CUST-10048,meta_ads,229.69,Northeast
ORD-100017,01/10/2025,CUST-10130,GOOGLE ADS,231.21,Northeast
ORD-101499,02/25/2026,CUST-11031,GoogleAds,228.58,Midwest
ORD-101930,06/19/2026,CUST-11041,GOOGLE ADS,183.34,Southwest
ORD-101894,06/11/2026,CUST-11228,meta_ads,309.64,Southeast
ORD-100898,09/27/2025,CUST-11083,FB Ads,168.65,Midwest
ORD-100514,06/11/2025,CUST-10978,Meta,194.65,Northeast
ORD-100525,06/13/2025,CUST-10069,Google Ads,152.71,West
ORD-101609,03/27/2026,CUST-10227,AFFILIATE,140.04,West
ORD-100054,01/22/2025,CUST-10001,Google Ads,196.42,Northeast
ORD-100263,03/30/2025,CUST-11177,Email,347.28,Southwest
ORD-100101,02/06/2025,CUST-10141,Google Ads,283.21,Midwest
ORD-100275,04/03/2025,CUST-10723,Google Ads,715.03,Southeast
ORD-100858,09/16/2025,CUST-11278,Meta,209.67,Southwest
ORD-100951,10/11/2025,CUST-11279,GOOGLE ADS,354.84,West
ORD-100249,03/26/2025,CUST-10549,FB Ads,319.79,Southeast
ORD-100967,10/15/2025,CUST-10932,organic_search,427.09,
ORD-101417,01/31/2026,CUST-10424,GOOGLE ADS,333.2,Northeast
ORD-100386,05/05/2025,CUST-10981,organic_search,676.68,Northeast
ORD-100556,06/21/2025,CUST-10230,google_ads,194.2,Northeast
ORD-101395,01/23/2026,CUST-10720,GOOGLE ADS,97.4,Southeast
ORD-101049,11/05/2025,CUST-10963,EMAIL,439.38,Midwest
ORD-101752,05/02/2026,CUST-10144,Google Ads,179.78,West
ORD-101343,01/05/2026,CUST-10197,Organic,305.31,Southwest
ORD-100060,01/23/2025,CUST-10334,FB Ads,336.2,Midwest
ORD-100363,04/28/2025,CUST-10334,organic_search,259.31,Southeast
ORD-101183,12/01/2025,CUST-10469,Affiliates,177.26,West
ORD-101659,04/08/2026,CUST-10996,E-mail,337.83,Northeast
ORD-100210,03/17/2025,CUST-10800,organic_search,216.18,Southeast
ORD-100281,04/04/2025,CUST-10757,GoogleAds,91.26,West
ORD-101414,01/30/2026,CUST-10853,meta_ads,254.6,
ORD-100637,07/18/2025,CUST-10477,Google Ads,289.04,Southwest
ORD-100517,06/11/2025,CUST-10706,GoogleAds,62.84,Midwest
ORD-101293,12/26/2025,CUST-10770,GOOGLE ADS,183.02,Southeast
ORD-101227,12/11/2025,CUST-10160,Facebook,217.01,Midwest
ORD-101008,10/27/2025,CUST-11299,Email,98.35,Southwest
ORD-101324,12/31/2025,CUST-10338,Google Ads,82.84,Southeast
ORD-101669,04/11/2026,CUST-11204,GoogleAds,522.74,West
ORD-100324,04/17/2025,CUST-10270,GoogleAds,195.88,Midwest
ORD-100504,06/09/2025,CUST-10731,Google Ads,194.26,Southeast
ORD-101687,04/17/2026,CUST-10293,GOOGLE ADS,113.1,West
ORD-100028,01/14/2025,CUST-11147,EMAIL,409.07,Northeast
ORD-101623,03/31/2026,CUST-11053,Meta,219.47,West
ORD-100587,07/01/2025,CUST-10586,Google Ads,270.54,Northeast
ORD-101192,12/02/2025,CUST-10095,GoogleAds,483.49,
ORD-100728,08/11/2025,CUST-11067,GoogleAds,132.45,Southeast
ORD-101777,05/10/2026,CUST-10228,Google Ads,279.91,West
ORD-100224,03/20/2025,CUST-10290,FB Ads,116.41,Northeast
ORD-101854,06/01/2026,CUST-10054,meta_ads,463.85,West
ORD-101173,11/30/2025,CUST-11257,Email,291.18,Midwest
ORD-100820,09/06/2025,CUST-10461,E-mail,178.33,Southeast
ORD-100856,09/16/2025,CUST-10133,GOOGLE ADS,168.62,Midwest
ORD-101732,04/28/2026,CUST-10424,Affiliates,160.74,Northeast
ORD-101471,02/16/2026,CUST-10034,meta_ads,599.78,Southeast
ORD-101747,05/02/2026,CUST-10844,GoogleAds,311.34,Northeast
ORD-101841,05/28/2026,CUST-10473,Affiliates,207.72,Southeast
ORD-101799,05/17/2026,CUST-11111,FB Ads,102.77,Southeast
ORD-100399,05/09/2025,CUST-10152,E-mail,356.67,Northeast
ORD-100860,09/17/2025,CUST-10959,GOOGLE ADS,532.33,Midwest
ORD-100151,02/21/2025,CUST-10306,Google Ads,179.12,West
ORD-100215,03/18/2025,CUST-10692,email_marketing,158.75,West
ORD-100098,02/05/2025,CUST-10509,GOOGLE ADS,124.78,Southeast
ORD-100492,06/02/2025,CUST-11123,FB Ads,309.28,West
ORD-101084,11/12/2025,CUST-10037,Meta,265.16,Northeast
ORD-101379,01/16/2026,CUST-10998,google_ads,459.38,West
ORD-101286,12/25/2025,CUST-10309,google_ads,240.31,Midwest
ORD-101470,02/16/2026,CUST-10021,GoogleAds,262.3,West
ORD-100012,01/07/2025,CUST-10865,FB Ads,163.3,Midwest
ORD-100688,07/30/2025,CUST-10210,GoogleAds,228.51,Northeast
ORD-101719,04/24/2026,CUST-11036,Google Ads,198.99,West
ORD-100167,02/28/2025,CUST-10794,Google Ads,142.58,Northeast
ORD-100758,08/21/2025,CUST-10733,FB Ads,185.51,West
ORD-101888,06/10/2026,CUST-10774,GOOGLE ADS,520.06,Midwest
ORD-100188,03/09/2025,CUST-11294,Facebook,309.71,Southeast
ORD-101803,05/17/2026,CUST-10689,FB Ads,167.36,Southeast
ORD-100043,01/20/2025,CUST-10117,GOOGLE ADS,302.54,Southwest
ORD-101090,11/13/2025,CUST-10299,GOOGLE ADS,896.66,Northeast
ORD-100009,01/06/2025,CUST-10424,meta_ads,65.17,Southwest
ORD-101338,01/03/2026,CUST-11139,google_ads,613.9,West
ORD-100147,02/20/2025,CUST-11225,Affiliates,113.59,Midwest
ORD-101773,05/09/2026,CUST-11175,GOOGLE ADS,675.34,West
ORD-100013,01/08/2025,CUST-10395,EMAIL,231.34,Midwest
ORD-100389,05/06/2025,CUST-11093,EMAIL,497.22,Midwest
ORD-100946,10/10/2025,CUST-10542,email_marketing,862.03,Southwest
ORD-100596,07/04/2025,CUST-10873,meta_ads,403.28,Southeast
ORD-101524,03/04/2026,CUST-11053,Google Ads,171.96,Midwest
ORD-101487,02/22/2026,CUST-11169,GOOGLE ADS,243.46,Northeast
ORD-101889,06/10/2026,CUST-11010,google_ads,257.87,West
ORD-100956,10/12/2025,CUST-10800,google_ads,96.83,Southwest
ORD-101696,04/18/2026,CUST-11126,meta_ads,488.86,Northeast
ORD-101776,05/10/2026,CUST-10791,EMAIL,598.57,Midwest
ORD-100674,07/27/2025,CUST-10011,GoogleAds,319.46,Northeast
ORD-100701,08/03/2025,CUST-10271,EMAIL,297.1,West
ORD-101273,12/22/2025,CUST-10029,Affiliates,305.74,Southeast
ORD-101479,02/19/2026,CUST-10990,Email,473.77,West
ORD-101936,06/20/2026,CUST-11196,google_ads,350.93,West
ORD-100455,05/26/2025,CUST-10089,Meta,195.2,Northeast
ORD-100927,10/04/2025,CUST-10108,Meta,214.62,West
ORD-100683,07/29/2025,CUST-11130,Meta,204.21,Midwest
ORD-101157,11/27/2025,CUST-11083,google_ads,138.82,Northeast
ORD-100506,06/09/2025,CUST-10829,google_ads,313.87,Northeast
ORD-100025,01/13/2025,CUST-10482,EMAIL,586.54,West
ORD-101203,12/06/2025,CUST-10901,meta_ads,393.6,Southeast
ORD-101453,02/11/2026,CUST-10604,GOOGLE ADS,189.13,Southeast
ORD-101152,11/25/2025,CUST-11016,google_ads,115.53,Midwest
ORD-100830,09/08/2025,CUST-11094,Meta,548.24,West
ORD-100115,02/10/2025,CUST-10530,FB Ads,174.07,Northeast
ORD-100024,01/13/2025,CUST-11082,Facebook,329.6,Northeast
ORD-100370,05/01/2025,CUST-11264,GoogleAds,271.48,Northeast
ORD-101794,05/15/2026,CUST-10040,Meta,372.23,Northeast
ORD-100096,02/05/2025,CUST-10814,Email,823.79,Midwest
ORD-101435,02/05/2026,CUST-10216,google_ads,245.18,Southeast
ORD-100953,10/11/2025,CUST-10025,meta_ads,338.2,Southwest
ORD-101443,02/07/2026,CUST-10549,GoogleAds,177.95,Southeast
ORD-100099,02/06/2025,CUST-10061,google_ads,354.95,West
ORD-101656,04/07/2026,CUST-10413,GoogleAds,261.83,Northeast
ORD-101490,02/22/2026,CUST-11017,ORGANIC,178.22,Northeast
ORD-101046,11/04/2025,CUST-10616,EMAIL,593.36,West
ORD-100357,04/26/2025,CUST-11079,AFFILIATE,208.68,Northeast
ORD-100943,10/09/2025,CUST-10046,Meta,241.12,Southeast
ORD-100571,06/27/2025,CUST-10753,FB Ads,179.62,Southeast
ORD-101818,05/21/2026,CUST-10625,Google Ads,497.11,Northeast
ORD-101137,11/23/2025,CUST-10424,email_marketing,179.06,Northeast
ORD-100779,08/25/2025,CUST-10433,Facebook,169.78,West
ORD-101208,12/06/2025,CUST-11017,GOOGLE ADS,192.31,Northeast
ORD-101761,05/04/2026,CUST-10044,Email,176.71,West
ORD-101698,04/20/2026,CUST-10104,email_marketing,205.35,Northeast
ORD-100270,04/01/2025,CUST-10307,email_marketing,191.14,West
ORD-100118,02/11/2025,CUST-10306,google_ads,290.95,Midwest
ORD-100117,02/11/2025,CUST-10647,AFFILIATE,268.05,
ORD-101901,06/12/2026,CUST-10866,google_ads,229.59,Midwest
ORD-101614,03/28/2026,CUST-10410,google_ads,206.87,Northeast
ORD-101463,02/15/2026,CUST-10025,E-mail,552.76,Southeast
ORD-100977,10/18/2025,CUST-11240,Affiliates,248.23,West
ORD-100740,08/17/2025,CUST-10498,ORGANIC,212.27,Southeast
ORD-101083,11/12/2025,CUST-11293,google_ads,155.66,Southeast
ORD-100164,02/26/2025,CUST-10306,GOOGLE ADS,341.16,West
ORD-101256,12/17/2025,CUST-10028,Affiliate,172.12,Northeast
ORD-101483,02/21/2026,CUST-10916,GOOGLE ADS,266.33,Southwest
ORD-101790,05/14/2026,CUST-10522,GOOGLE ADS,477.86,Northeast
ORD-101583,03/18/2026,CUST-11187,meta_ads,186.54,West
ORD-101592,03/21/2026,CUST-11046,GOOGLE ADS,160.23,Southeast
ORD-100142,02/19/2025,CUST-10506,Email,249.6,Midwest
ORD-100113,02/10/2025,CUST-10727,GOOGLE ADS,267.32,Northeast
ORD-101187,12/02/2025,CUST-10801,GoogleAds,239.4,Northeast
ORD-100378,05/04/2025,CUST-10325,Google Ads,301.35,West
ORD-100063,01/25/2025,CUST-10141,Meta,118.55,West
ORD-101376,01/16/2026,CUST-11153,GoogleAds,195.32,Southwest
ORD-101511,02/28/2026,CUST-11299,Google Ads,358.07,West
ORD-100186,03/08/2025,CUST-10418,GOOGLE ADS,405.27,Southeast
ORD-101085,11/12/2025,CUST-11157,FB Ads,138.69,Midwest
ORD-101094,11/14/2025,CUST-10004,affiliate,587.94,Southeast
ORD-101018,10/30/2025,CUST-11229,google_ads,219.61,Southeast
ORD-100294,04/08/2025,CUST-10293,Google Ads,393.66,Southeast
ORD-101232,12/13/2025,CUST-10105,Google Ads,105.34,West
ORD-101738,04/29/2026,CUST-11017,GOOGLE ADS,303.5,Southeast
ORD-100286,04/06/2025,CUST-10980,google_ads,138.86,Northeast
ORD-101860,06/03/2026,CUST-11017,Meta,320.99,Southwest
ORD-101626,03/31/2026,CUST-11274,FB Ads,377.99,Southwest
ORD-100300,04/10/2025,CUST-10073,GOOGLE ADS,178.53,West
ORD-100467,05/29/2025,CUST-10044,email_marketing,225.68,Southeast
ORD-100315,04/14/2025,CUST-10663,GOOGLE ADS,312.79,
ORD-100876,09/21/2025,CUST-10818,google_ads,170.8,Northeast
ORD-100672,07/26/2025,CUST-10906,GoogleAds,250.97,Southeast
ORD-100359,04/28/2025,CUST-11263,Google Ads,212.98,Northeast
ORD-100130,02/16/2025,CUST-10128,organic_search,227.06,West
ORD-100855,09/15/2025,CUST-10568,google_ads,285.03,Southeast
ORD-101329,12/31/2025,CUST-11072,GOOGLE ADS,339.16,West
ORD-100189,03/09/2025,CUST-11157,FB Ads,136.6,Northeast
ORD-100027,01/14/2025,CUST-10844,Meta,161.45,Southeast
ORD-100837,09/11/2025,CUST-10303,Facebook,338.06,Midwest
ORD-101565,03/13/2026,CUST-11167,google_ads,322.14,Northeast
ORD-100899,09/27/2025,CUST-11030,Email,223.86,Northeast
ORD-101581,03/17/2026,CUST-10245,google_ads,385.03,Southeast
ORD-101763,05/05/2026,CUST-10663,FB Ads,336.68,West
ORD-100756,08/20/2025,CUST-10183,GoogleAds,247.83,Midwest
ORD-100619,07/12/2025,CUST-11284,GOOGLE ADS,163.18,Midwest
ORD-100757,08/20/2025,CUST-10883,Google Ads,232.48,Southeast
ORD-100076,01/29/2025,CUST-10167,meta_ads,228.13,Southeast
ORD-101465,02/15/2026,CUST-10553,organic_search,459.98,Midwest
ORD-101201,12/05/2025,CUST-10338,Google Ads,400.79,Northeast
ORD-101561,03/11/2026,CUST-11217,GoogleAds,345.89,West
ORD-101162,11/27/2025,CUST-10700,meta_ads,212.98,Midwest
ORD-101267,12/19/2025,CUST-10119,Facebook,232.6,Midwest
ORD-100266,03/30/2025,CUST-10109,AFFILIATE,110.47,West
ORD-100594,07/03/2025,CUST-10938,google_ads,73.82,West
ORD-100704,08/03/2025,CUST-10124,Google Ads,792.87,Midwest
ORD-100325,04/17/2025,CUST-10376,GoogleAds,263.73,West
ORD-101127,11/21/2025,CUST-10770,E-mail,210.48,Northeast
ORD-100863,09/18/2025,CUST-10940,AFFILIATE,278.09,Midwest
ORD-100630,07/17/2025,CUST-10370,AFFILIATE,129.53,West
ORD-101494,02/24/2026,CUST-11053,meta_ads,121.4,Midwest
ORD-100075,01/29/2025,CUST-11036,GOOGLE ADS,220.05,Midwest
ORD-101433,02/05/2026,CUST-10810,google_ads,208.84,Southeast
ORD-101606,03/25/2026,CUST-10820,organic_search,633.43,Midwest
ORD-100901,09/27/2025,CUST-10047,Google Ads,208.11,Southeast
ORD-100717,08/08/2025,CUST-10577,GoogleAds,259.36,Southeast
ORD-100737,08/14/2025,CUST-10706,Google Ads,681.93,West
ORD-101268,12/20/2025,CUST-10510,Google Ads,531.46,West
ORD-101307,12/28/2025,CUST-11023,GoogleAds,324.91,Northeast
ORD-100829,09/08/2025,CUST-10181,EMAIL,607.75,Southeast
ORD-100833,09/09/2025,CUST-11264,affiliate,38.37,Northeast
ORD-100180,03/06/2025,CUST-10621,google_ads,215.98,Midwest
ORD-100742,08/17/2025,CUST-10070,GOOGLE ADS,214.14,West
ORD-101637,04/02/2026,CUST-10206,organic_search,331.63,West
ORD-100915,10/01/2025,CUST-10294,EMAIL,127.66,Southeast
ORD-100376,05/03/2025,CUST-10987,GOOGLE ADS,118.9,Southeast
ORD-100662,07/23/2025,CUST-10981,meta_ads,115.97,West
ORD-100023,01/12/2025,CUST-10549,google_ads,214.22,West
ORD-100346,04/23/2025,CUST-10944,Google Ads,214.56,Midwest
ORD-101634,04/01/2026,CUST-10481,FB Ads,234.51,Southwest
ORD-101736,04/29/2026,CUST-10270,google_ads,196.45,Southwest
ORD-100008,01/05/2025,CUST-10206,google_ads,230.35,Southeast
ORD-100228,03/21/2025,CUST-10557,EMAIL,167.89,Northeast
ORD-100489,06/02/2025,CUST-10693,Facebook,267.38,Southeast
ORD-100213,03/17/2025,CUST-10899,GOOGLE ADS,145.6,Southeast
ORD-100817,09/05/2025,CUST-10933,GOOGLE ADS,261.71,Midwest
ORD-101450,02/11/2026,CUST-10586,google_ads,607.27,Southeast
ORD-100449,05/25/2025,CUST-11135,GoogleAds,258.2,Southeast
ORD-100725,08/10/2025,CUST-11202,Organic Search,281.14,Midwest
ORD-100015,01/09/2025,CUST-11126,affiliate,90.16,Southeast
ORD-101801,05/17/2026,CUST-10665,FB Ads,105.6,West
ORD-101771,05/08/2026,CUST-10815,Organic Search,261.52,Southeast
ORD-100643,07/20/2025,CUST-10214,Affiliates,251.22,Southeast
ORD-101301,12/27/2025,CUST-10229,FB Ads,153.23,Southwest
ORD-101333,01/02/2026,CUST-10656,E-mail,104.12,Midwest
ORD-100546,06/19/2025,CUST-10844,Google Ads,260.62,Southeast
ORD-101153,11/25/2025,CUST-10958,Facebook,269.23,
ORD-100640,07/19/2025,CUST-11075,Affiliate,168.8,West
ORD-100354,04/24/2025,CUST-10650,google_ads,445.0,Northeast
ORD-100768,08/24/2025,CUST-10160,EMAIL,496.25,Northeast
ORD-100207,03/16/2025,CUST-11157,Google Ads,255.29,
ORD-101374,01/15/2026,CUST-10934,Google Ads,65.99,Southeast
ORD-100961,10/14/2025,CUST-10604,AFFILIATE,442.54,Northeast
ORD-101074,11/10/2025,CUST-10680,GoogleAds,172.48,West
ORD-100416,05/13/2025,CUST-10797,google_ads,482.76,West
ORD-100398,05/08/2025,CUST-10137,GoogleAds,244.96,West
ORD-101058,11/07/2025,CUST-10182,E-mail,303.59,Southeast
ORD-101167,11/28/2025,CUST-10423,Facebook,94.93,Southwest
ORD-100687,07/30/2025,CUST-10056,google_ads,403.43,Southeast
ORD-100442,05/21/2025,CUST-10205,meta_ads,125.02,Southeast
ORD-101650,04/05/2026,CUST-10772,meta_ads,99.1,Northeast
ORD-100602,07/05/2025,CUST-10660,FB Ads,114.15,Midwest
ORD-101904,06/13/2026,CUST-10261,AFFILIATE,93.69,Southeast
ORD-100348,04/23/2025,CUST-10466,Facebook,481.64,Midwest
ORD-100762,08/22/2025,CUST-10732,GoogleAds,118.59,Midwest
ORD-100403,05/10/2025,CUST-11252,Meta,66.87,Midwest
ORD-100362,04/28/2025,CUST-11226,Affiliates,109.09,Southeast
ORD-100026,01/13/2025,CUST-10572,FB Ads,152.31,Southwest
ORD-101903,06/13/2026,CUST-11293,Facebook,257.67,Southeast
ORD-101168,11/28/2025,CUST-11219,google_ads,253.74,Southeast
ORD-100177,03/04/2025,CUST-10583,Facebook,449.48,Midwest
ORD-101923,06/16/2026,CUST-10081,AFFILIATE,219.13,Northeast
ORD-100861,09/18/2025,CUST-10625,EMAIL,330.05,Midwest
ORD-100610,07/08/2025,CUST-10982,Google Ads,474.62,West
ORD-100664,07/23/2025,CUST-10792,Google Ads,438.04,West
ORD-100252,03/27/2025,CUST-10974,GoogleAds,96.62,Northeast
ORD-100414,05/13/2025,CUST-10825,Google Ads,118.05,Midwest
ORD-100558,06/22/2025,CUST-10582,Email,731.24,Southeast
ORD-100553,06/20/2025,CUST-10466,Meta,131.63,
ORD-100193,03/12/2025,CUST-10758,Affiliate,197.66,Midwest
ORD-101133,11/22/2025,CUST-10283,Facebook,359.36,Southeast
ORD-101710,04/22/2026,CUST-10870,Google Ads,319.8,Northeast
ORD-101151,11/25/2025,CUST-10023,GOOGLE ADS,183.63,Midwest
ORD-100445,05/22/2025,CUST-11174,Facebook,187.61,Southwest
ORD-101953,06/25/2026,CUST-10186,Organic,108.91,West
ORD-100912,10/01/2025,CUST-10678,email_marketing,182.72,Northeast
ORD-100972,10/16/2025,CUST-10306,GoogleAds,322.1,West
ORD-101454,02/12/2026,CUST-10770,E-mail,357.13,Northeast
ORD-100451,05/25/2025,CUST-11031,Google Ads,345.11,
ORD-101389,01/21/2026,CUST-11212,Meta,146.4,Midwest
ORD-100464,05/28/2025,CUST-10114,FB Ads,111.09,Southeast
ORD-101088,11/13/2025,CUST-11256,Facebook,515.16,Southeast
ORD-100458,05/26/2025,CUST-10067,AFFILIATE,290.22,Northeast
ORD-101384,01/19/2026,CUST-10878,Email,150.7,Southeast
ORD-101932,06/19/2026,CUST-10801,Meta,214.99,
ORD-100731,08/13/2025,CUST-10125,Affiliate,429.6,West
ORD-100369,05/01/2025,CUST-10304,google_ads,717.99,Northeast
ORD-100484,06/01/2025,CUST-10692,meta_ads,320.21,Northeast
ORD-101442,02/07/2026,CUST-11109,meta_ads,228.78,Southeast
ORD-101178,12/01/2025,CUST-11265,GOOGLE ADS,409.28,West
ORD-100307,04/11/2025,CUST-10785,Organic Search,294.16,Southwest
ORD-100285,04/06/2025,CUST-10311,E-mail,220.89,Northeast
ORD-100611,07/08/2025,CUST-10755,Affiliate,365.88,
ORD-100649,07/21/2025,CUST-10035,EMAIL,302.55,West
ORD-100716,08/07/2025,CUST-11169,GoogleAds,244.39,Southwest
ORD-101377,01/16/2026,CUST-10971,google_ads,123.82,West
ORD-101489,02/22/2026,CUST-11169,Affiliate,156.74,Midwest
ORD-101087,11/13/2025,CUST-10525,EMAIL,474.26,West
ORD-100657,07/22/2025,CUST-10150,EMAIL,73.87,Northeast
ORD-101351,01/06/2026,CUST-10240,google_ads,357.47,Southwest
ORD-100883,09/22/2025,CUST-11051,GoogleAds,178.95,Southeast
ORD-100699,08/02/2025,CUST-10293,Meta,184.91,Midwest
ORD-100824,09/07/2025,CUST-10874,Google Ads,1103.3,Midwest
ORD-101925,06/17/2026,CUST-10854,meta_ads,387.89,Midwest
ORD-100097,02/05/2025,CUST-10784,GOOGLE ADS,368.39,Southwest
ORD-101812,05/19/2026,CUST-10859,EMAIL,287.12,West
ORD-100984,10/20/2025,CUST-10887,Email,135.78,Southwest
ORD-100810,09/03/2025,CUST-10887,google_ads,668.61,Midwest
ORD-100139,02/18/2025,CUST-10238,google_ads,250.78,Southeast
ORD-101196,12/03/2025,CUST-10409,meta_ads,492.3,Southeast
ORD-101679,04/15/2026,CUST-10547,Google Ads,523.38,Southeast
ORD-100698,08/02/2025,CUST-10159,Facebook,159.94,Southeast
ORD-101347,01/05/2026,CUST-11263,organic_search,555.91,Midwest
ORD-100905,09/29/2025,CUST-10637,GoogleAds,67.25,Northeast
ORD-100930,10/05/2025,CUST-10008,meta_ads,169.07,Southwest
ORD-101172,11/30/2025,CUST-11135,E-mail,628.27,West
ORD-100754,08/20/2025,CUST-11215,Google Ads,365.05,Southwest
ORD-100128,02/15/2025,CUST-10922,Meta,142.19,Midwest
ORD-100739,08/16/2025,CUST-10070,FB Ads,265.32,Southeast
ORD-100658,07/22/2025,CUST-10836,Google Ads,90.6,West
ORD-100755,08/20/2025,CUST-10145,GoogleAds,349.56,Northeast
ORD-101352,01/06/2026,CUST-10395,GOOGLE ADS,302.51,Northeast
ORD-100522,06/12/2025,CUST-10210,GOOGLE ADS,326.42,Southwest
ORD-100264,03/30/2025,CUST-11033,google_ads,571.04,Southeast
ORD-101303,12/28/2025,CUST-10401,Organic Search,341.06,West
ORD-101767,05/05/2026,CUST-11106,Google Ads,133.69,Southeast
ORD-101580,03/17/2026,CUST-10088,Affiliate,267.76,Midwest
ORD-100631,07/17/2025,CUST-10475,E-mail,726.71,Southeast
ORD-100498,06/05/2025,CUST-10725,EMAIL,257.54,Southeast
ORD-101635,04/02/2026,CUST-10454,Facebook,128.58,West
ORD-101319,12/30/2025,CUST-11096,Email,188.17,Southeast
ORD-101649,04/05/2026,CUST-10394,FB Ads,240.73,West
ORD-101015,10/30/2025,CUST-10726,Meta,236.98,Midwest
ORD-100432,05/17/2025,CUST-10743,Google Ads,308.43,Midwest
ORD-101149,11/25/2025,CUST-11083,Google Ads,368.11,Southwest
ORD-101701,04/20/2026,CUST-10424,FB Ads,436.96,Southeast
ORD-100068,01/27/2025,CUST-10442,google_ads,217.81,Northeast
ORD-101906,06/14/2026,CUST-10067,organic_search,203.2,Southeast
ORD-100660,07/23/2025,CUST-11264,google_ads,354.68,Northeast
ORD-101190,12/02/2025,CUST-11164,Meta,270.06,Midwest
ORD-100992,10/22/2025,CUST-10225,GoogleAds,468.85,West
ORD-100573,06/28/2025,CUST-10542,Meta,524.96,Midwest
ORD-100334,04/20/2025,CUST-11093,E-mail,819.68,Northeast
ORD-100338,04/21/2025,CUST-10461,Organic Search,283.66,Southeast
ORD-101027,11/01/2025,CUST-11177,GOOGLE ADS,640.45,Northeast
ORD-100383,05/04/2025,CUST-11249,Google Ads,693.58,Northeast
ORD-101493,02/24/2026,CUST-11056,Google Ads,45.09,Northeast
ORD-100055,01/22/2025,CUST-11191,Google Ads,535.23,West
ORD-100681,07/28/2025,CUST-10876,meta_ads,444.6,West
ORD-101081,11/12/2025,CUST-10178,Affiliate,177.68,West
ORD-101911,06/14/2026,CUST-10758,google_ads,156.77,West
ORD-101527,03/05/2026,CUST-10206,E-mail,374.16,West
ORD-100705,08/03/2025,CUST-10798,GOOGLE ADS,279.64,West
ORD-101671,04/11/2026,CUST-10812,FB Ads,245.37,West
ORD-100170,03/01/2025,CUST-10776,Email,219.99,West
ORD-101849,05/31/2026,CUST-10978,GoogleAds,108.23,Northeast
ORD-101791,05/14/2026,CUST-11229,GoogleAds,255.35,West
ORD-100326,04/17/2025,CUST-10547,affiliate,136.34,Southeast
ORD-100503,06/08/2025,CUST-10318,Google Ads,633.22,Southeast
ORD-100981,10/19/2025,CUST-10359,Google Ads,206.34,Southeast
ORD-100409,05/11/2025,CUST-10732,ORGANIC,137.71,Northeast
ORD-100297,04/10/2025,CUST-10145,google_ads,119.09,Midwest
ORD-101164,11/28/2025,CUST-10909,GoogleAds,249.52,Northeast
ORD-101667,04/10/2026,CUST-10964,GOOGLE ADS,452.98,West
ORD-101355,01/07/2026,CUST-10271,Affiliate,198.17,Southeast
ORD-101342,01/04/2026,CUST-10161,ORGANIC,292.67,Midwest
ORD-101900,06/12/2026,CUST-10227,Google Ads,291.65,West
ORD-100718,08/08/2025,CUST-10869,E-mail,541.69,Northeast
ORD-100671,07/25/2025,CUST-10654,EMAIL,282.24,Midwest
ORD-100648,07/21/2025,CUST-10349,GoogleAds,226.99,Northeast
ORD-101514,03/01/2026,CUST-10747,Google Ads,136.16,West
ORD-101673,04/12/2026,CUST-10301,GOOGLE ADS,375.59,Northeast
ORD-101532,03/06/2026,CUST-10396,Organic,228.46,Midwest
ORD-101956,06/29/2026,CUST-10859,google_ads,238.74,West
ORD-100700,08/03/2025,CUST-11190,ORGANIC,201.43,West
ORD-100702,08/03/2025,CUST-11159,GoogleAds,220.47,Southwest
ORD-100531,06/15/2025,CUST-10680,Affiliate,307.1,Southeast
ORD-100407,05/11/2025,CUST-10373,meta_ads,207.14,Northeast
ORD-100199,03/14/2025,CUST-11017,GOOGLE ADS,279.63,West
ORD-100473,05/30/2025,CUST-11112,GoogleAds,301.47,West
ORD-100729,08/12/2025,CUST-11269,Google Ads,65.17,Northeast
ORD-101426,02/03/2026,CUST-10850,GoogleAds,215.93,Northeast
ORD-100216,03/18/2025,CUST-10932,Facebook,391.68,Southwest
ORD-100253,03/27/2025,CUST-11203,GoogleAds,137.78,West
ORD-100152,02/22/2025,CUST-10003,GOOGLE ADS,194.77,Northeast
ORD-101165,11/28/2025,CUST-10210,google_ads,300.42,Midwest
ORD-101797,05/16/2026,CUST-10057,GOOGLE ADS,92.56,Midwest
ORD-101247,12/16/2025,CUST-10219,Google Ads,175.89,Midwest
ORD-101681,04/15/2026,CUST-10311,email_marketing,239.74,Midwest
ORD-101320,12/30/2025,CUST-10205,meta_ads,225.5,Southeast
ORD-101567,03/14/2026,CUST-10493,Meta,153.94,Midwest
ORD-101899,06/12/2026,CUST-11157,organic_search,95.39,Southwest
ORD-101397,01/23/2026,CUST-10832,ORGANIC,238.78,Northeast
ORD-100530,06/15/2025,CUST-10574,Google Ads,151.2,Southeast
ORD-101132,11/22/2025,CUST-11059,organic_search,209.21,West
ORD-101244,12/15/2025,CUST-10957,FB Ads,115.59,Midwest
ORD-100240,03/23/2025,CUST-10335,Meta,675.14,Northeast
ORD-101309,12/28/2025,CUST-10803,organic_search,266.33,Southwest
ORD-101642,04/03/2026,CUST-10609,GOOGLE ADS,197.34,West
ORD-100187,03/09/2025,CUST-10153,Facebook,238.87,West
ORD-100246,03/26/2025,CUST-10336,Affiliates,102.32,Northeast
ORD-100903,09/28/2025,CUST-11119,meta_ads,389.17,Southeast
ORD-101425,02/03/2026,CUST-10870,Organic Search,231.52,West
ORD-101481,02/20/2026,CUST-10836,Affiliates,159.82,West
ORD-100882,09/22/2025,CUST-10271,Google Ads,528.73,Midwest
ORD-100692,07/31/2025,CUST-10446,Organic Search,416.57,Midwest
ORD-100302,04/11/2025,CUST-10032,email_marketing,244.93,Southeast
ORD-100283,04/05/2025,CUST-10761,ORGANIC,246.96,Northeast
ORD-100879,09/21/2025,CUST-10783,Meta,223.47,Northeast
ORD-100505,06/09/2025,CUST-10161,Affiliate,172.75,West
ORD-101917,06/16/2026,CUST-10363,Meta,257.34,Southeast
ORD-100321,04/17/2025,CUST-10238,meta_ads,160.2,Midwest
ORD-101955,06/28/2026,CUST-10107,FB Ads,174.05,West
ORD-101252,12/16/2025,CUST-10727,FB Ads,160.83,Southwest
ORD-100832,09/09/2025,CUST-10678,GOOGLE ADS,302.46,Northeast
ORD-100621,07/13/2025,CUST-10985,GoogleAds,195.48,Northeast
ORD-101500,02/25/2026,CUST-10729,Affiliate,265.02,Southeast
ORD-101034,11/02/2025,CUST-10111,Google Ads,287.87,West
ORD-100122,02/12/2025,CUST-10709,GOOGLE ADS,128.68,Southwest
ORD-101242,12/14/2025,CUST-10271,Google Ads,125.95,Southwest
ORD-100510,06/10/2025,CUST-11196,GOOGLE ADS,300.24,Northeast
ORD-100280,04/04/2025,CUST-10145,FB Ads,297.0,Southwest
ORD-101246,12/16/2025,CUST-11017,google_ads,294.65,Midwest
ORD-101236,12/13/2025,CUST-11224,E-mail,155.04,Southeast
ORD-101934,06/19/2026,CUST-10660,google_ads,126.38,West
ORD-101188,12/02/2025,CUST-10069,GoogleAds,558.12,West
ORD-101200,12/05/2025,CUST-10704,Organic,296.54,Southeast
ORD-101538,03/07/2026,CUST-11033,E-mail,123.64,Midwest
ORD-100677,07/28/2025,CUST-10265,E-mail,76.81,Northeast
ORD-100518,06/11/2025,CUST-10346,GOOGLE ADS,259.55,West
ORD-101146,11/24/2025,CUST-10304,Google Ads,386.34,Southeast
ORD-101510,02/28/2026,CUST-10035,Meta,155.1,Northeast
ORD-100067,01/27/2025,CUST-10133,affiliate,165.16,Southeast
ORD-100332,04/19/2025,CUST-10981,google_ads,432.83,Northeast
ORD-100568,06/26/2025,CUST-10256,Google Ads,223.46,Midwest
ORD-101829,05/25/2026,CUST-11284,GOOGLE ADS,153.97,West
ORD-101189,12/02/2025,CUST-10028,Affiliate,68.49,Midwest
ORD-101423,02/02/2026,CUST-10292,GOOGLE ADS,293.08,Southeast
ORD-101683,04/16/2026,CUST-10048,E-mail,302.76,Southeast
ORD-100472,05/30/2025,CUST-10493,AFFILIATE,229.48,Southwest
ORD-101321,12/30/2025,CUST-10232,meta_ads,357.24,Southeast
ORD-100511,06/10/2025,CUST-11291,Google Ads,182.63,Southwest
ORD-100477,05/30/2025,CUST-11047,GoogleAds,119.19,Midwest
ORD-100885,09/23/2025,CUST-10145,organic_search,429.92,West
ORD-101391,01/22/2026,CUST-10424,GOOGLE ADS,374.54,West
ORD-100318,04/15/2025,CUST-11096,Meta,184.73,Southwest
ORD-100936,10/06/2025,CUST-10497,Facebook,158.54,West
ORD-101708,04/21/2026,CUST-10388,Facebook,141.86,Midwest
ORD-100993,10/23/2025,CUST-10455,GOOGLE ADS,187.64,
ORD-100581,06/30/2025,CUST-10730,Organic,267.04,Midwest
ORD-100132,02/16/2025,CUST-10023,Meta,347.46,Southwest
ORD-101713,04/23/2026,CUST-10732,GoogleAds,182.85,Northeast
ORD-100828,09/08/2025,CUST-10547,Facebook,134.3,West
ORD-101596,03/22/2026,CUST-10881,GOOGLE ADS,137.44,Northeast
ORD-100986,10/20/2025,CUST-10850,Facebook,121.73,Midwest
ORD-101938,06/21/2026,CUST-11007,GoogleAds,208.96,Midwest
ORD-100368,05/01/2025,CUST-10466,Affiliate,188.28,Southeast
ORD-100732,08/13/2025,CUST-11001,GoogleAds,179.45,Southwest
ORD-101354,01/07/2026,CUST-10616,Meta,154.74,West
ORD-100125,02/13/2025,CUST-10764,Google Ads,552.24,Northeast
ORD-101602,03/24/2026,CUST-11225,Google Ads,417.56,West
ORD-101550,03/10/2026,CUST-11220,Meta,142.31,Southeast
ORD-100256,03/28/2025,CUST-11066,Facebook,197.61,Southwest
ORD-101954,06/27/2026,CUST-10187,Affiliates,320.28,Midwest
ORD-101473,02/17/2026,CUST-10077,organic_search,189.0,Midwest
ORD-100289,04/07/2025,CUST-10936,organic_search,406.05,West
ORD-100777,08/25/2025,CUST-10230,google_ads,420.14,West
ORD-100081,01/30/2025,CUST-10719,Organic,333.73,Midwest
ORD-100053,01/22/2025,CUST-10008,GOOGLE ADS,518.46,Midwest
ORD-101405,01/26/2026,CUST-11130,Facebook,99.01,West
ORD-100557,06/22/2025,CUST-10562,EMAIL,373.6,Northeast
ORD-100040,01/20/2025,CUST-10663,email_marketing,205.44,West
ORD-101120,11/20/2025,CUST-10925,GOOGLE ADS,383.11,Midwest
ORD-100261,03/29/2025,CUST-10004,GoogleAds,513.53,Southeast
ORD-101871,06/05/2026,CUST-10181,Facebook,85.1,West
ORD-100955,10/12/2025,CUST-11130,meta_ads,287.32,Southeast
ORD-100083,02/01/2025,CUST-10153,meta_ads,104.08,Midwest
ORD-101644,04/03/2026,CUST-10104,google_ads,494.37,Northeast
ORD-101205,12/06/2025,CUST-10032,Google Ads,186.81,West
ORD-101543,03/08/2026,CUST-10681,google_ads,270.02,Northeast
ORD-100806,09/02/2025,CUST-10933,meta_ads,286.75,Northeast
ORD-100030,01/15/2025,CUST-10300,google_ads,106.24,West
ORD-100513,06/11/2025,CUST-11225,GoogleAds,580.3,West
ORD-100976,10/18/2025,CUST-10941,Google Ads,155.55,Southwest
ORD-101288,12/25/2025,CUST-10271,FB Ads,311.86,Northeast
ORD-101740,04/29/2026,CUST-10701,Facebook,226.89,West
ORD-101002,10/25/2025,CUST-10132,Facebook,99.2,Midwest
ORD-101259,12/17/2025,CUST-11069,ORGANIC,181.15,Midwest
ORD-101296,12/26/2025,CUST-10856,Google Ads,223.83,Northeast
ORD-101582,03/17/2026,CUST-10376,google_ads,203.68,Midwest
ORD-101922,06/16/2026,CUST-10722,GoogleAds,580.8,Southeast
ORD-100838,09/12/2025,CUST-10280,meta_ads,228.06,Northeast
ORD-101822,05/22/2026,CUST-10409,Google Ads,124.21,Northeast
ORD-101861,06/03/2026,CUST-10099,GoogleAds,320.75,Southeast
ORD-100048,01/21/2025,CUST-11007,affiliate,279.11,Midwest
ORD-101182,12/01/2025,CUST-10580,Facebook,259.86,West
ORD-101843,05/29/2026,CUST-10887,Email,797.5,Midwest
ORD-100467,05/29/2025,CUST-10044,E-mail,227.05,Southeast
ORD-100153,02/22/2025,CUST-11124,Google Ads,196.11,Northeast
ORD-101559,03/11/2026,CUST-10725,Affiliate,212.96,Northeast
ORD-101862,06/03/2026,CUST-10236,Email,427.85,West
ORD-100394,05/07/2025,CUST-10414,GOOGLE ADS,292.6,Midwest
ORD-100123,02/12/2025,CUST-10783,Google Ads,452.71,Southwest
ORD-100355,04/24/2025,CUST-10329,FB Ads,433.62,West
ORD-100134,02/16/2025,CUST-10866,Organic Search,452.17,Southeast
ORD-100268,03/31/2025,CUST-10224,email_marketing,183.39,Southwest
ORD-100385,05/05/2025,CUST-10299,Email,264.23,Northeast
ORD-100609,07/08/2025,CUST-11078,GoogleAds,526.46,Southeast
ORD-100220,03/20/2025,CUST-11202,ORGANIC,281.06,Northeast
ORD-100041,01/20/2025,CUST-10344,GoogleAds,421.69,West
ORD-100219,03/20/2025,CUST-10223,AFFILIATE,328.11,Southeast
ORD-100597,07/04/2025,CUST-10991,GoogleAds,106.46,Southwest
ORD-101249,12/16/2025,CUST-11040,GOOGLE ADS,841.19,Midwest
ORD-101238,12/14/2025,CUST-10519,GOOGLE ADS,588.26,Southeast
ORD-100680,07/28/2025,CUST-10306,meta_ads,216.9,Northeast
ORD-101073,11/10/2025,CUST-10948,email_marketing,314.66,West
ORD-101895,06/11/2026,CUST-10733,Google Ads,300.9,Northeast
ORD-100840,09/13/2025,CUST-10820,ORGANIC,269.15,Northeast
ORD-100541,06/17/2025,CUST-11142,organic_search,213.29,Southwest
ORD-101041,11/03/2025,CUST-11053,GOOGLE ADS,585.48,Southeast
ORD-101478,02/19/2026,CUST-10870,google_ads,211.76,Southeast
ORD-101358,01/09/2026,CUST-10510,FB Ads,548.38,Midwest
ORD-101869,06/04/2026,CUST-11099,Affiliate,385.9,Midwest
ORD-101198,12/04/2025,CUST-10936,Facebook,759.72,West
ORD-101316,12/30/2025,CUST-11065,Email,280.64,Southwest
ORD-101283,12/24/2025,CUST-11202,Meta,254.25,Southeast
ORD-100978,10/18/2025,CUST-10552,Organic Search,223.08,Southeast
ORD-101082,11/12/2025,CUST-10693,GOOGLE ADS,152.8,Southeast
ORD-101568,03/14/2026,CUST-10542,Google Ads,143.19,Northeast
ORD-101074,11/10/2025,CUST-10680,Google Ads,174.52,Southwest
ORD-101775,05/09/2026,CUST-10115,Email,298.08,Northeast
ORD-101221,12/10/2025,CUST-10036,GOOGLE ADS,432.87,West
ORD-101810,05/19/2026,CUST-10143,Google Ads,279.65,West
ORD-101576,03/16/2026,CUST-11130,GoogleAds,313.52,Northeast
ORD-101872,06/05/2026,CUST-10551,Affiliate,324.65,Midwest
ORD-101403,01/26/2026,CUST-10780,AFFILIATE,218.29,Northeast
ORD-100336,04/21/2025,CUST-10081,Google Ads,311.24,West
ORD-100232,03/22/2025,CUST-10220,google_ads,423.49,West
ORD-101823,05/23/2026,CUST-11252,ORGANIC,183.32,Southeast
ORD-101413,01/30/2026,CUST-11250,GOOGLE ADS,344.81,West
ORD-100158,02/23/2025,CUST-10420,Meta,350.54,Southeast
ORD-100468,05/29/2025,CUST-11157,GOOGLE ADS,253.11,Southeast
ORD-101778,05/10/2026,CUST-11226,ORGANIC,484.52,Northeast
ORD-100064,01/25/2025,CUST-10330,Affiliates,314.5,Northeast
ORD-101025,10/31/2025,CUST-10093,Google Ads,171.14,Southeast
ORD-101098,11/15/2025,CUST-10479,ORGANIC,185.48,West
ORD-101117,11/20/2025,CUST-11090,Affiliate,330.69,Northeast
ORD-100585,07/01/2025,CUST-11039,Organic,168.46,West
ORD-100205,03/16/2025,CUST-10307,google_ads,397.5,Midwest
ORD-100003,01/03/2025,CUST-10145,Google Ads,173.56,
ORD-100869,09/19/2025,CUST-10800,google_ads,281.06,Northeast
ORD-100895,09/26/2025,CUST-10492,FB Ads,314.97,West
ORD-101121,11/20/2025,CUST-10438,Organic Search,177.8,Southwest
ORD-101833,05/26/2026,CUST-10297,Google Ads,230.0,Southeast
ORD-101455,02/12/2026,CUST-10798,email_marketing,221.73,Northeast
ORD-101050,11/06/2025,CUST-10031,google_ads,818.31,Southeast
ORD-100693,07/31/2025,CUST-10923,google_ads,765.54,Southeast
ORD-101707,04/21/2026,CUST-10739,Google Ads,353.93,Southeast
ORD-101643,04/03/2026,CUST-10977,google_ads,190.82,West
ORD-100714,08/07/2025,CUST-10503,google_ads,220.83,Southeast
ORD-101802,05/17/2026,CUST-11241,GoogleAds,270.63,West
ORD-101126,11/21/2025,CUST-11157,google_ads,243.49,
ORD-101684,04/16/2026,CUST-10443,Meta,311.31,Northeast
ORD-101731,04/28/2026,CUST-10768,meta_ads,163.87,West
ORD-101051,11/06/2025,CUST-11105,AFFILIATE,206.03,Northeast
ORD-101104,11/17/2025,CUST-11002,organic_search,219.91,Southeast
ORD-101194,12/03/2025,CUST-10440,google_ads,277.65,Northeast
ORD-101779,05/11/2026,CUST-11019,E-mail,344.7,
ORD-100157,02/23/2025,CUST-10689,ORGANIC,503.06,Northeast
ORD-101047,11/04/2025,CUST-10021,GOOGLE ADS,233.11,Southeast
ORD-100523,06/13/2025,CUST-11216,FB Ads,355.2,Northeast
ORD-100462,05/27/2025,CUST-10506,FB Ads,432.45,West
ORD-100652,07/22/2025,CUST-10241,GOOGLE ADS,304.34,West
ORD-100160,02/24/2025,CUST-11016,Facebook,345.46,Midwest
ORD-100305,04/11/2025,CUST-11179,meta_ads,338.07,Midwest
ORD-100656,07/22/2025,CUST-10769,FB Ads,65.34,Northeast
ORD-100547,06/19/2025,CUST-11157,GOOGLE ADS,431.32,Southwest
ORD-100713,08/07/2025,CUST-10176,Affiliate,282.53,Midwest
ORD-100395,05/07/2025,CUST-10577,GoogleAds,169.28,Northeast
ORD-100783,08/27/2025,CUST-10184,GOOGLE ADS,683.91,West
ORD-100399,05/09/2025,CUST-10152,email_marketing,337.65,Northeast
ORD-100798,09/01/2025,CUST-10537,GOOGLE ADS,172.47,Northeast
ORD-100618,07/10/2025,CUST-10743,Google Ads,289.58,Northeast
ORD-101533,03/06/2026,CUST-10824,meta_ads,122.73,West
ORD-100508,06/09/2025,CUST-10836,organic_search,291.02,Northeast
ORD-101770,05/08/2026,CUST-11204,Facebook,73.01,Midwest
ORD-100736,08/14/2025,CUST-10790,Organic Search,240.1,Southeast
ORD-100155,02/23/2025,CUST-10125,GoogleAds,256.42,West
ORD-101665,04/10/2026,CUST-10883,affiliate,133.59,West
ORD-101718,04/24/2026,CUST-10019,GOOGLE ADS,198.69,Southeast
ORD-100867,09/19/2025,CUST-10843,meta_ads,228.33,West
ORD-100459,05/26/2025,CUST-11094,Meta,685.03,Southwest
ORD-100933,10/05/2025,CUST-10689,Meta,162.41,Southeast
ORD-100062,01/25/2025,CUST-10955,E-mail,171.57,Northeast
ORD-101819,05/21/2026,CUST-11207,affiliate,186.23,Southeast
ORD-100871,09/20/2025,CUST-10733,organic_search,414.9,Southeast
ORD-100954,10/11/2025,CUST-10028,email_marketing,583.7,Southwest
ORD-101574,03/16/2026,CUST-10111,Email,241.62,Northeast
ORD-100457,05/26/2025,CUST-10658,Affiliate,270.97,West
ORD-100935,10/06/2025,CUST-10122,Meta,132.6,Midwest
ORD-100478,05/30/2025,CUST-10679,Meta,205.15,
ORD-101123,11/21/2025,CUST-10589,Affiliate,198.48,West
ORD-101477,02/18/2026,CUST-10017,google_ads,347.98,Midwest
ORD-100870,09/19/2025,CUST-10655,GoogleAds,846.88,Midwest
ORD-100790,08/29/2025,CUST-11279,email_marketing,187.47,Northeast
ORD-100617,07/10/2025,CUST-11157,Affiliate,142.27,Midwest
ORD-101846,05/30/2026,CUST-10727,FB Ads,200.11,Northeast
ORD-101627,03/31/2026,CUST-10119,Organic Search,287.6,Midwest
ORD-101411,01/28/2026,CUST-10991,GoogleAds,189.56,Midwest
ORD-101138,11/23/2025,CUST-11204,Meta,144.73,Northeast
ORD-101615,03/28/2026,CUST-11224,organic_search,303.38,West
ORD-100347,04/23/2025,CUST-10631,FB Ads,725.28,Midwest
ORD-101488,02/22/2026,CUST-10300,google_ads,315.17,Southeast
ORD-100936,10/06/2025,CUST-10497,Meta,160.97,West
ORD-101909,06/14/2026,CUST-10324,Meta,184.22,Northeast
ORD-100760,08/21/2025,CUST-10464,Google Ads,291.99,West
ORD-100446,05/23/2025,CUST-10132,Facebook,230.58,Midwest
ORD-100650,07/21/2025,CUST-11083,GOOGLE ADS,44.68,Northeast
ORD-101229,12/12/2025,CUST-10839,Facebook,199.48,Southwest
ORD-101876,06/07/2026,CUST-11161,Facebook,434.19,Southwest
ORD-100379,05/04/2025,CUST-10532,EMAIL,455.1,West
ORD-100564,06/24/2025,CUST-10422,ORGANIC,162.21,West
ORD-101353,01/06/2026,CUST-11183,Email,406.19,Midwest
ORD-101730,04/27/2026,CUST-10151,meta_ads,87.96,Southeast
ORD-101275,12/22/2025,CUST-10409,meta_ads,77.09,Southwest
ORD-101908,06/14/2026,CUST-10344,google_ads,343.09,Northeast
ORD-100948,10/10/2025,CUST-10786,GoogleAds,389.1,Midwest
ORD-100920,10/02/2025,CUST-10193,E-mail,144.42,West
ORD-100231,03/22/2025,CUST-11169,organic_search,221.14,West
ORD-101318,12/30/2025,CUST-10486,google_ads,476.35,Southeast
ORD-100382,05/04/2025,CUST-10360,GoogleAds,309.23,West
ORD-101169,11/29/2025,CUST-10586,GoogleAds,298.44,Southeast
ORD-101206,12/06/2025,CUST-10870,Organic,470.01,Northeast
ORD-100072,01/28/2025,CUST-10793,email_marketing,147.12,Midwest
ORD-100070,01/28/2025,CUST-11256,ORGANIC,544.73,West
ORD-101344,01/05/2026,CUST-11056,Facebook,251.2,Northeast
ORD-101016,10/30/2025,CUST-10162,AFFILIATE,185.63,Northeast
ORD-100171,03/02/2025,CUST-10424,google_ads,428.87,Midwest
ORD-101134,11/22/2025,CUST-10023,Meta,247.42,Southeast
ORD-100168,03/01/2025,CUST-11254,Google Ads,728.1,Southwest
ORD-100493,06/02/2025,CUST-11136,email_marketing,301.33,West
ORD-101348,01/05/2026,CUST-10021,GoogleAds,228.64,Midwest
ORD-101020,10/31/2025,CUST-10463,Email,372.78,West
ORD-100985,10/20/2025,CUST-11096,EMAIL,525.86,Northeast
ORD-100893,09/26/2025,CUST-10735,Facebook,202.42,West
ORD-100272,04/02/2025,CUST-10454,ORGANIC,284.71,Southeast
ORD-101287,12/25/2025,CUST-10772,ORGANIC,526.12,Southeast
ORD-100420,05/14/2025,CUST-10649,GOOGLE ADS,507.23,Southwest
ORD-100094,02/05/2025,CUST-10991,meta_ads,133.65,Southwest
ORD-101542,03/08/2026,CUST-10972,google_ads,214.65,Southwest
ORD-101573,03/15/2026,CUST-11168,EMAIL,146.72,West
ORD-101584,03/18/2026,CUST-11045,Meta,97.4,Southeast
ORD-100042,01/20/2025,CUST-10153,GoogleAds,663.34,Southwest
ORD-100056,01/22/2025,CUST-10956,Google Ads,209.79,Midwest
ORD-101946,06/24/2026,CUST-10860,google_ads,110.93,
ORD-101102,11/17/2025,CUST-11109,Google Ads,818.93,Northeast
ORD-101863,06/03/2026,CUST-10613,email_marketing,239.52,West
ORD-101280,12/24/2025,CUST-10337,Meta,216.13,Southeast
ORD-100888,09/25/2025,CUST-10765,meta_ads,227.63,Southeast
ORD-100574,06/28/2025,CUST-10058,meta_ads,248.86,West
ORD-100038,01/20/2025,CUST-10035,GOOGLE ADS,141.63,Southeast
ORD-100306,04/11/2025,CUST-10828,GoogleAds,572.55,Northeast
ORD-101005,10/26/2025,CUST-10351,GoogleAds,199.37,
ORD-100006,01/04/2025,CUST-10245,GoogleAds,343.96,West
ORD-101177,11/30/2025,CUST-10306,GOOGLE ADS,369.96,West
ORD-100782,08/27/2025,CUST-10440,email_marketing,104.66,Northeast
ORD-100408,05/11/2025,CUST-10489,google_ads,218.08,Southeast
ORD-101266,12/19/2025,CUST-10349,AFFILIATE,179.85,Northeast
ORD-100781,08/27/2025,CUST-10620,google_ads,256.67,West
ORD-100166,02/28/2025,CUST-10510,meta_ads,170.87,Southeast
ORD-100534,06/16/2025,CUST-10906,google_ads,350.42,Southwest
ORD-100583,06/30/2025,CUST-10303,Meta,240.75,Southeast
ORD-101330,12/31/2025,CUST-10114,Affiliate,91.67,
ORD-101897,06/12/2026,CUST-10212,email_marketing,588.0,Southeast
ORD-101419,02/01/2026,CUST-10798,Facebook,392.75,Southeast
ORD-101228,12/12/2025,CUST-10338,EMAIL,556.45,Northeast
ORD-101798,05/16/2026,CUST-10573,Google Ads,205.41,Midwest
ORD-101885,06/09/2026,CUST-10654,GOOGLE ADS,74.37,West
ORD-101618,03/29/2026,CUST-11057,E-mail,590.89,West
ORD-101114,11/19/2025,CUST-11159,AFFILIATE,224.86,Midwest
ORD-101067,11/09/2025,CUST-10351,ORGANIC,240.75,West
ORD-100813,09/03/2025,CUST-10084,Facebook,102.66,Southeast
ORD-100316,04/15/2025,CUST-10159,GOOGLE ADS,170.45,Southeast
ORD-101279,12/24/2025,CUST-10105,GoogleAds,338.38,Southeast
ORD-101716,04/23/2026,CUST-10898,FB Ads,236.38,
ORD-100516,06/11/2025,CUST-10892,AFFILIATE,164.75,Northeast
ORD-101847,05/30/2026,CUST-11098,FB Ads,306.25,Northeast
ORD-101663,04/10/2026,CUST-11243,E-mail,144.24,West
ORD-101562,03/11/2026,CUST-10841,GOOGLE ADS,363.73,Midwest
ORD-100533,06/16/2025,CUST-10014,Facebook,157.29,Southwest
ORD-100173,03/02/2025,CUST-11264,GoogleAds,298.92,Midwest
ORD-101039,11/03/2025,CUST-10826,GOOGLE ADS,116.17,West
ORD-100271,04/02/2025,CUST-10726,GOOGLE ADS,278.32,Northeast
ORD-100548,06/19/2025,CUST-11037,GoogleAds,607.37,Midwest
ORD-100668,07/25/2025,CUST-10510,Facebook,97.49,West
ORD-101632,04/01/2026,CUST-10495,google_ads,235.53,Midwest
ORD-100453,05/25/2025,CUST-10004,GoogleAds,183.86,West
ORD-100964,10/15/2025,CUST-10304,Google Ads,186.52,Midwest
ORD-100606,07/07/2025,CUST-10259,FB Ads,152.0,Midwest
ORD-101692,04/18/2026,CUST-11130,Facebook,313.72,Midwest
ORD-101625,03/31/2026,CUST-10634,GOOGLE ADS,287.09,Midwest
ORD-100804,09/01/2025,CUST-10338,Affiliate,99.63,Southeast
ORD-100598,07/04/2025,CUST-11269,meta_ads,282.79,Northeast
ORD-101033,11/02/2025,CUST-10742,Organic Search,334.13,Northeast
ORD-101598,03/23/2026,CUST-10746,google_ads,624.77,Northeast
ORD-101263,12/18/2025,CUST-10510,Email,1164.23,West
ORD-100751,08/19/2025,CUST-10083,GOOGLE ADS,343.22,Northeast
ORD-100570,06/27/2025,CUST-10291,GoogleAds,151.65,Southwest
ORD-100975,10/17/2025,CUST-10745,google_ads,156.49,Northeast
ORD-100074,01/28/2025,CUST-10030,E-mail,454.39,West
ORD-100061,01/24/2025,CUST-11021,organic_search,113.77,West
ORD-101834,05/26/2026,CUST-10945,email_marketing,140.28,Northeast
ORD-100536,06/16/2025,CUST-10814,google_ads,299.64,Midwest
ORD-100273,04/02/2025,CUST-11265,Google Ads,340.38,West
ORD-100809,09/02/2025,CUST-10429,GOOGLE ADS,193.2,Northeast
ORD-100244,03/25/2025,CUST-10667,Organic Search,343.57,West
ORD-101095,11/15/2025,CUST-10972,Affiliate,168.66,Southeast
ORD-101438,02/06/2026,CUST-10839,Meta,127.2,Northeast
ORD-100105,02/08/2025,CUST-10798,meta_ads,65.15,Midwest
ORD-100673,07/26/2025,CUST-10030,Google Ads,302.06,Midwest
ORD-100642,07/19/2025,CUST-10431,google_ads,231.26,Northeast
ORD-101278,12/23/2025,CUST-10163,google_ads,403.98,Northeast
ORD-100665,07/24/2025,CUST-10682,Affiliates,209.57,Northeast
ORD-100509,06/10/2025,CUST-10973,GoogleAds,225.13,Northeast
ORD-100131,02/16/2025,CUST-11263,Meta,209.8,Southwest
ORD-100444,05/22/2025,CUST-10726,Google Ads,221.83,Southeast
ORD-100866,09/19/2025,CUST-10532,affiliate,243.9,Midwest
ORD-100247,03/26/2025,CUST-10462,GoogleAds,438.44,West
ORD-101766,05/05/2026,CUST-10677,ORGANIC,773.85,Southwest
ORD-100057,01/22/2025,CUST-10751,Meta,390.85,Midwest
ORD-101648,04/05/2026,CUST-10003,Email,330.56,West
ORD-101531,03/06/2026,CUST-10836,Google Ads,373.13,Southwest
ORD-101125,11/21/2025,CUST-10380,Organic Search,260.57,Northeast
ORD-100086,02/02/2025,CUST-10701,email_marketing,398.61,Midwest
ORD-101881,06/08/2026,CUST-10409,Email,359.5,Southwest
ORD-100771,08/24/2025,CUST-10178,google_ads,167.61,Midwest
ORD-101223,12/10/2025,CUST-10490,google_ads,310.9,Northeast
ORD-100708,08/04/2025,CUST-10814,affiliate,237.25,Northeast
ORD-101548,03/10/2026,CUST-11204,Google Ads,101.59,West
ORD-101331,12/31/2025,CUST-11069,EMAIL,147.99,Northeast
ORD-101553,03/11/2026,CUST-10934,GOOGLE ADS,481.57,West
ORD-100538,06/17/2025,CUST-10814,Facebook,114.44,Midwest
ORD-101427,02/03/2026,CUST-10836,GOOGLE ADS,246.76,Southeast
ORD-101171,11/30/2025,CUST-10814,organic_search,255.22,Northeast
ORD-101544,03/09/2026,CUST-10980,google_ads,282.69,Northeast
ORD-101298,12/27/2025,CUST-10599,Organic Search,351.11,Northeast
ORD-100418,05/13/2025,CUST-11186,FB Ads,212.65,Southwest
ORD-101950,06/24/2026,CUST-10623,Meta,242.56,Southeast
ORD-101693,04/18/2026,CUST-10227,Google Ads,381.3,Southeast
ORD-101449,02/11/2026,CUST-10959,google_ads,501.81,Northeast
ORD-100851,09/15/2025,CUST-10796,FB Ads,149.79,Northeast
ORD-101737,04/29/2026,CUST-10510,FB Ads,348.36,Northeast
ORD-101714,04/23/2026,CUST-10933,email_marketing,497.51,Northeast
ORD-101679,04/15/2026,CUST-10547,GOOGLE ADS,501.93,Southeast
ORD-101750,05/02/2026,CUST-10502,organic_search,290.46,West
ORD-101755,05/03/2026,CUST-10887,affiliate,103.99,Northeast
ORD-101717,04/24/2026,CUST-10952,affiliate,114.43,Midwest
ORD-101783,05/11/2026,CUST-10987,GOOGLE ADS,502.02,Midwest
ORD-100304,04/11/2025,CUST-10713,EMAIL,569.05,Midwest
ORD-101506,02/27/2026,CUST-11254,GoogleAds,587.59,Southeast
ORD-100335,04/20/2025,CUST-10130,GoogleAds,257.01,Northeast
ORD-100995,10/23/2025,CUST-10055,Facebook,386.65,Midwest
ORD-100569,06/26/2025,CUST-10276,AFFILIATE,194.31,Northeast
ORD-100088,02/03/2025,CUST-10582,GOOGLE ADS,513.48,Northeast
ORD-100874,09/20/2025,CUST-11279,meta_ads,263.8,Southwest
ORD-101617,03/29/2026,CUST-10123,GOOGLE ADS,574.86,Southeast
ORD-101513,03/01/2026,CUST-10869,google_ads,97.99,Northeast
ORD-100712,08/07/2025,CUST-10394,Meta,372.69,Midwest
ORD-101734,04/29/2026,CUST-10318,Meta,194.45,Northeast
ORD-101837,05/27/2026,CUST-10704,Facebook,188.0,Northeast
ORD-101371,01/13/2026,CUST-11217,E-mail,218.52,Southwest
ORD-100221,03/20/2025,CUST-10788,Email,333.86,Northeast
ORD-100319,04/16/2025,CUST-10273,meta_ads,201.22,Southeast
ORD-101743,04/30/2026,CUST-11145,GoogleAds,232.79,Southeast
ORD-100878,09/21/2025,CUST-11117,google_ads,412.32,Southeast
ORD-101789,05/13/2026,CUST-10047,affiliate,116.91,Southeast
ORD-100825,09/07/2025,CUST-10304,GoogleAds,150.99,West
ORD-100872,09/20/2025,CUST-10498,google_ads,716.64,Midwest
ORD-101457,02/12/2026,CUST-10495,GOOGLE ADS,332.47,Northeast
ORD-100138,02/18/2025,CUST-10094,Organic Search,148.21,Northeast
ORD-100163,02/25/2025,CUST-10406,GOOGLE ADS,329.86,Southeast
ORD-101892,06/11/2026,CUST-10400,FB Ads,321.18,Southeast
ORD-101697,04/19/2026,CUST-10355,Google Ads,475.78,Southeast
ORD-100960,10/13/2025,CUST-10466,GOOGLE ADS,1210.36,Midwest
ORD-101691,04/17/2026,CUST-10451,meta_ads,231.03,West
ORD-101233,12/13/2025,CUST-10284,Facebook,65.28,West
ORD-101170,11/29/2025,CUST-10424,Meta,567.09,West
ORD-101916,06/15/2026,CUST-10658,Affiliate,206.79,Northeast
ORD-101528,03/05/2026,CUST-10047,meta_ads,217.31,Southeast
ORD-101792,05/14/2026,CUST-11144,Facebook,371.73,Midwest
ORD-100633,07/18/2025,CUST-10957,GOOGLE ADS,355.98,Midwest
ORD-101179,12/01/2025,CUST-10090,GoogleAds,258.62,West
ORD-100655,07/22/2025,CUST-10316,Facebook,155.73,Southeast
ORD-100016,01/10/2025,CUST-10634,GoogleAds,166.28,Midwest
ORD-101619,03/29/2026,CUST-11112,GoogleAds,308.45,West
ORD-101156,11/27/2025,CUST-11206,GoogleAds,296.88,Northeast
ORD-100137,02/18/2025,CUST-10028,GOOGLE ADS,352.99,Midwest
ORD-101285,12/25/2025,CUST-11083,GOOGLE ADS,270.57,Southeast
ORD-100697,08/02/2025,CUST-10975,Facebook,109.37,Midwest
ORD-101097,11/15/2025,CUST-11019,Affiliate,150.63,Southeast
ORD-101604,03/24/2026,CUST-11283,GoogleAds,324.13,Northeast
ORD-100448,05/24/2025,CUST-11115,meta_ads,213.82,Northeast
ORD-101882,06/09/2026,CUST-10134,Google Ads,213.79,Midwest
ORD-100327,04/18/2025,CUST-10152,GoogleAds,345.62,Southeast
ORD-100317,04/15/2025,CUST-10171,affiliate,470.5,West
ORD-101864,06/03/2026,CUST-11227,GoogleAds,184.33,West
ORD-100526,06/13/2025,CUST-10967,Meta,353.23,
ORD-100087,02/02/2025,CUST-11201,Google Ads,210.4,Midwest
ORD-101624,03/31/2026,CUST-10890,affiliate,325.41,Southwest
ORD-100148,02/20/2025,CUST-11190,Google Ads,146.74,Northeast
ORD-101611,03/27/2026,CUST-10550,google_ads,294.21,Southeast
ORD-101199,12/04/2025,CUST-10932,GoogleAds,863.48,Midwest
ORD-101633,04/01/2026,CUST-10280,google_ads,124.42,Northeast
ORD-100365,04/29/2025,CUST-11005,FB Ads,169.73,Southwest
ORD-100589,07/02/2025,CUST-10743,FB Ads,697.53,Southeast
ORD-101502,02/26/2026,CUST-10280,E-mail,533.38,Northeast
ORD-100198,03/14/2025,CUST-10192,GoogleAds,330.02,Northeast
ORD-101883,06/09/2026,CUST-10187,google_ads,718.01,Northeast
ORD-100192,03/12/2025,CUST-10865,google_ads,296.36,Southeast
ORD-100404,05/10/2025,CUST-10313,email_marketing,216.59,Midwest
ORD-101564,03/12/2026,CUST-10990,google_ads,342.36,Midwest
ORD-100384,05/04/2025,CUST-10805,Google Ads,217.72,Northeast
ORD-100483,05/31/2025,CUST-10750,Organic,166.85,West
ORD-101943,06/23/2026,CUST-10124,Affiliate,126.51,West
ORD-100791,08/30/2025,CUST-10162,Facebook,111.16,Midwest
ORD-100799,09/01/2025,CUST-10448,Facebook,150.62,West
ORD-100384,05/04/2025,CUST-10805,Google Ads,209.25,Northeast
ORD-100750,08/19/2025,CUST-10780,Organic Search,120.82,Northeast
ORD-100422,05/15/2025,CUST-11071,AFFILIATE,110.2,West
ORD-100314,04/14/2025,CUST-10794,GOOGLE ADS,119.49,Southeast
ORD-101021,10/31/2025,CUST-11163,GOOGLE ADS,127.52,Southeast
ORD-100543,06/18/2025,CUST-10975,organic_search,244.75,Southeast
ORD-100913,10/01/2025,CUST-10325,google_ads,289.22,Midwest
ORD-100662,07/23/2025,CUST-10981,meta_ads,123.23,West
ORD-100902,09/28/2025,CUST-10209,GoogleAds,594.39,
ORD-101388,01/21/2026,CUST-11264,Google Ads,320.72,West
ORD-100685,07/29/2025,CUST-10652,google_ads,238.63,Southeast
ORD-101666,04/10/2026,CUST-10981,Organic,243.98,Southeast
ORD-100159,02/24/2025,CUST-11083,email_marketing,313.73,
ORD-100999,10/23/2025,CUST-10139,GoogleAds,198.81,West
ORD-101586,03/18/2026,CUST-10342,meta_ads,153.12,Midwest
ORD-101765,05/05/2026,CUST-10317,Google Ads,281.78,Southeast
ORD-100202,03/15/2025,CUST-10923,FB Ads,306.71,Northeast
ORD-101023,10/31/2025,CUST-10470,Google Ads,199.98,West
ORD-101523,03/04/2026,CUST-10098,google_ads,190.45,West
ORD-101180,12/01/2025,CUST-11263,GOOGLE ADS,564.35,Midwest
ORD-100112,02/10/2025,CUST-10727,Facebook,360.34,Midwest
ORD-101795,05/16/2026,CUST-10590,google_ads,357.73,West
ORD-101225,12/11/2025,CUST-11019,google_ads,131.42,Midwest
ORD-100980,10/19/2025,CUST-11269,Google Ads,752.68,Midwest
ORD-100922,10/04/2025,CUST-11296,Email,400.66,West
ORD-101475,02/18/2026,CUST-10803,Organic Search,339.99,Midwest
ORD-101578,03/16/2026,CUST-10812,AFFILIATE,190.19,Southeast
ORD-101408,01/27/2026,CUST-10085,FB Ads,298.59,Northeast
ORD-101739,04/29/2026,CUST-10591,Facebook,355.3,Southeast
ORD-100815,09/04/2025,CUST-10729,GOOGLE ADS,305.49,Northeast
ORD-101447,02/09/2026,CUST-10963,google_ads,624.54,Southeast
ORD-101421,02/02/2026,CUST-10206,GOOGLE ADS,181.91,Northeast
ORD-100679,07/28/2025,CUST-10586,GOOGLE ADS,632.21,West
ORD-101093,11/14/2025,CUST-10335,E-mail,437.66,Southwest
ORD-100080,01/30/2025,CUST-10887,GOOGLE ADS,242.79,West
ORD-101748,05/02/2026,CUST-11017,GoogleAds,458.23,
ORD-101334,01/03/2026,CUST-10316,meta_ads,67.07,Southeast
ORD-101522,03/04/2026,CUST-11290,google_ads,227.63,Midwest
ORD-100752,08/19/2025,CUST-10252,meta_ads,333.72,Midwest
ORD-101346,01/05/2026,CUST-11057,GoogleAds,221.93,Midwest
ORD-101054,11/06/2025,CUST-10004,GoogleAds,129.44,Midwest
ORD-100242,03/25/2025,CUST-10629,Email,693.86,West
ORD-101332,01/02/2026,CUST-11205,GoogleAds,329.39,Northeast
ORD-100641,07/19/2025,CUST-11264,meta_ads,205.35,Southwest
ORD-100696,08/01/2025,CUST-11064,affiliate,252.18,West
ORD-100209,03/17/2025,CUST-11258,E-mail,198.18,Northeast
ORD-101527,03/05/2026,CUST-10206,email_marketing,390.78,West
ORD-100770,08/24/2025,CUST-11172,GoogleAds,627.05,Northeast
ORD-101742,04/30/2026,CUST-10919,Google Ads,227.72,Southeast
ORD-100435,05/18/2025,CUST-10293,GoogleAds,583.72,Northeast
ORD-101063,11/09/2025,CUST-10230,ORGANIC,251.58,Northeast
ORD-100974,10/17/2025,CUST-10328,GOOGLE ADS,133.09,West
ORD-100551,06/20/2025,CUST-11209,google_ads,435.0,West
ORD-101385,01/20/2026,CUST-10828,Email,1231.59,Northeast
ORD-101539,03/08/2026,CUST-11101,GOOGLE ADS,402.3,West
ORD-101013,10/29/2025,CUST-10305,Google Ads,125.81,Northeast
ORD-101873,06/06/2026,CUST-11093,google_ads,392.01,Southeast
ORD-100466,05/29/2025,CUST-10810,affiliate,209.03,Southwest
ORD-101466,02/15/2026,CUST-10044,Google Ads,249.11,Midwest
ORD-101297,12/27/2025,CUST-10060,GOOGLE ADS,104.56,Southwest
ORD-100277,04/03/2025,CUST-10310,Organic Search,402.17,Southeast
ORD-101069,11/09/2025,CUST-10453,Organic,222.99,Northeast
ORD-101017,10/30/2025,CUST-10722,Organic,72.31,West
ORD-101313,12/30/2025,CUST-10098,Affiliate,185.17,Midwest
ORD-100722,08/09/2025,CUST-10990,GoogleAds,168.57,Northeast
ORD-101939,06/21/2026,CUST-10206,Affiliate,333.88,Northeast
ORD-100786,08/28/2025,CUST-10158,google_ads,356.23,Southeast
ORD-101535,03/07/2026,CUST-10975,affiliate,59.92,Northeast
ORD-101668,04/10/2026,CUST-10875,GOOGLE ADS,294.41,Southwest
ORD-101360,01/09/2026,CUST-11033,GoogleAds,171.36,West
ORD-101294,12/26/2025,CUST-10046,Google Ads,177.6,West
ORD-100906,09/29/2025,CUST-10461,FB Ads,223.49,Southeast
ORD-100563,06/24/2025,CUST-10499,GOOGLE ADS,522.07,West
ORD-100388,05/05/2025,CUST-10868,Facebook,204.4,West
ORD-100022,01/12/2025,CUST-11222,Email,319.66,West
ORD-101959,06/30/2026,CUST-10829,GoogleAds,518.25,Northeast
ORD-100124,02/13/2025,CUST-10123,meta_ads,184.91,Northeast
ORD-101446,02/09/2026,CUST-10499,google_ads,97.52,West
ORD-100773,08/25/2025,CUST-10953,google_ads,321.51,Northeast
ORD-100880,09/21/2025,CUST-10677,google_ads,141.35,West
ORD-101144,11/24/2025,CUST-10748,Affiliates,172.94,Midwest
ORD-101166,11/28/2025,CUST-10834,GOOGLE ADS,398.13,Southeast
ORD-100050,01/21/2025,CUST-10656,FB Ads,170.48,West
ORD-101386,01/20/2026,CUST-10353,google_ads,210.2,West
ORD-101448,02/10/2026,CUST-10086,Google Ads,91.64,Southwest
ORD-101105,11/17/2025,CUST-11219,google_ads,423.03,Southwest
ORD-100703,08/03/2025,CUST-10122,organic_search,490.66,Midwest
ORD-100482,05/31/2025,CUST-10885,google_ads,319.44,Southeast
ORD-101145,11/24/2025,CUST-11007,email_marketing,456.34,Southeast
ORD-101898,06/12/2026,CUST-10769,ORGANIC,275.18,Northeast
ORD-100066,01/27/2025,CUST-10118,affiliate,147.37,Southeast
ORD-101709,04/22/2026,CUST-11036,meta_ads,187.47,Northeast
ORD-100733,08/13/2025,CUST-10375,EMAIL,250.97,Midwest
ORD-101772,05/08/2026,CUST-10084,Google Ads,171.11,Northeast
ORD-100801,09/01/2025,CUST-10932,E-mail,114.93,Midwest
ORD-101734,04/29/2026,CUST-10318,meta_ads,206.12,Northeast
ORD-101754,05/03/2026,CUST-10433,GoogleAds,563.29,Southeast
ORD-100907,09/29/2025,CUST-10411,email_marketing,267.31,Southeast
ORD-100031,01/15/2025,CUST-10409,GoogleAds,218.25,Southeast
ORD-100417,05/13/2025,CUST-10095,Google Ads,146.43,Southeast
ORD-100881,09/22/2025,CUST-11066,Organic,205.35,Southeast
ORD-100632,07/18/2025,CUST-10296,ORGANIC,291.89,Midwest
ORD-101620,03/29/2026,CUST-10796,meta_ads,112.4,Southeast
ORD-101429,02/04/2026,CUST-11044,AFFILIATE,218.17,Midwest
ORD-100064,01/25/2025,CUST-10330,affiliate,309.24,Northeast
ORD-101610,03/27/2026,CUST-11072,GoogleAds,288.19,Northeast
ORD-101595,03/22/2026,CUST-10371,Meta,182.61,
ORD-100077,01/30/2025,CUST-10338,AFFILIATE,71.73,West
ORD-100491,06/02/2025,CUST-11038,Google Ads,108.4,Southeast
ORD-101867,06/04/2026,CUST-11219,GoogleAds,208.98,Midwest
ORD-101515,03/01/2026,CUST-10269,E-mail,365.74,Northeast
ORD-100532,06/16/2025,CUST-11163,FB Ads,322.99,West
ORD-100065,01/27/2025,CUST-11089,Google Ads,277.36,Northeast
ORD-101678,04/14/2026,CUST-10680,FB Ads,382.93,West
ORD-100296,04/09/2025,CUST-10450,GOOGLE ADS,321.69,Midwest
ORD-100591,07/02/2025,CUST-10383,Facebook,212.1,Northeast
ORD-100767,08/24/2025,CUST-10209,GOOGLE ADS,295.76,Midwest
ORD-100724,08/10/2025,CUST-10329,affiliate,498.86,West
ORD-101929,06/18/2026,CUST-10332,Facebook,189.71,Northeast
ORD-100626,07/16/2025,CUST-10449,FB Ads,299.07,West
ORD-101941,06/22/2026,CUST-10792,FB Ads,120.89,Northeast
ORD-101933,06/19/2026,CUST-10067,google_ads,473.8,West
ORD-101212,12/07/2025,CUST-10249,GOOGLE ADS,80.91,West
ORD-101600,03/23/2026,CUST-10815,google_ads,110.96,Midwest
ORD-100251,03/27/2025,CUST-10786,email_marketing,299.8,Midwest
ORD-101807,05/18/2026,CUST-10146,GOOGLE ADS,269.23,Midwest
ORD-101305,12/28/2025,CUST-10011,meta_ads,299.95,Northeast
ORD-101890,06/10/2026,CUST-10577,Organic Search,568.75,Northeast
ORD-100982,10/19/2025,CUST-10769,GoogleAds,321.03,Northeast
ORD-101760,05/04/2026,CUST-10313,EMAIL,131.73,West
ORD-100706,08/04/2025,CUST-10772,Affiliate,48.36,Northeast
ORD-100487,06/01/2025,CUST-10520,email_marketing,255.81,Midwest
ORD-100273,04/02/2025,CUST-11265,GOOGLE ADS,325.54,West
ORD-101495,02/24/2026,CUST-11163,FB Ads,193.53,West
ORD-101804,05/17/2026,CUST-10055,EMAIL,221.68,Midwest
ORD-100963,10/14/2025,CUST-10486,Google Ads,279.67,West
ORD-100877,09/21/2025,CUST-10230,Facebook,385.81,Northeast
ORD-101949,06/24/2026,CUST-11136,meta_ads,234.87,Southeast
ORD-101800,05/17/2026,CUST-10424,ORGANIC,134.65,Northeast
ORD-100411,05/12/2025,CUST-10772,ORGANIC,463.76,Southeast
ORD-100667,07/25/2025,CUST-10159,Email,108.96,Midwest
ORD-101262,12/18/2025,CUST-10137,E-mail,652.07,Southeast
ORD-100149,02/20/2025,CUST-10496,Google Ads,624.45,Northeast
ORD-100644,07/20/2025,CUST-10069,Email,901.94,Northeast
ORD-101593,03/22/2026,CUST-10297,meta_ads,248.31,Southeast
ORD-100218,03/19/2025,CUST-10254,AFFILIATE,337.05,Southwest
ORD-100239,03/23/2025,CUST-10283,GOOGLE ADS,255.13,Midwest
ORD-101131,11/22/2025,CUST-10573,GOOGLE ADS,228.06,Southeast
ORD-101216,12/08/2025,CUST-11185,Email,106.32,West
ORD-100792,08/30/2025,CUST-10085,meta_ads,697.12,Southeast
ORD-100191,03/10/2025,CUST-10350,GoogleAds,170.73,Southeast
ORD-100333,04/19/2025,CUST-10741,Google Ads,274.39,Midwest
ORD-101312,12/29/2025,CUST-11287,email_marketing,209.64,Midwest
ORD-101315,12/30/2025,CUST-10143,Organic Search,312.31,West
ORD-100962,10/14/2025,CUST-10642,meta_ads,199.28,West
ORD-101497,02/25/2026,CUST-10675,Facebook,262.29,Midwest
ORD-101937,06/20/2026,CUST-10137,GOOGLE ADS,265.74,West
ORD-101640,04/02/2026,CUST-10322,Google Ads,132.47,
ORD-101605,03/24/2026,CUST-10383,FB Ads,236.21,Northeast
ORD-100582,06/30/2025,CUST-10923,Meta,414.7,Southeast
ORD-101896,06/11/2026,CUST-10010,google_ads,139.75,Southwest
ORD-101654,04/06/2026,CUST-10162,email_marketing,84.92,Southeast
ORD-100839,09/12/2025,CUST-10341,Google Ads,248.51,Northeast
ORD-100627,07/16/2025,CUST-11197,Facebook,235.77,Northeast
ORD-100323,04/17/2025,CUST-10501,GOOGLE ADS,251.16,Midwest
ORD-101631,04/01/2026,CUST-10477,google_ads,391.31,West
ORD-101160,11/27/2025,CUST-10390,Facebook,165.45,Northeast
ORD-100778,08/25/2025,CUST-11257,Facebook,555.36,Northeast
ORD-101076,11/11/2025,CUST-10054,Google Ads,238.79,Northeast
ORD-100939,10/08/2025,CUST-10754,Affiliate,181.21,Southeast
ORD-100437,05/18/2025,CUST-10049,GOOGLE ADS,265.46,Northeast
ORD-100119,02/11/2025,CUST-10875,Affiliate,142.6,Northeast
ORD-101528,03/05/2026,CUST-10047,Facebook,222.5,Southeast
ORD-101552,03/10/2026,CUST-10338,FB Ads,303.18,Northeast
ORD-101026,11/01/2025,CUST-10555,meta_ads,191.73,Southeast
ORD-101253,12/16/2025,CUST-10277,google_ads,111.17,Midwest
ORD-101368,01/13/2026,CUST-10698,GoogleAds,487.49,West
ORD-100076,01/29/2025,CUST-10167,Meta,218.2,Southeast
ORD-101053,11/06/2025,CUST-11222,Google Ads,127.27,West
ORD-100900,09/27/2025,CUST-10722,Meta,157.88,Midwest
ORD-100371,05/01/2025,CUST-10658,Meta,219.79,Midwest
ORD-101850,05/31/2026,CUST-10547,FB Ads,571.45,
ORD-101431,02/04/2026,CUST-10076,affiliate,198.88,Southeast
ORD-100832,09/09/2025,CUST-10678,Google Ads,307.0,Northeast
ORD-100941,10/08/2025,CUST-10543,Google Ads,450.56,Northeast
ORD-100577,06/29/2025,CUST-11130,email_marketing,107.98,Southeast
ORD-100819,09/05/2025,CUST-10933,GoogleAds,236.18,West
ORD-101458,02/13/2026,CUST-10823,email_marketing,106.08,
ORD-101480,02/19/2026,CUST-10195,meta_ads,162.7,Midwest
ORD-101720,04/24/2026,CUST-10003,Facebook,206.65,Northeast
ORD-101369,01/13/2026,CUST-10310,Google Ads,290.47,West
ORD-100886,09/23/2025,CUST-10002,google_ads,150.51,Southwest
ORD-100968,10/15/2025,CUST-10959,Organic,446.19,Northeast
ORD-101699,04/20/2026,CUST-10299,GOOGLE ADS,223.22,West
ORD-100785,08/28/2025,CUST-10476,Email,342.45,Midwest
ORD-101753,05/02/2026,CUST-11011,Organic,326.59,West
ORD-101688,04/17/2026,CUST-10082,ORGANIC,115.03,Southeast
ORD-100301,04/10/2025,CUST-10460,EMAIL,253.78,West
ORD-100689,07/30/2025,CUST-10304,FB Ads,176.41,Northeast
ORD-100812,09/03/2025,CUST-10105,organic_search,260.89,Northeast
ORD-101061,11/08/2025,CUST-11111,GoogleAds,332.01,Southeast
ORD-100236,03/22/2025,CUST-11216,GOOGLE ADS,254.02,
ORD-101115,11/19/2025,CUST-11228,Meta,231.7,Northeast
ORD-101345,01/05/2026,CUST-10829,organic_search,178.23,West
ORD-100499,06/06/2025,CUST-10313,AFFILIATE,286.78,Southeast
ORD-101645,04/03/2026,CUST-10015,email_marketing,275.73,Southwest
ORD-101079,11/11/2025,CUST-11035,GoogleAds,288.78,West
ORD-101326,12/31/2025,CUST-10681,google_ads,257.88,Northeast
ORD-100794,08/31/2025,CUST-10650,GOOGLE ADS,235.41,Northeast
ORD-101910,06/14/2026,CUST-10069,GoogleAds,343.58,Northeast
ORD-101520,03/04/2026,CUST-10202,Facebook,284.67,Southeast
ORD-101918,06/16/2026,CUST-10091,Meta,292.43,Southeast
ORD-100990,10/21/2025,CUST-10371,EMAIL,98.53,Southeast
ORD-101361,01/09/2026,CUST-10558,google_ads,203.15,Southwest
ORD-100934,10/06/2025,CUST-11057,Affiliate,208.12,Southeast
ORD-100387,05/05/2025,CUST-10939,google_ads,113.31,Midwest
ORD-101459,02/13/2026,CUST-11248,E-mail,196.67,West
ORD-100390,05/06/2025,CUST-10318,FB Ads,206.38,Northeast
ORD-100743,08/17/2025,CUST-11166,google_ads,299.66,Midwest
ORD-100352,04/24/2025,CUST-10330,FB Ads,260.71,Southeast
ORD-101217,12/09/2025,CUST-10724,FB Ads,170.2,
ORD-100235,03/22/2025,CUST-11257,Google Ads,326.73,Southeast
ORD-101695,04/18/2026,CUST-10388,Google Ads,146.04,Southeast
ORD-100480,05/31/2025,CUST-10541,organic_search,526.76,Midwest
ORD-100567,06/26/2025,CUST-10481,google_ads,201.68,Northeast
ORD-101140,11/23/2025,CUST-10368,FB Ads,151.39,Northeast
ORD-101670,04/11/2026,CUST-11268,Meta,353.35,
ORD-101851,05/31/2026,CUST-10724,google_ads,308.17,West
ORD-101555,03/11/2026,CUST-10489,GOOGLE ADS,384.55,Northeast
ORD-100120,02/11/2025,CUST-11163,Email,361.67,West
ORD-101715,04/23/2026,CUST-10541,AFFILIATE,309.55,Southwest
ORD-101024,10/31/2025,CUST-10950,ORGANIC,244.53,West
ORD-101086,11/12/2025,CUST-10834,FB Ads,107.25,Midwest
ORD-101272,12/22/2025,CUST-10109,Google Ads,170.43,West
ORD-100926,10/04/2025,CUST-10543,GOOGLE ADS,307.7,Midwest
ORD-100515,06/11/2025,CUST-10469,Facebook,197.8,West
ORD-100223,03/20/2025,CUST-11228,affiliate,194.43,Southwest
ORD-101467,02/15/2026,CUST-10209,Affiliates,120.03,Midwest
ORD-100613,07/09/2025,CUST-10326,Google Ads,143.41,Midwest
ORD-100843,09/13/2025,CUST-10105,email_marketing,700.7,Midwest
ORD-101245,12/15/2025,CUST-10650,Meta,208.42,Northeast
ORD-100052,01/22/2025,CUST-11270,Organic,498.03,Northeast
ORD-101831,05/26/2026,CUST-10363,Affiliates,420.32,Southeast
ORD-100485,06/01/2025,CUST-10739,Email,517.54,West
ORD-101902,06/12/2026,CUST-10795,GoogleAds,390.12,Southwest
ORD-100818,09/05/2025,CUST-10881,Facebook,108.19,Northeast
ORD-100155,02/23/2025,CUST-10125,GoogleAds,253.57,West
ORD-101366,01/12/2026,CUST-10710,GOOGLE ADS,369.61,Northeast
ORD-100600,07/05/2025,CUST-10880,GoogleAds,198.56,Southwest
ORD-101591,03/21/2026,CUST-10011,Google Ads,85.5,West
ORD-100248,03/26/2025,CUST-11147,Facebook,220.28,Northeast
ORD-100761,08/22/2025,CUST-10325,GOOGLE ADS,249.69,West
ORD-101815,05/20/2026,CUST-11079,google_ads,318.02,Midwest
ORD-101130,11/21/2025,CUST-10424,Google Ads,175.65,Midwest
ORD-100542,06/18/2025,CUST-10452,email_marketing,142.84,Midwest
ORD-100793,08/30/2025,CUST-10818,Google Ads,132.37,West
ORD-101141,11/23/2025,CUST-11093,FB Ads,170.44,Midwest
ORD-101445,02/09/2026,CUST-10388,meta_ads,236.91,Midwest
ORD-100628,07/16/2025,CUST-10654,Facebook,370.64,Southeast
ORD-100150,02/21/2025,CUST-10546,Google Ads,109.47,West
ORD-101677,04/14/2026,CUST-10549,email_marketing,553.85,West
ORD-100291,04/07/2025,CUST-10808,GOOGLE ADS,211.72,Southeast
ORD-100381,05/04/2025,CUST-10830,FB Ads,141.05,West
ORD-100686,07/30/2025,CUST-11158,GOOGLE ADS,81.21,Midwest
ORD-101367,01/13/2026,CUST-10485,Google Ads,553.33,Midwest
ORD-101224,12/10/2025,CUST-10750,google_ads,111.16,Southeast
ORD-100897,09/27/2025,CUST-10026,E-mail,311.52,Southeast
ORD-100854,09/15/2025,CUST-10275,Organic Search,268.89,West
ORD-101071,11/10/2025,CUST-10693,GOOGLE ADS,174.28,Southeast
ORD-101388,01/21/2026,CUST-11264,google_ads,320.3,West
ORD-101517,03/02/2026,CUST-10847,GoogleAds,976.54,Northeast
ORD-101676,04/13/2026,CUST-10814,google_ads,415.83,Northeast
ORD-100891,09/25/2025,CUST-11053,Google Ads,353.2,Midwest
ORD-101744,05/01/2026,CUST-11264,GOOGLE ADS,255.68,Southeast
ORD-101892,06/11/2026,CUST-10400,FB Ads,323.48,West
ORD-101364,01/11/2026,CUST-10004,Meta,210.36,Midwest
ORD-100615,07/09/2025,CUST-11124,organic_search,333.68,Southwest
ORD-100154,02/23/2025,CUST-10088,Affiliate,289.29,Northeast
ORD-101193,12/03/2025,CUST-11211,Organic Search,284.37,Northeast
ORD-101702,04/21/2026,CUST-10798,GOOGLE ADS,330.31,Southeast
ORD-101053,11/06/2025,CUST-11222,google_ads,127.03,West
ORD-101768,05/06/2026,CUST-10739,meta_ads,264.17,Southeast
ORD-100322,04/17/2025,CUST-10404,Meta,198.64,Midwest
ORD-101537,03/07/2026,CUST-10314,google_ads,427.05,Midwest
ORD-101282,12/24/2025,CUST-10054,GOOGLE ADS,104.09,Northeast
ORD-100082,01/31/2025,CUST-10334,Meta,120.05,Midwest
ORD-100512,06/10/2025,CUST-10470,GOOGLE ADS,634.27,Midwest
ORD-101516,03/01/2026,CUST-11011,email_marketing,192.08,Southeast
ORD-101476,02/18/2026,CUST-10040,Organic,511.73,West
ORD-100929,10/05/2025,CUST-10271,Affiliates,166.87,Northeast
ORD-101621,03/30/2026,CUST-10599,Affiliate,260.4,West
ORD-101357,01/08/2026,CUST-10280,Affiliates,263.0,Midwest
ORD-100010,01/06/2025,CUST-10014,FB Ads,222.72,Midwest
ORD-100831,09/09/2025,CUST-10033,GOOGLE ADS,288.27,Southwest
ORD-100032,01/16/2025,CUST-11065,Meta,365.75,West
ORD-101749,05/02/2026,CUST-10829,email_marketing,215.61,West
ORD-100413,05/12/2025,CUST-10524,GOOGLE ADS,213.58,Midwest
ORD-100580,06/29/2025,CUST-10630,google_ads,69.46,Midwest
ORD-101406,01/26/2026,CUST-10411,meta_ads,382.6,Southeast
ORD-101914,06/15/2026,CUST-10374,google_ads,575.63,Midwest
ORD-101563,03/12/2026,CUST-10847,google_ads,398.4,Southeast
ORD-101893,06/11/2026,CUST-11045,Affiliates,102.11,West
ORD-100614,07/09/2025,CUST-10870,Affiliates,224.68,Northeast
ORD-101045,11/04/2025,CUST-11093,meta_ads,93.62,Northeast
ORD-101402,01/25/2026,CUST-11015,GOOGLE ADS,185.81,Southeast
ORD-101014,10/29/2025,CUST-10425,GOOGLE ADS,147.22,Northeast
ORD-100089,02/03/2025,CUST-11107,ORGANIC,151.87,West
ORD-101764,05/05/2026,CUST-10463,E-mail,477.92,Northeast
ORD-100601,07/05/2025,CUST-11009,organic_search,215.53,Southeast
ORD-101237,12/13/2025,CUST-10932,Facebook,157.72,Midwest
ORD-101826,05/24/2026,CUST-10524,Affiliates,188.01,West
ORD-100133,02/16/2025,CUST-10581,GOOGLE ADS,259.96,Southeast
ORD-101370,01/13/2026,CUST-10422,GOOGLE ADS,888.77,Southeast
ORD-100555,06/21/2025,CUST-11026,GoogleAds,349.79,Southwest
ORD-101031,11/01/2025,CUST-10493,GOOGLE ADS,207.75,West
ORD-101556,03/11/2026,CUST-10141,GOOGLE ADS,632.83,Northeast
ORD-100320,04/16/2025,CUST-11092,Affiliates,329.22,Southeast
ORD-101759,05/04/2026,CUST-11089,Google Ads,234.54,Southwest
ORD-101211,12/07/2025,CUST-11242,Google Ads,181.0,Southwest
ORD-101726,04/27/2026,CUST-10483,GOOGLE ADS,239.95,Southeast
ORD-100634,07/18/2025,CUST-10342,Google Ads,442.16,Northeast
ORD-100552,06/20/2025,CUST-10864,Google Ads,233.98,Southwest
ORD-101328,12/31/2025,CUST-10413,GoogleAds,113.35,Northeast
ORD-101055,11/06/2025,CUST-10137,GoogleAds,174.86,West
ORD-101549,03/10/2026,CUST-10384,Google Ads,306.24,Southwest
ORD-100796,09/01/2025,CUST-10581,Facebook,103.6,West
ORD-101651,04/05/2026,CUST-10540,Google Ads,172.35,Northeast
ORD-101264,12/18/2025,CUST-11235,Google Ads,167.22,Midwest
ORD-101700,04/20/2026,CUST-11296,Email,248.96,Midwest
ORD-100174,03/02/2025,CUST-10667,affiliate,208.15,West
ORD-100766,08/23/2025,CUST-10797,Meta,128.71,Southwest
ORD-100245,03/25/2025,CUST-10814,GOOGLE ADS,218.75,Southeast
ORD-101080,11/11/2025,CUST-10930,Facebook,702.73,Midwest
ORD-101725,04/27/2026,CUST-11104,email_marketing,183.19,Northeast
ORD-100145,02/19/2025,CUST-11059,Affiliate,162.08,Southeast
ORD-100090,02/04/2025,CUST-10119,AFFILIATE,321.09,Southwest
ORD-101416,01/31/2026,CUST-10392,google_ads,233.8,Southeast
ORD-100682,07/28/2025,CUST-10820,google_ads,456.64,Midwest
ORD-100310,04/12/2025,CUST-10556,GoogleAds,285.1,Midwest
ORD-101383,01/19/2026,CUST-11285,AFFILIATE,289.73,
ORD-100093,02/05/2025,CUST-11065,Meta,494.1,West
ORD-101558,03/11/2026,CUST-10219,meta_ads,175.7,Midwest
ORD-100924,10/04/2025,CUST-10619,Organic,611.55,West
ORD-101675,04/13/2026,CUST-10870,Google Ads,250.05,West
ORD-101035,11/02/2025,CUST-10667,email_marketing,189.26,Southeast
ORD-101400,01/24/2026,CUST-10552,FB Ads,126.5,Midwest
ORD-100243,03/25/2025,CUST-10972,E-mail,400.49,West
ORD-101111,11/18/2025,CUST-10210,Facebook,308.87,Midwest
ORD-100214,03/17/2025,CUST-10711,GoogleAds,435.2,West
ORD-101395,01/23/2026,CUST-10720,google_ads,92.98,Southeast
ORD-101197,12/03/2025,CUST-11291,Facebook,244.29,West
ORD-100998,10/23/2025,CUST-10747,GoogleAds,224.84,Midwest
ORD-100853,09/15/2025,CUST-10959,GoogleAds,320.27,
ORD-100425,05/16/2025,CUST-10564,EMAIL,411.57,Northeast
ORD-101751,05/02/2026,CUST-10565,GoogleAds,379.6,Southeast
ORD-101142,11/23/2025,CUST-11064,Facebook,168.81,Midwest
ORD-101143,11/24/2025,CUST-10169,GOOGLE ADS,162.61,West
ORD-100226,03/21/2025,CUST-11157,Organic Search,192.63,Southeast
ORD-101616,03/28/2026,CUST-10902,E-mail,712.29,Southwest
ORD-100000,01/01/2025,CUST-10410,affiliate,117.85,Northeast
ORD-101418,01/31/2026,CUST-11296,FB Ads,240.15,West
ORD-100401,05/10/2025,CUST-10547,GOOGLE ADS,82.23,West
ORD-101428,02/04/2026,CUST-10865,Meta,134.95,Northeast
ORD-101103,11/17/2025,CUST-10898,GOOGLE ADS,346.45,West
ORD-100084,02/02/2025,CUST-10869,meta_ads,223.42,West
ORD-100162,02/25/2025,CUST-11078,GOOGLE ADS,168.25,West
ORD-100114,02/10/2025,CUST-10814,Facebook,384.16,Northeast
ORD-100670,07/25/2025,CUST-11099,Email,170.41,Midwest
ORD-101174,11/30/2025,CUST-10959,Google Ads,167.27,
ORD-101518,03/02/2026,CUST-10970,E-mail,444.72,Midwest
ORD-101508,02/28/2026,CUST-10613,Meta,255.53,
ORD-101392,01/22/2026,CUST-11130,Facebook,142.09,West
ORD-100889,09/25/2025,CUST-10697,FB Ads,286.6,West
ORD-101501,02/25/2026,CUST-10658,GOOGLE ADS,413.45,Southwest
ORD-100625,07/16/2025,CUST-10991,GOOGLE ADS,143.4,West
ORD-101947,06/24/2026,CUST-11144,google_ads,259.7,
ORD-100952,10/11/2025,CUST-10727,GoogleAds,301.04,Southeast
ORD-100807,09/02/2025,CUST-11269,Google Ads,179.52,West
ORD-100258,03/28/2025,CUST-10030,GOOGLE ADS,235.4,
ORD-100624,07/14/2025,CUST-10338,Google Ads,145.58,Southwest
ORD-100826,09/07/2025,CUST-10001,Email,433.76,Southwest
ORD-100234,03/22/2025,CUST-10959,AFFILIATE,190.56,Midwest
ORD-100135,02/17/2025,CUST-10866,meta_ads,422.52,Southeast
ORD-100616,07/10/2025,CUST-10030,FB Ads,204.0,West
ORD-101948,06/24/2026,CUST-10885,E-mail,423.98,Southeast
ORD-100836,09/11/2025,CUST-10110,Organic,252.98,Northeast
ORD-100842,09/13/2025,CUST-10076,google_ads,156.3,West
ORD-100959,10/13/2025,CUST-10531,FB Ads,177.77,Southeast
ORD-100592,07/03/2025,CUST-10726,meta_ads,160.52,Midwest
ORD-101314,12/30/2025,CUST-10994,ORGANIC,268.24,Southeast
ORD-101525,03/04/2026,CUST-10472,GOOGLE ADS,177.04,West
ORD-101291,12/26/2025,CUST-10864,Google Ads,353.36,Northeast
ORD-100343,04/22/2025,CUST-10333,Organic Search,503.48,Midwest
ORD-100853,09/15/2025,CUST-10959,Google Ads,326.26,
ORD-101566,03/13/2026,CUST-10477,Facebook,440.25,Northeast
ORD-100293,04/08/2025,CUST-11282,Google Ads,315.04,Northeast
ORD-100364,04/29/2025,CUST-10180,AFFILIATE,121.41,Southeast
ORD-100178,03/05/2025,CUST-10835,google_ads,120.31,Northeast
ORD-100659,07/23/2025,CUST-10495,Organic Search,267.53,West
ORD-100996,10/23/2025,CUST-10536,Facebook,103.61,Northeast
ORD-100014,01/09/2025,CUST-10744,meta_ads,525.89,Southwest
ORD-101110,11/18/2025,CUST-10262,google_ads,698.7,Northeast
ORD-101394,01/23/2026,CUST-10304,google_ads,268.8,Southwest
ORD-100165,02/26/2025,CUST-10309,GOOGLE ADS,149.03,West
ORD-101868,06/04/2026,CUST-11140,meta_ads,412.99,Midwest
ORD-101359,01/09/2026,CUST-10330,FB Ads,331.76,West
ORD-100059,01/23/2025,CUST-10335,Google Ads,289.54,Southeast
ORD-100709,08/04/2025,CUST-10382,google_ads,329.99,West
ORD-100676,07/28/2025,CUST-10094,Affiliates,177.82,Northeast
ORD-101378,01/16/2026,CUST-10757,GOOGLE ADS,160.04,Southeast
ORD-100780,08/25/2025,CUST-11287,Google Ads,931.5,Northeast
ORD-100424,05/15/2025,CUST-10862,Organic,145.4,Southeast
ORD-100292,04/08/2025,CUST-10577,meta_ads,104.67,West
ORD-101065,11/09/2025,CUST-10216,EMAIL,902.85,Southeast
ORD-101780,05/11/2026,CUST-10310,FB Ads,180.21,Northeast
ORD-100329,04/18/2025,CUST-10219,Affiliate,102.11,Northeast
ORD-100429,05/17/2025,CUST-11130,meta_ads,72.29,
ORD-101012,10/29/2025,CUST-10789,Affiliates,97.69,Midwest
ORD-100079,01/30/2025,CUST-10523,GOOGLE ADS,300.27,Southeast
ORD-101052,11/06/2025,CUST-10265,meta_ads,165.47,West
ORD-100937,10/07/2025,CUST-10499,Affiliates,318.46,Southeast
ORD-100834,09/09/2025,CUST-10332,Email,383.91,Southeast
ORD-100749,08/19/2025,CUST-10729,Facebook,142.21,West
ORD-100890,09/25/2025,CUST-10827,organic_search,408.56,West
ORD-100254,03/27/2025,CUST-11069,FB Ads,199.42,Northeast
ORD-101723,04/25/2026,CUST-10423,meta_ads,279.4,West
ORD-101482,02/21/2026,CUST-10901,GoogleAds,221.03,Southeast
ORD-101945,06/23/2026,CUST-11252,GoogleAds,378.41,Northeast
ORD-101407,01/27/2026,CUST-10798,meta_ads,243.32,Southeast
ORD-101337,01/03/2026,CUST-10377,EMAIL,316.49,Midwest
ORD-101108,11/18/2025,CUST-10530,affiliate,137.63,West
ORD-100136,02/17/2025,CUST-10780,meta_ads,485.84,West
ORD-101135,11/22/2025,CUST-10294,EMAIL,297.48,Midwest
ORD-101218,12/09/2025,CUST-10007,E-mail,267.65,Northeast
ORD-100852,09/15/2025,CUST-10499,meta_ads,458.43,Northeast
ORD-101202,12/05/2025,CUST-10130,Google Ads,321.23,Southwest
ORD-100723,08/10/2025,CUST-10453,Meta,244.72,Northeast
ORD-100859,09/17/2025,CUST-10936,GOOGLE ADS,134.01,Northeast
ORD-100969,10/15/2025,CUST-10881,ORGANIC,399.1,Northeast
ORD-100496,06/04/2025,CUST-10525,google_ads,261.28,West
ORD-100950,10/10/2025,CUST-11163,google_ads,693.85,Southeast
ORD-100805,09/02/2025,CUST-10871,google_ads,365.93,Midwest
ORD-100129,02/16/2025,CUST-10346,Google Ads,189.53,West
ORD-100337,04/21/2025,CUST-10836,GoogleAds,137.3,Southwest
ORD-100307,04/11/2025,CUST-10785,organic_search,284.73,Southwest
ORD-100608,07/08/2025,CUST-10318,Google Ads,428.74,Northeast
ORD-101148,11/25/2025,CUST-10328,affiliate,232.79,Southwest
ORD-100195,03/13/2025,CUST-10210,GOOGLE ADS,144.78,Southwest
ORD-101250,12/16/2025,CUST-10332,Google Ads,314.22,Northeast
ORD-101292,12/26/2025,CUST-10298,GOOGLE ADS,1051.32,Southeast
ORD-101476,02/18/2026,CUST-10040,organic_search,540.49,West
ORD-100909,09/30/2025,CUST-10529,Google Ads,299.34,Southeast
ORD-100584,06/30/2025,CUST-10854,google_ads,505.2,Midwest
ORD-100103,02/06/2025,CUST-10708,GOOGLE ADS,220.03,Northeast
ORD-101838,05/28/2026,CUST-10631,affiliate,116.61,Northeast
ORD-101856,06/02/2026,CUST-10235,Email,181.91,Midwest
ORD-100719,08/08/2025,CUST-10591,GoogleAds,239.48,Northeast
ORD-100884,09/22/2025,CUST-10716,GOOGLE ADS,214.22,Northeast
ORD-100776,08/25/2025,CUST-10271,Meta,461.1,
ORD-101569,03/15/2026,CUST-10562,meta_ads,580.93,Midwest
ORD-100849,09/14/2025,CUST-10335,GoogleAds,292.34,West
ORD-100894,09/26/2025,CUST-10199,EMAIL,234.21,Northeast
ORD-100227,03/21/2025,CUST-10655,meta_ads,101.17,Southeast
ORD-101870,06/04/2026,CUST-10397,meta_ads,325.78,Southeast
ORD-101325,12/31/2025,CUST-10716,Affiliates,390.36,Midwest
ORD-101299,12/27/2025,CUST-10161,GoogleAds,172.58,West
ORD-100126,02/13/2025,CUST-10435,meta_ads,176.78,Midwest
ORD-100405,05/11/2025,CUST-11094,EMAIL,565.91,Southeast
ORD-100775,08/25/2025,CUST-10435,google_ads,127.49,West
ORD-100821,09/06/2025,CUST-10713,Affiliate,179.12,Northeast
ORD-100711,08/07/2025,CUST-10703,organic_search,608.18,West
ORD-101878,06/07/2026,CUST-10272,email_marketing,424.69,Southeast
ORD-101060,11/08/2025,CUST-10605,google_ads,412.81,West
ORD-101163,11/27/2025,CUST-11202,Meta,264.08,West
ORD-100303,04/11/2025,CUST-11157,Affiliate,271.63,Midwest
ORD-100267,03/30/2025,CUST-10398,Facebook,143.87,Northeast
ORD-101557,03/11/2026,CUST-10240,FB Ads,346.4,West
ORD-100545,06/18/2025,CUST-10119,Google Ads,240.76,Midwest
ORD-100212,03/17/2025,CUST-11083,FB Ads,95.51,
ORD-100896,09/27/2025,CUST-10311,Google Ads,203.68,West
ORD-101492,02/23/2026,CUST-10448,Google Ads,281.78,West
ORD-101222,12/10/2025,CUST-10172,GOOGLE ADS,159.55,Southeast
ORD-100916,10/01/2025,CUST-10319,FB Ads,248.36,West
ORD-101551,03/10/2026,CUST-10730,GOOGLE ADS,207.38,Northeast
ORD-100675,07/27/2025,CUST-11076,FB Ads,139.21,Southeast
ORD-101289,12/25/2025,CUST-10383,GOOGLE ADS,474.83,Midwest
ORD-100814,09/04/2025,CUST-10271,GOOGLE ADS,290.34,Northeast
ORD-101265,12/19/2025,CUST-11127,AFFILIATE,213.8,Southwest
ORD-100342,04/22/2025,CUST-10638,affiliate,338.6,Southeast
ORD-100549,06/19/2025,CUST-10456,Email,542.53,Northeast
ORD-101410,01/27/2026,CUST-10922,E-mail,168.2,Midwest
ORD-101214,12/08/2025,CUST-10283,GOOGLE ADS,723.42,Northeast
ORD-100966,10/15/2025,CUST-10093,FB Ads,131.66,Northeast
ORD-101230,12/12/2025,CUST-10492,Google Ads,255.2,West
ORD-100295,04/09/2025,CUST-10789,google_ads,238.16,Southeast
ORD-100695,08/01/2025,CUST-10228,affiliate,79.73,West
ORD-101452,02/11/2026,CUST-10001,Meta,178.7,West
ORD-100073,01/28/2025,CUST-10497,meta_ads,256.06,Southeast
ORD-100605,07/06/2025,CUST-10668,google_ads,207.19,Southeast
ORD-100104,02/07/2025,CUST-10082,organic_search,491.83,Northeast
ORD-100645,07/20/2025,CUST-10632,GOOGLE ADS,239.96,West
ORD-101404,01/26/2026,CUST-10271,google_ads,304.54,West
ORD-101952,06/25/2026,CUST-10510,GoogleAds,85.79,Southeast
ORD-101040,11/03/2025,CUST-11124,email_marketing,127.48,Northeast
ORD-100439,05/20/2025,CUST-11043,GoogleAds,239.9,Midwest
ORD-101019,10/30/2025,CUST-11021,E-mail,323.66,Southeast
ORD-100091,02/04/2025,CUST-10053,organic_search,279.36,Southeast
ORD-101112,11/19/2025,CUST-11241,GoogleAds,162.76,Southwest
ORD-101746,05/02/2026,CUST-11091,Google Ads,353.01,Northeast
ORD-100908,09/30/2025,CUST-10099,Affiliate,340.55,Southwest
ORD-101474,02/18/2026,CUST-10289,GoogleAds,280.29,Southwest
ORD-100102,02/06/2025,CUST-10693,Affiliate,294.58,Midwest
ORD-100238,03/23/2025,CUST-11171,Google Ads,864.12,Southeast
ORD-101808,05/18/2026,CUST-10886,Meta,251.44,West
ORD-100942,10/09/2025,CUST-10139,google_ads,175.11,West
ORD-101270,12/21/2025,CUST-10645,AFFILIATE,138.32,Southeast
ORD-100938,10/07/2025,CUST-10181,ORGANIC,215.44,Northeast
ORD-101684,04/16/2026,CUST-10443,Facebook,297.88,Northeast
ORD-101181,12/01/2025,CUST-10466,GoogleAds,315.41,Southeast
ORD-101503,02/26/2026,CUST-10365,GoogleAds,173.51,Northeast
ORD-100005,01/04/2025,CUST-10202,Google Ads,857.6,Southwest
ORD-101806,05/18/2026,CUST-10021,google_ads,152.91,West
ORD-100965,10/15/2025,CUST-10098,E-mail,156.8,Southwest
ORD-100018,01/10/2025,CUST-10424,GOOGLE ADS,189.26,West
ORD-101430,02/04/2026,CUST-11245,Facebook,396.89,Northeast
ORD-100121,02/12/2025,CUST-10873,Google Ads,686.69,Southeast
ORD-100661,07/23/2025,CUST-10380,ORGANIC,448.98,Northeast
ORD-101674,04/13/2026,CUST-10422,EMAIL,892.51,Northeast
ORD-100274,04/02/2025,CUST-11133,email_marketing,562.69,Northeast
ORD-100433,05/17/2025,CUST-10318,meta_ads,999.96,West
ORD-100811,09/03/2025,CUST-11142,Meta,607.68,Northeast
ORD-101300,12/27/2025,CUST-10637,GoogleAds,469.8,Northeast
ORD-101335,01/03/2026,CUST-10036,GOOGLE ADS,440.21,West
ORD-101857,06/02/2026,CUST-10188,FB Ads,167.26,West
ORD-101880,06/08/2026,CUST-11183,meta_ads,143.93,Southwest
ORD-101570,03/15/2026,CUST-10477,meta_ads,52.91,Midwest
ORD-100181,03/07/2025,CUST-10979,meta_ads,110.23,West
ORD-100184,03/07/2025,CUST-10076,email_marketing,147.49,Northeast
ORD-100406,05/11/2025,CUST-10962,google_ads,243.59,Northeast
ORD-100865,09/19/2025,CUST-10344,GoogleAds,276.63,Midwest
ORD-101630,04/01/2026,CUST-10693,FB Ads,409.77,Southeast
ORD-100520,06/12/2025,CUST-10425,FB Ads,231.48,Midwest
ORD-101003,10/26/2025,CUST-10900,GoogleAds,368.38,Southwest
ORD-100380,05/04/2025,CUST-10538,FB Ads,79.91,Northeast
ORD-101434,02/05/2026,CUST-10326,GOOGLE ADS,288.94,West
ORD-101658,04/08/2026,CUST-10033,meta_ads,114.93,West
ORD-101393,01/23/2026,CUST-10165,GoogleAds,104.5,Northeast
ORD-101424,02/02/2026,CUST-10647,Google Ads,399.63,Northeast
ORD-101612,03/28/2026,CUST-11160,Facebook,280.45,Southwest
ORD-100427,05/16/2025,CUST-11051,Organic Search,248.55,Southeast
ORD-100078,01/30/2025,CUST-11226,ORGANIC,158.4,Midwest
ORD-101597,03/22/2026,CUST-10744,Affiliate,183.69,Northeast
ORD-101009,10/27/2025,CUST-10181,Facebook,907.35,Northeast
ORD-100208,03/16/2025,CUST-11033,Google Ads,246.77,
ORD-101661,04/08/2026,CUST-11069,google_ads,284.13,Southwest
ORD-100607,07/07/2025,CUST-10608,E-mail,362.02,Northeast
ORD-101774,05/09/2026,CUST-10579,FB Ads,231.22,Northeast
ORD-100693,07/31/2025,CUST-10923,google_ads,776.65,Southeast
ORD-101813,05/20/2026,CUST-10200,FB Ads,440.71,Southeast
ORD-101057,11/06/2025,CUST-10350,E-mail,191.04,West
ORD-101440,02/07/2026,CUST-10322,FB Ads,141.71,Southeast
ORD-101514,03/01/2026,CUST-10747,google_ads,138.82,West
ORD-101585,03/18/2026,CUST-10795,GOOGLE ADS,188.96,Southeast
ORD-101091,11/13/2025,CUST-10853,GOOGLE ADS,177.83,Southeast
ORD-101560,03/11/2026,CUST-10238,GOOGLE ADS,395.36,Southeast
ORD-101101,11/17/2025,CUST-10522,GOOGLE ADS,162.44,West
ORD-101129,11/21/2025,CUST-10823,EMAIL,192.95,
ORD-101235,12/13/2025,CUST-10304,meta_ads,508.24,Northeast
ORD-101756,05/03/2026,CUST-11196,Affiliate,248.54,Midwest
ORD-100958,10/12/2025,CUST-10413,Facebook,583.8,Northeast
ORD-101662,04/09/2026,CUST-10047,GOOGLE ADS,637.12,Northeast
ORD-100559,06/22/2025,CUST-10928,Google Ads,106.66,Southeast
ORD-100846,09/14/2025,CUST-10917,email_marketing,554.64,West
ORD-100690,07/31/2025,CUST-10863,Facebook,228.26,Northeast
ORD-101519,03/03/2026,CUST-10515,GOOGLE ADS,335.1,Southwest
ORD-101927,06/17/2026,CUST-10085,organic_search,427.37,West
ORD-101855,06/01/2026,CUST-10004,GoogleAds,115.89,Midwest
ORD-100436,05/18/2025,CUST-10283,Google Ads,317.78,West
ORD-100490,06/02/2025,CUST-11056,GOOGLE ADS,452.09,West
ORD-101327,12/31/2025,CUST-10856,Facebook,258.55,Midwest
ORD-101828,05/25/2026,CUST-10363,GOOGLE ADS,451.26,West
ORD-101629,04/01/2026,CUST-10021,FB Ads,257.21,Southwest
ORD-101387,01/21/2026,CUST-11175,Facebook,153.01,West
ORD-100069,01/28/2025,CUST-11072,Affiliates,331.51,West
ORD-101572,03/15/2026,CUST-11158,Google Ads,288.5,Southwest
ORD-100808,09/02/2025,CUST-10736,Organic Search,219.99,Northeast
ORD-101184,12/02/2025,CUST-11157,Google Ads,120.99,West
ORD-100011,01/06/2025,CUST-11068,Facebook,152.15,Southeast
ORD-100144,02/19/2025,CUST-10887,Email,144.27,Midwest
ORD-100917,10/02/2025,CUST-11035,meta_ads,308.6,Southeast
ORD-101541,03/08/2026,CUST-10271,GoogleAds,163.0,Northeast
ORD-101451,02/11/2026,CUST-11217,FB Ads,279.53,Northeast
ORD-100639,07/19/2025,CUST-10709,Organic Search,461.58,Northeast
ORD-100176,03/03/2025,CUST-10276,Google Ads,218.37,West
ORD-100994,10/23/2025,CUST-10400,Meta,352.76,West
ORD-100440,05/20/2025,CUST-10513,GOOGLE ADS,295.35,West
ORD-100521,06/12/2025,CUST-10547,Organic Search,239.32,Midwest
ORD-101645,04/03/2026,CUST-10015,email_marketing,262.05,Southwest
ORD-101931,06/19/2026,CUST-10207,Organic Search,323.14,Northeast
ORD-101712,04/22/2026,CUST-10238,Google Ads,335.97,Northeast
ORD-101004,10/26/2025,CUST-10921,google_ads,205.85,Midwest
ORD-101255,12/17/2025,CUST-10701,E-mail,398.51,Northeast
ORD-101234,12/13/2025,CUST-11092,Meta,130.62,Northeast
ORD-101664,04/10/2026,CUST-10228,Organic,157.29,Southwest
ORD-100143,02/19/2025,CUST-11134,Facebook,188.42,Northeast
ORD-100753,08/20/2025,CUST-10796,GOOGLE ADS,230.18,Southeast
ORD-100519,06/12/2025,CUST-10729,Google Ads,210.08,Southeast
ORD-100879,09/21/2025,CUST-10783,Facebook,224.85,Northeast
ORD-101322,12/30/2025,CUST-10361,Facebook,180.28,West
ORD-100822,09/06/2025,CUST-10991,Google Ads,91.48,Northeast
ORD-100428,05/16/2025,CUST-10458,EMAIL,253.55,West
ORD-100612,07/09/2025,CUST-10102,Affiliates,164.25,
ORD-101505,02/27/2026,CUST-10393,google_ads,344.37,Midwest
ORD-101032,11/01/2025,CUST-10008,FB Ads,202.76,Southeast
ORD-100156,02/23/2025,CUST-11021,organic_search,157.62,Southeast
ORD-100539,06/17/2025,CUST-10407,Google Ads,409.14,Midwest
ORD-101530,03/06/2026,CUST-11151,GoogleAds,439.5,Southeast
ORD-101460,02/14/2026,CUST-10565,Google Ads,483.69,Northeast
ORD-101290,12/26/2025,CUST-10057,Facebook,150.72,Southwest
ORD-100461,05/27/2025,CUST-10814,Google Ads,293.54,Southeast
ORD-100576,06/28/2025,CUST-11264,Facebook,350.62,Southeast
ORD-101362,01/10/2026,CUST-10343,google_ads,529.63,Northeast
ORD-100255,03/28/2025,CUST-10322,meta_ads,41.9,Southeast
ORD-100979,10/18/2025,CUST-10493,Meta,342.99,Northeast
ORD-101185,12/02/2025,CUST-11145,Google Ads,498.47,Midwest
ORD-101006,10/26/2025,CUST-10067,Facebook,165.41,Northeast
ORD-101521,03/04/2026,CUST-11069,FB Ads,544.19,Southeast
ORD-101689,04/17/2026,CUST-11041,Meta,275.2,West
ORD-100560,06/23/2025,CUST-10432,meta_ads,165.05,
ORD-100208,03/16/2025,CUST-11033,Google Ads,238.39,
ORD-100910,09/30/2025,CUST-10406,GoogleAds,127.62,Northeast
ORD-101311,12/29/2025,CUST-10579,google_ads,209.71,Midwest
ORD-100001,01/02/2025,CUST-10934,affiliate,389.23,Northeast
ORD-101365,01/11/2026,CUST-10834,meta_ads,291.03,Northeast
ORD-100269,04/01/2025,CUST-10185,Google Ads,232.28,Midwest
ORD-100265,03/30/2025,CUST-10705,google_ads,276.25,Northeast
ORD-100914,10/01/2025,CUST-10030,google_ads,256.1,Southeast
ORD-100230,03/22/2025,CUST-11254,Meta,229.59,West
ORD-101286,12/25/2025,CUST-10309,google_ads,237.77,Midwest
ORD-101119,11/20/2025,CUST-10169,Organic,739.42,Northeast
ORD-101958,06/30/2026,CUST-10295,email_marketing,147.8,West
ORD-100864,09/19/2025,CUST-10468,Organic Search,269.8,
ORD-101066,11/09/2025,CUST-10283,EMAIL,307.29,Northeast
ORD-100873,09/20/2025,CUST-10680,GoogleAds,143.4,Northeast
ORD-101785,05/13/2026,CUST-10423,affiliate,507.38,West
ORD-100398,05/08/2025,CUST-10137,GOOGLE ADS,243.98,West
ORD-101816,05/20/2026,CUST-10741,GOOGLE ADS,367.46,Midwest
ORD-101652,04/06/2026,CUST-10869,AFFILIATE,185.51,West
ORD-100045,01/21/2025,CUST-10716,GoogleAds,174.36,Southeast
ORD-100161,02/24/2025,CUST-10936,Affiliates,79.25,West
ORD-100991,10/21/2025,CUST-10696,GOOGLE ADS,133.71,West
ORD-100727,08/11/2025,CUST-10818,Affiliate,113.28,West
ORD-100629,07/17/2025,CUST-10273,GOOGLE ADS,122.84,Midwest
ORD-100288,04/07/2025,CUST-10679,GOOGLE ADS,256.04,Southeast
ORD-101613,03/28/2026,CUST-11041,meta_ads,167.35,Southwest
ORD-101059,11/08/2025,CUST-10007,GoogleAds,356.15,Northeast
ORD-101942,06/23/2026,CUST-10271,GOOGLE ADS,90.48,Southwest
ORD-100575,06/28/2025,CUST-11065,Meta,218.27,Midwest
ORD-100850,09/14/2025,CUST-10058,affiliate,482.48,West
ORD-101339,01/03/2026,CUST-10385,Organic Search,326.83,Southwest
ORD-100911,09/30/2025,CUST-10938,Meta,374.5,Southeast
ORD-101254,12/17/2025,CUST-10013,google_ads,257.83,Northeast
ORD-101722,04/25/2026,CUST-10971,google_ads,164.15,Northeast
ORD-101809,05/19/2026,CUST-10841,EMAIL,222.29,Midwest
ORD-101735,04/29/2026,CUST-10405,affiliate,330.53,West
ORD-100932,10/05/2025,CUST-10726,Organic,218.72,Northeast
ORD-101100,11/16/2025,CUST-10539,Google Ads,99.02,Southeast
ORD-101657,04/07/2026,CUST-10521,affiliate,278.63,Southwest
ORD-101207,12/06/2025,CUST-10085,GoogleAds,230.56,Northeast
ORD-100247,03/26/2025,CUST-10462,google_ads,420.45,West
ORD-100476,05/30/2025,CUST-10293,ORGANIC,110.29,West
ORD-101694,04/18/2026,CUST-10889,Google Ads,632.88,Northeast
ORD-100085,02/02/2025,CUST-10700,Affiliates,257.63,Midwest
ORD-100469,05/29/2025,CUST-10942,GOOGLE ADS,165.21,Northeast
ORD-100225,03/20/2025,CUST-10087,FB Ads,288.67,West
ORD-100774,08/25/2025,CUST-10373,Affiliates,203.14,Northeast
ORD-100331,04/19/2025,CUST-10876,EMAIL,147.45,Northeast
ORD-100233,03/22/2025,CUST-10165,Google Ads,518.91,West
ORD-100588,07/02/2025,CUST-10919,GOOGLE ADS,604.93,West
ORD-100475,05/30/2025,CUST-10818,google_ads,274.59,Southeast
ORD-101284,12/25/2025,CUST-11031,FB Ads,182.2,Southwest
ORD-101858,06/02/2026,CUST-10188,Affiliates,141.98,Southeast
ORD-100599,07/05/2025,CUST-10709,Affiliate,290.24,Northeast
ORD-100421,05/14/2025,CUST-10307,GoogleAds,859.12,Northeast
ORD-101711,04/22/2026,CUST-11068,GOOGLE ADS,117.76,West
ORD-100182,03/07/2025,CUST-10687,Facebook,349.32,Northeast
ORD-100988,10/20/2025,CUST-10973,E-mail,652.04,West
ORD-101000,10/24/2025,CUST-11124,GoogleAds,192.68,West
ORD-101641,04/02/2026,CUST-10572,affiliate,76.62,West
ORD-101356,01/08/2026,CUST-11057,Email,114.08,Midwest
ORD-101462,02/15/2026,CUST-10383,GOOGLE ADS,273.2,West
ORD-100049,01/21/2025,CUST-10276,meta_ads,363.79,Northeast
ORD-101907,06/14/2026,CUST-11101,AFFILIATE,241.4,Southeast
ORD-101029,11/01/2025,CUST-10099,Facebook,234.55,Southeast
ORD-100529,06/15/2025,CUST-10905,EMAIL,274.3,Southeast
ORD-101258,12/17/2025,CUST-11104,GoogleAds,263.95,Southeast
ORD-100486,06/01/2025,CUST-10395,Google Ads,344.27,Midwest
ORD-101940,06/22/2026,CUST-10145,GOOGLE ADS,354.99,
ORD-100497,06/04/2025,CUST-11126,GoogleAds,370.44,Midwest
ORD-101646,04/03/2026,CUST-10968,meta_ads,310.28,West
ORD-100106,02/08/2025,CUST-10706,Email,208.05,Midwest
ORD-100443,05/21/2025,CUST-10744,Google Ads,431.32,West
ORD-101512,03/01/2026,CUST-10025,Google Ads,169.97,West
ORD-100646,07/20/2025,CUST-10233,google_ads,357.96,Midwest
ORD-101036,11/02/2025,CUST-10547,GOOGLE ADS,242.5,Midwest
ORD-101762,05/04/2026,CUST-10182,google_ads,321.85,Midwest
ORD-100726,08/10/2025,CUST-10920,GoogleAds,205.37,West
ORD-100190,03/10/2025,CUST-10209,Meta,425.93,Northeast
ORD-101788,05/13/2026,CUST-11155,FB Ads,166.31,Midwest
ORD-100282,04/05/2025,CUST-11053,meta_ads,212.45,Northeast
ORD-100029,01/15/2025,CUST-10551,Google Ads,504.29,West
ORD-100169,03/01/2025,CUST-10210,Facebook,102.89,West
ORD-101001,10/25/2025,CUST-11158,GOOGLE ADS,440.66,West
ORD-101204,12/06/2025,CUST-10324,GoogleAds,214.22,Northeast
ORD-100100,02/06/2025,CUST-10502,Google Ads,722.34,Midwest
ORD-100197,03/13/2025,CUST-10153,GoogleAds,457.77,Northeast
ORD-100495,06/04/2025,CUST-10124,Google Ads,217.54,Southeast
ORD-101745,05/01/2026,CUST-10856,google_ads,344.19,West
ORD-100647,07/20/2025,CUST-11224,GOOGLE ADS,139.02,Southeast
ORD-100987,10/20/2025,CUST-10514,Meta,280.92,Northeast
ORD-100044,01/21/2025,CUST-10799,organic_search,166.23,Northeast
ORD-101924,06/16/2026,CUST-10780,Email,605.85,Southeast
ORD-100710,08/04/2025,CUST-10312,ORGANIC,359.22,West
ORD-100373,05/01/2025,CUST-10907,Meta,197.13,West
ORD-100678,07/28/2025,CUST-10376,EMAIL,199.32,Southeast
ORD-100566,06/25/2025,CUST-10616,Google Ads,474.71,Southeast
ORD-101672,04/11/2026,CUST-11201,AFFILIATE,496.56,Northeast
ORD-101821,05/22/2026,CUST-10490,EMAIL,153.42,West
ORD-100847,09/14/2025,CUST-10035,GOOGLE ADS,185.25,West
ORD-100460,05/26/2025,CUST-10813,google_ads,506.08,Southeast
ORD-101437,02/06/2026,CUST-10162,Organic,126.2,West
ORD-101155,11/26/2025,CUST-10081,Meta,127.11,West
ORD-100039,01/20/2025,CUST-10536,Email,608.71,West
ORD-100434,05/18/2025,CUST-10326,Google Ads,355.05,Northeast
ORD-100973,10/16/2025,CUST-11035,Organic,324.6,Midwest
ORD-101239,12/14/2025,CUST-10053,AFFILIATE,556.7,West
ORD-101007,10/27/2025,CUST-10579,Affiliates,154.26,Southwest
ORD-101579,03/17/2026,CUST-10313,meta_ads,89.74,Southeast
ORD-101590,03/20/2026,CUST-10708,GOOGLE ADS,222.13,Midwest
ORD-101786,05/13/2026,CUST-10404,Facebook,351.28,Northeast
ORD-101498,02/25/2026,CUST-10150,meta_ads,366.39,West
ORD-100456,05/26/2025,CUST-10602,google_ads,260.55,West
ORD-101835,05/27/2026,CUST-10359,meta_ads,140.71,West
ORD-100260,03/29/2025,CUST-10647,ORGANIC,536.57,Midwest
ORD-101840,05/28/2026,CUST-10197,meta_ads,411.39,Midwest
ORD-100035,01/19/2025,CUST-10105,GOOGLE ADS,273.81,West
ORD-100827,09/07/2025,CUST-10238,Affiliate,123.41,Northeast
ORD-100309,04/12/2025,CUST-10571,GoogleAds,214.3,Midwest
ORD-100276,04/03/2025,CUST-10384,Email,311.34,Northeast
ORD-100636,07/18/2025,CUST-10348,GOOGLE ADS,378.57,Midwest
ORD-100654,07/22/2025,CUST-10217,GoogleAds,361.92,Southeast
ORD-100622,07/13/2025,CUST-10311,Google Ads,94.8,Northeast
ORD-101859,06/03/2026,CUST-10016,meta_ads,314.73,West
ORD-100844,09/14/2025,CUST-10034,GOOGLE ADS,488.71,Midwest
ORD-100393,05/07/2025,CUST-10861,Google Ads,562.33,Southwest
ORD-101769,05/07/2026,CUST-10020,GOOGLE ADS,229.26,Southeast
ORD-100107,02/08/2025,CUST-10804,GOOGLE ADS,106.81,Northeast
ORD-100349,04/23/2025,CUST-10086,GoogleAds,129.37,Northeast
ORD-100524,06/13/2025,CUST-10623,GoogleAds,501.95,Midwest
ORD-100784,08/27/2025,CUST-10978,Google Ads,332.78,Southwest
ORD-100047,01/21/2025,CUST-10927,GoogleAds,387.63,Southwest
ORD-100203,03/15/2025,CUST-11282,Meta,140.36,West
ORD-100011,01/06/2025,CUST-11068,Facebook,146.24,Northeast
ORD-101655,04/07/2026,CUST-10826,E-mail,430.46,West
ORD-100021,01/11/2025,CUST-11205,Google Ads,274.03,Midwest
ORD-100402,05/10/2025,CUST-11294,AFFILIATE,259.46,West
ORD-101107,11/18/2025,CUST-10416,Google Ads,218.99,West
ORD-101154,11/26/2025,CUST-10520,Google Ads,210.29,Midwest
ORD-101439,02/06/2026,CUST-11268,Meta,43.24,Midwest
ORD-100989,10/21/2025,CUST-10076,AFFILIATE,206.98,Northeast
ORD-101865,06/04/2026,CUST-10923,GoogleAds,397.2,West
ORD-100741,08/17/2025,CUST-10395,Facebook,247.6,Southwest
ORD-101721,04/25/2026,CUST-11267,Organic,438.17,Midwest
ORD-101310,12/28/2025,CUST-10507,Organic,151.53,Northeast
ORD-101147,11/24/2025,CUST-10812,Organic,260.08,Midwest
ORD-100033,01/17/2025,CUST-10634,Facebook,241.88,Northeast
ORD-100787,08/28/2025,CUST-11150,google_ads,262.73,Northeast
ORD-101540,03/08/2026,CUST-10376,FB Ads,394.59,Northeast
ORD-100923,10/04/2025,CUST-10341,meta_ads,121.64,West
ORD-101043,11/03/2025,CUST-10021,GOOGLE ADS,604.71,Midwest
ORD-101921,06/16/2026,CUST-11089,GOOGLE ADS,154.86,Midwest
ORD-101243,12/14/2025,CUST-11135,GOOGLE ADS,246.96,Southeast
ORD-101915,06/15/2026,CUST-11010,GOOGLE ADS,255.24,Northeast
ORD-100579,06/29/2025,CUST-10895,GoogleAds,241.28,West
ORD-100481,05/31/2025,CUST-10294,Meta,251.96,West
ORD-100931,10/05/2025,CUST-10854,GOOGLE ADS,915.33,Northeast
ORD-100356,04/26/2025,CUST-10616,Google Ads,373.8,Northeast
ORD-101685,04/16/2026,CUST-10140,google_ads,467.91,Northeast
ORD-101248,12/16/2025,CUST-10122,GOOGLE ADS,499.52,Southeast
ORD-100759,08/21/2025,CUST-10059,FB Ads,378.8,Southwest
ORD-100092,02/04/2025,CUST-10660,GOOGLE ADS,360.07,West
ORD-101175,11/30/2025,CUST-10617,meta_ads,230.71,Southwest
ORD-101415,01/31/2026,CUST-10382,GOOGLE ADS,218.7,Southeast
ORD-101341,01/04/2026,CUST-10522,GoogleAds,502.06,Northeast
ORD-101472,02/17/2026,CUST-10564,Google Ads,766.26,Southwest
ORD-100803,09/01/2025,CUST-11136,GoogleAds,320.49,Southwest
ORD-100745,08/18/2025,CUST-10510,Affiliates,216.57,Southwest
ORD-101546,03/09/2026,CUST-10713,ORGANIC,399.78,Northeast
ORD-100279,04/04/2025,CUST-10798,Google Ads,1271.83,Northeast
ORD-101607,03/26/2026,CUST-10786,ORGANIC,246.71,Northeast
ORD-100764,08/22/2025,CUST-10841,GoogleAds,115.62,Northeast
ORD-100604,07/06/2025,CUST-10722,email_marketing,339.66,Midwest
ORD-100054,01/22/2025,CUST-10001,Google Ads,208.12,Northeast
ORD-101373,01/15/2026,CUST-10376,Organic Search,343.13,West
ORD-101398,01/23/2026,CUST-10394,GoogleAds,150.46,West
ORD-100400,05/09/2025,CUST-10363,Facebook,222.44,Midwest
ORD-101728,04/27/2026,CUST-10059,Affiliates,175.57,West
ORD-100257,03/28/2025,CUST-11298,Google Ads,129.99,Northeast
ORD-100944,10/09/2025,CUST-10792,ORGANIC,429.61,Southeast
ORD-101875,06/07/2026,CUST-10091,GOOGLE ADS,173.91,Northeast
ORD-101096,11/15/2025,CUST-11019,Organic Search,635.79,Midwest
ORD-101219,12/09/2025,CUST-11183,FB Ads,276.46,Midwest
ORD-101507,02/28/2026,CUST-10508,email_marketing,202.69,Southwest
ORD-101879,06/07/2026,CUST-10440,Organic Search,573.12,West
ORD-101161,11/27/2025,CUST-10281,Facebook,512.23,West
ORD-100494,06/04/2025,CUST-10334,Meta,182.61,West
ORD-100772,08/24/2025,CUST-11203,Affiliate,103.85,West
ORD-100550,06/20/2025,CUST-11166,organic_search,648.15,Northeast
ORD-101486,02/22/2026,CUST-10808,Facebook,345.17,West
ORD-100201,03/15/2025,CUST-10428,google_ads,227.1,
ORD-100312,04/13/2025,CUST-10834,AFFILIATE,112.74,Southeast
ORD-100290,04/07/2025,CUST-10030,Facebook,311.64,West
ORD-101213,12/08/2025,CUST-10968,GOOGLE ADS,116.01,West
ORD-100763,08/22/2025,CUST-10306,GOOGLE ADS,148.02,Midwest
ORD-101136,11/23/2025,CUST-11121,google_ads,175.7,West
ORD-100949,10/10/2025,CUST-10178,GoogleAds,209.13,Northeast
ORD-100183,03/07/2025,CUST-11264,meta_ads,293.19,Southeast
ORD-101176,11/30/2025,CUST-10332,AFFILIATE,143.93,West
ORD-101848,05/31/2026,CUST-10145,GoogleAds,57.99,Northeast
ORD-101349,01/06/2026,CUST-10265,GOOGLE ADS,98.16,West
ORD-101727,04/27/2026,CUST-11017,organic_search,602.98,West
ORD-101068,11/09/2025,CUST-10788,GoogleAds,279.51,West
ORD-101468,02/15/2026,CUST-10626,Organic,438.0,Midwest
ORD-101811,05/19/2026,CUST-11124,Affiliate,189.84,Southeast
ORD-101030,11/01/2025,CUST-10076,google_ads,240.86,Southwest
ORD-100250,03/27/2025,CUST-10480,meta_ads,591.38,Northeast
ORD-100823,09/07/2025,CUST-10610,google_ads,212.87,Midwest
ORD-101099,11/15/2025,CUST-10481,GOOGLE ADS,118.96,Southeast
ORD-101536,03/07/2026,CUST-10788,ORGANIC,217.73,West
ORD-100940,10/08/2025,CUST-10021,Google Ads,214.17,Northeast
ORD-100391,05/06/2025,CUST-10713,Facebook,122.16,West
ORD-101919,06/16/2026,CUST-11153,Google Ads,154.84,Southeast
ORD-101456,02/12/2026,CUST-11148,Email,361.77,Southeast
ORD-101092,11/14/2025,CUST-10835,meta_ads,118.11,Southeast
ORD-101191,12/02/2025,CUST-11285,Affiliate,328.43,Northeast
ORD-100904,09/28/2025,CUST-10744,FB Ads,274.67,Northeast
ORD-100730,08/12/2025,CUST-10021,Facebook,240.36,Southeast
ORD-100554,06/20/2025,CUST-10423,affiliate,337.29,Southeast
ORD-100366,04/30/2025,CUST-10768,FB Ads,269.37,Northeast
ORD-100345,04/23/2025,CUST-10553,Meta,135.95,West
ORD-101608,03/27/2026,CUST-11021,GOOGLE ADS,278.03,Midwest
ORD-100535,06/16/2025,CUST-10483,meta_ads,152.28,Southwest
ORD-101422,02/02/2026,CUST-11042,GOOGLE ADS,97.06,Northeast
ORD-101209,12/07/2025,CUST-10082,Affiliates,272.92,Northeast
ORD-101372,01/14/2026,CUST-11245,FB Ads,221.53,Southwest
ORD-101639,04/02/2026,CUST-10813,GOOGLE ADS,192.83,West
ORD-100919,10/02/2025,CUST-10522,GOOGLE ADS,243.05,West
ORD-100211,03/17/2025,CUST-10771,Google Ads,309.23,Northeast
ORD-101603,03/24/2026,CUST-10137,Google Ads,336.84,
ORD-100502,06/08/2025,CUST-11069,Organic Search,593.19,Southeast
ORD-100537,06/17/2025,CUST-10807,FB Ads,197.53,Northeast
ORD-101220,12/10/2025,CUST-10341,google_ads,289.67,Northeast
ORD-100175,03/02/2025,CUST-10220,email_marketing,692.12,Southeast
