session_date,source,sessions,bounce_rate
2025-01-01,google / cpc,22,0.449
2025-01-01,(organic),6,0.47
2025-01-01,(organic),9,0.485
2025-01-01,FB,81,0.627
2025-01-01,klaviyo,7,0.398
2025-01-01,partner-network,14,0.701
2025-01-01,googleads,26,0.446
2025-01-02,facebook / paid,15,0.545
2025-01-02,seo,2,0.458
2025-01-02,email / newsletter,3,0.526
2025-01-02,klaviyo,2,0.416
2025-01-02,google / cpc,24,0.542
2025-01-02,affiliate / partner,15,0.659
2025-01-02,meta / social,12,0.446
2025-01-02,Email,2,0.387
2025-01-02,google / cpc,33,0.469
2025-01-02,organic,2,0.303
2025-01-03,meta / social,18,0.519
2025-01-03,facebook / paid,16,0.635
2025-01-03,google-ads,22,0.58
2025-01-03,email-campaign,6,0.312
2025-01-03,aff,19,0.703
2025-01-03,klaviyo,4,0.381
2025-01-03,meta / social,15,0.507
2025-01-03,google-ads,23,0.486
2025-01-03,seo,10,0.411
2025-01-04,email / newsletter,7,0.554
2025-01-04,fb_paid,51,0.576
2025-01-04,email / newsletter,5,0.395
2025-01-04,google-ads,9,0.521
2025-01-04,adwords,16,0.504
2025-01-04,google / organic,1,0.384
2025-01-04,adwords,19,0.423
2025-01-04,organic,5,0.539
2025-01-04,AFFILIATE,12,0.716
2025-01-05,affiliate / partner,7,0.636
2025-01-05,aff,12,0.701
2025-01-05,organic,6,0.452
2025-01-05,seo,4,0.369
2025-01-05,aff,17,0.512
2025-01-05,klaviyo,12,0.378
2025-01-05,fb_paid,51,0.575
2025-01-05,adwords,27,0.441
2025-01-05,googleads,23,0.508
2025-01-06,google / cpc,15,0.517
2025-01-06,googleads,16,0.505
2025-01-06,AFFILIATE,8,0.609
2025-01-06,facebook / paid,59,0.609
2025-01-06,seo,15,0.343
2025-01-06,seo,8,0.39
2025-01-06,AFFILIATE,13,0.554
2025-01-06,Email,4,0.487
2025-01-06,google-ads,22,0.412
2025-01-06,Email,6,0.53
2025-01-06,affiliate / partner,5,0.531
2025-01-07,google / cpc,29,0.598
2025-01-07,AFFILIATE,10,0.664
2025-01-07,fb_paid,36,0.612
2025-01-07,googleads,19,0.468
2025-01-07,aff,12,0.545
2025-01-07,klaviyo,1,0.439
2025-01-07,fb_paid,27,0.512
2025-01-07,seo,7,0.457
2025-01-07,google / organic,4,0.376
2025-01-07,email / newsletter,2,0.434
2025-01-07,email / newsletter,6,0.371
2025-01-08,facebook / paid,19,0.541
2025-01-08,seo,7,0.507
2025-01-08,AFFILIATE,6,0.608
2025-01-08,aff,6,0.603
2025-01-08,klaviyo,15,0.435
2025-01-08,organic,3,0.344
2025-01-08,partner-network,7,0.595
2025-01-08,google / organic,3,0.345
2025-01-08,facebook / paid,18,0.593
2025-01-08,fb_paid,15,0.63
2025-01-08,adwords,51,0.451
2025-01-09,fb_paid,18,0.597
2025-01-09,organic,2,0.317
2025-01-09,adwords,12,0.52
2025-01-09,adwords,20,0.495
2025-01-09,email / newsletter,11,0.358
2025-01-09,organic,3,0.411
2025-01-09,organic,5,0.407
2025-01-09,AFFILIATE,13,0.656
2025-01-09,facebook / paid,17,0.624
2025-01-10,email / newsletter,2,0.523
2025-01-10,FB,17,0.622
2025-01-10,fb_paid,13,0.643
2025-01-10,(organic),1,0.368
2025-01-10,partner-network,8,0.628
2025-01-10,meta / social,9,0.612
2025-01-10,aff,6,0.551
2025-01-10,adwords,23,0.427
2025-01-10,email-campaign,4,0.393
2025-01-10,(organic),3,0.415
2025-01-10,google-ads,20,0.434
2025-01-11,affiliate / partner,13,0.615
2025-01-11,FB,55,0.594
2025-01-11,googleads,19,0.51
2025-01-11,google-ads,8,0.442
2025-01-11,seo,6,0.427
2025-01-11,email-campaign,3,0.519
2025-01-11,google-ads,12,0.485
2025-01-11,seo,4,0.459
2025-01-11,aff,7,0.651
2025-01-11,klaviyo,5,0.333
2025-01-12,(organic),10,0.411
2025-01-12,affiliate / partner,3,0.687
2025-01-12,Email,7,0.503
2025-01-12,affiliate / partner,6,0.646
2025-01-12,FB,30,0.58
2025-01-12,adwords,24,0.469
2025-01-12,googleads,30,0.572
2025-01-12,meta / social,25,0.507
2025-01-12,aff,8,0.574
2025-01-12,email-campaign,2,0.413
2025-01-12,email-campaign,5,0.437
2025-01-13,adwords,23,0.502
2025-01-13,fb_paid,12,0.637
2025-01-13,(organic),6,0.398
2025-01-13,adwords,26,0.495
2025-01-13,affiliate / partner,14,0.652
2025-01-13,FB,18,0.597
2025-01-13,fb_paid,15,0.553
2025-01-13,affiliate / partner,8,0.653
2025-01-13,klaviyo,14,0.491
2025-01-14,aff,9,0.531
2025-01-14,googleads,26,0.532
2025-01-14,FB,31,0.581
2025-01-14,meta / social,20,0.623
2025-01-14,google / organic,3,0.489
2025-01-14,adwords,28,0.474
2025-01-14,Email,6,0.502
2025-01-14,google / organic,5,0.459
2025-01-14,AFFILIATE,14,0.517
2025-01-15,fb_paid,24,0.622
2025-01-15,google / organic,4,0.362
2025-01-15,FB,30,0.543
2025-01-15,adwords,33,0.491
2025-01-15,AFFILIATE,13,0.576
2025-01-15,google / organic,3,0.451
2025-01-15,googleads,32,0.422
2025-01-15,email / newsletter,13,0.505
2025-01-15,google / organic,3,0.348
2025-01-15,affiliate / partner,5,0.56
2025-01-16,google / cpc,25,0.479
2025-01-16,googleads,25,0.496
2025-01-16,klaviyo,7,0.516
2025-01-16,FB,15,0.522
2025-01-16,meta / social,18,0.622
2025-01-16,partner-network,20,0.573
2025-01-16,seo,14,0.325
2025-01-16,email-campaign,2,0.331
2025-01-17,aff,5,0.622
2025-01-17,google / cpc,23,0.444
2025-01-17,google-ads,24,0.434
2025-01-17,partner-network,12,0.541
2025-01-17,google-ads,24,0.389
2025-01-17,(organic),15,0.385
2025-01-17,fb_paid,43,0.64
2025-01-17,Email,12,0.495
2025-01-18,meta / social,10,0.577
2025-01-18,fb_paid,9,0.513
2025-01-18,(organic),6,0.419
2025-01-18,email / newsletter,2,0.477
2025-01-18,aff,12,0.634
2025-01-18,(organic),1,0.469
2025-01-18,meta / social,15,0.464
2025-01-18,Email,3,0.382
2025-01-18,google / cpc,33,0.45
2025-01-18,(organic),1,0.411
2025-01-19,facebook / paid,20,0.52
2025-01-19,google-ads,21,0.503
2025-01-19,googleads,12,0.552
2025-01-19,partner-network,16,0.657
2025-01-19,affiliate / partner,11,0.623
2025-01-19,FB,30,0.586
2025-01-19,klaviyo,4,0.522
2025-01-19,google / organic,6,0.326
2025-01-19,google-ads,17,0.471
2025-01-19,email / newsletter,7,0.43
2025-01-19,organic,7,0.438
2025-01-20,seo,6,0.345
2025-01-20,fb_paid,17,0.541
2025-01-20,fb_paid,22,0.691
2025-01-20,google / cpc,29,0.526
2025-01-20,partner-network,9,0.696
2025-01-20,adwords,33,0.456
2025-01-20,klaviyo,7,0.531
2025-01-20,organic,6,0.341
2025-01-20,klaviyo,7,0.467
2025-01-20,FB,17,0.564
2025-01-20,affiliate / partner,7,0.613
2025-01-21,partner-network,12,0.592
2025-01-21,(organic),19,0.444
2025-01-21,google / organic,11,0.276
2025-01-21,adwords,29,0.468
2025-01-21,facebook / paid,28,0.582
2025-01-21,googleads,19,0.387
2025-01-21,email / newsletter,4,0.351
2025-01-21,meta / social,23,0.507
2025-01-21,aff,6,0.551
2025-01-22,organic,11,0.476
2025-01-22,email-campaign,11,0.387
2025-01-22,facebook / paid,61,0.547
2025-01-22,AFFILIATE,18,0.709
2025-01-22,google-ads,44,0.538
2025-01-23,(organic),4,0.43
2025-01-23,klaviyo,7,0.564
2025-01-23,AFFILIATE,6,0.636
2025-01-23,google / cpc,51,0.408
2025-01-23,AFFILIATE,7,0.676
2025-01-23,email-campaign,5,0.443
2025-01-23,FB,21,0.556
2025-01-23,meta / social,17,0.672
2025-01-23,aff,9,0.595
2025-01-24,seo,2,0.296
2025-01-24,google-ads,11,0.438
2025-01-24,Email,4,0.524
2025-01-24,seo,2,0.374
2025-01-24,googleads,12,0.526
2025-01-24,Email,3,0.52
2025-01-24,partner-network,14,0.611
2025-01-24,facebook / paid,48,0.541
2025-01-24,adwords,19,0.434
2025-01-25,Email,3,0.427
2025-01-25,email / newsletter,5,0.51
2025-01-25,FB,50,0.557
2025-01-25,affiliate / partner,17,0.726
2025-01-25,google / organic,12,0.457
2025-01-25,googleads,54,0.565
2025-01-26,meta / social,22,0.579
2025-01-26,google-ads,12,0.425
2025-01-26,google / organic,5,0.416
2025-01-26,partner-network,3,0.677
2025-01-26,(organic),5,0.362
2025-01-26,Email,9,0.429
2025-01-26,klaviyo,5,0.481
2025-01-26,googleads,19,0.478
2025-01-26,aff,6,0.645
2025-01-26,AFFILIATE,9,0.6
2025-01-26,fb_paid,22,0.639
2025-01-26,googleads,21,0.509
2025-01-27,aff,12,0.685
2025-01-27,Email,11,0.478
2025-01-27,facebook / paid,19,0.551
2025-01-27,facebook / paid,16,0.521
2025-01-27,seo,4,0.359
2025-01-27,(organic),1,0.351
2025-01-27,googleads,52,0.481
2025-01-27,FB,12,0.537
2025-01-28,Email,10,0.427
2025-01-28,seo,3,0.454
2025-01-28,google / cpc,12,0.51
2025-01-28,partner-network,7,0.63
2025-01-28,google / organic,2,0.415
2025-01-28,adwords,15,0.431
2025-01-28,partner-network,9,0.592
2025-01-28,email / newsletter,3,0.351
2025-01-28,meta / social,54,0.58
2025-01-28,google / cpc,16,0.478
2025-01-28,google / organic,2,0.345
2025-01-29,meta / social,48,0.575
2025-01-29,googleads,32,0.378
2025-01-29,email / newsletter,10,0.501
2025-01-29,seo,3,0.542
2025-01-29,adwords,35,0.534
2025-01-29,google / organic,1,0.37
2025-01-29,partner-network,7,0.695
2025-01-29,aff,9,0.572
2025-01-29,organic,3,0.379
2025-01-30,email / newsletter,3,0.456
2025-01-30,googleads,18,0.401
2025-01-30,Email,3,0.339
2025-01-30,klaviyo,3,0.472
2025-01-30,meta / social,18,0.586
2025-01-30,(organic),4,0.375
2025-01-30,AFFILIATE,6,0.618
2025-01-30,partner-network,6,0.597
2025-01-30,organic,2,0.388
2025-01-30,googleads,21,0.426
2025-01-30,(organic),4,0.406
2025-01-30,meta / social,13,0.644
2025-01-31,googleads,17,0.526
2025-01-31,AFFILIATE,4,0.689
2025-01-31,email-campaign,4,0.402
2025-01-31,organic,2,0.348
2025-01-31,(organic),5,0.435
2025-01-31,email / newsletter,6,0.45
2025-01-31,partner-network,7,0.631
2025-01-31,google / organic,2,0.422
2025-01-31,facebook / paid,23,0.612
2025-01-31,fb_paid,22,0.536
2025-01-31,googleads,17,0.579
2025-02-01,fb_paid,17,0.554
2025-02-01,klaviyo,2,0.412
2025-02-01,organic,6,0.39
2025-02-01,adwords,25,0.473
2025-02-01,googleads,21,0.356
2025-02-01,Email,3,0.378
2025-02-01,meta / social,15,0.599
2025-02-01,AFFILIATE,9,0.594
2025-02-02,seo,5,0.392
2025-02-02,meta / social,18,0.666
2025-02-02,google / cpc,62,0.434
2025-02-02,email-campaign,5,0.357
2025-02-02,Email,3,0.439
2025-02-02,AFFILIATE,4,0.71
2025-02-02,facebook / paid,14,0.677
2025-02-02,aff,7,0.652
2025-02-02,fb_paid,14,0.599
2025-02-03,google / organic,9,0.352
2025-02-03,email / newsletter,7,0.397
2025-02-03,seo,6,0.491
2025-02-03,google / cpc,62,0.524
2025-02-03,Email,4,0.351
2025-02-03,partner-network,10,0.656
2025-02-03,fb_paid,44,0.498
2025-02-04,facebook / paid,29,0.482
2025-02-04,email / newsletter,4,0.466
2025-02-04,affiliate / partner,4,0.601
2025-02-04,googleads,27,0.504
2025-02-04,aff,3,0.685
2025-02-04,Email,2,0.41
2025-02-04,AFFILIATE,2,0.656
2025-02-04,facebook / paid,39,0.501
2025-02-04,seo,18,0.311
2025-02-04,adwords,36,0.499
2025-02-05,facebook / paid,68,0.594
2025-02-05,AFFILIATE,10,0.57
2025-02-05,organic,5,0.384
2025-02-05,organic,2,0.295
2025-02-05,partner-network,6,0.475
2025-02-05,email / newsletter,8,0.318
2025-02-05,AFFILIATE,5,0.646
2025-02-05,google-ads,31,0.456
2025-02-05,google-ads,22,0.45
2025-02-05,googleads,33,0.432
2025-02-05,email / newsletter,8,0.453
2025-02-06,klaviyo,1,0.42
2025-02-06,google / cpc,18,0.477
2025-02-06,meta / social,24,0.485
2025-02-06,FB,33,0.503
2025-02-06,organic,7,0.367
2025-02-06,(organic),4,0.355
2025-02-06,email-campaign,2,0.471
2025-02-06,adwords,23,0.441
2025-02-06,AFFILIATE,31,0.611
2025-02-07,adwords,67,0.514
2025-02-07,FB,51,0.609
2025-02-07,affiliate / partner,5,0.608
2025-02-07,seo,8,0.417
2025-02-07,email-campaign,18,0.358
2025-02-07,aff,4,0.601
2025-02-08,seo,4,0.456
2025-02-08,organic,3,0.454
2025-02-08,partner-network,13,0.602
2025-02-08,google-ads,21,0.478
2025-02-08,fb_paid,23,0.623
2025-02-08,googleads,30,0.441
2025-02-08,Email,7,0.405
2025-02-08,FB,21,0.594
2025-02-09,email / newsletter,9,0.375
2025-02-09,googleads,47,0.396
2025-02-09,fb_paid,28,0.528
2025-02-09,organic,12,0.438
2025-02-09,fb_paid,35,0.628
2025-02-09,aff,16,0.61
2025-02-09,email-campaign,7,0.483
2025-02-10,google / cpc,42,0.519
2025-02-10,aff,8,0.568
2025-02-10,google / organic,4,0.446
2025-02-10,email-campaign,4,0.423
2025-02-10,google / organic,3,0.469
2025-02-10,google / cpc,36,0.564
2025-02-10,klaviyo,6,0.411
2025-02-10,FB,49,0.646
2025-02-11,FB,16,0.597
2025-02-11,aff,14,0.647
2025-02-11,facebook / paid,18,0.534
2025-02-11,affiliate / partner,8,0.641
2025-02-11,google / organic,10,0.3
2025-02-11,adwords,31,0.453
2025-02-11,adwords,36,0.478
2025-02-11,klaviyo,13,0.375
2025-02-12,affiliate / partner,22,0.614
2025-02-12,FB,15,0.597
2025-02-12,fb_paid,14,0.573
2025-02-12,klaviyo,5,0.413
2025-02-12,seo,6,0.469
2025-02-12,(organic),4,0.411
2025-02-12,meta / social,21,0.502
2025-02-12,google-ads,44,0.436
2025-02-12,email-campaign,7,0.434
2025-02-13,Email,7,0.439
2025-02-13,organic,5,0.405
2025-02-13,googleads,28,0.51
2025-02-13,googleads,24,0.481
2025-02-13,AFFILIATE,10,0.632
2025-02-13,google-ads,30,0.501
2025-02-13,FB,44,0.57
2025-02-13,partner-network,9,0.694
2025-02-14,adwords,55,0.448
2025-02-14,seo,9,0.468
2025-02-14,aff,6,0.651
2025-02-14,organic,6,0.433
2025-02-14,FB,62,0.542
2025-02-14,affiliate / partner,7,0.753
2025-02-14,partner-network,9,0.653
2025-02-14,Email,6,0.373
2025-02-14,Email,5,0.372
2025-02-15,AFFILIATE,2,0.645
2025-02-15,partner-network,-8,0.719
2025-02-15,Email,6,0.401
2025-02-15,facebook / paid,48,0.482
2025-02-15,googleads,26,0.477
2025-02-15,google-ads,30,0.453
2025-02-15,seo,8,0.385
2025-02-15,email / newsletter,7,0.456
2025-02-15,partner-network,4,0.68
2025-02-16,partner-network,15,0.593
2025-02-16,googleads,49,0.428
2025-02-16,organic,5,0.409
2025-02-16,AFFILIATE,10,0.694
2025-02-16,Email,2,0.405
2025-02-16,FB,80,0.654
2025-02-16,klaviyo,3,0.457
2025-02-16,googleads,42,0.364
2025-02-16,seo,3,0.387
2025-02-17,fb_paid,26,0.648
2025-02-17,organic,4,0.389
2025-02-17,email / newsletter,4,0.5
2025-02-17,klaviyo,3,0.398
2025-02-17,google / cpc,38,0.44
2025-02-17,aff,14,0.552
2025-02-17,facebook / paid,38,0.544
2025-02-17,seo,7,0.446
2025-02-17,affiliate / partner,8,0.545
2025-02-17,klaviyo,2,0.422
2025-02-17,google / cpc,34,0.468
2025-02-18,email / newsletter,2,0.459
2025-02-18,google-ads,62,0.425
2025-02-18,organic,7,0.369
2025-02-18,fb_paid,16,0.59
2025-02-18,facebook / paid,14,0.573
2025-02-18,fb_paid,9,0.532
2025-02-18,email-campaign,2,0.493
2025-02-18,klaviyo,4,0.365
2025-02-18,AFFILIATE,30,0.626
2025-02-18,google / organic,4,0.311
2025-02-19,googleads,38,0.501
2025-02-19,klaviyo,6,0.449
2025-02-19,meta / social,31,0.521
2025-02-19,meta / social,22,0.66
2025-02-19,klaviyo,3,0.439
2025-02-19,seo,17,0.468
2025-02-19,aff,7,0.584
2025-02-19,FB,27,0.522
2025-02-19,google-ads,40,0.409
2025-02-19,affiliate / partner,12,0.596
2025-02-20,organic,6,0.383
2025-02-20,FB,23,0.603
2025-02-20,organic,4,0.369
2025-02-20,partner-network,8,0.573
2025-02-20,email / newsletter,7,0.431
2025-02-20,affiliate / partner,9,0.64
2025-02-20,affiliate / partner,10,0.685
2025-02-20,google-ads,54,0.434
2025-02-20,facebook / paid,22,0.619
2025-02-21,google / cpc,35,0.485
2025-02-21,google / organic,4,0.338
2025-02-21,google / organic,3,0.362
2025-02-21,googleads,38,0.534
2025-02-21,partner-network,16,0.626
2025-02-21,FB,24,0.57
2025-02-21,facebook / paid,30,0.568
2025-02-21,email-campaign,10,0.363
2025-02-22,google-ads,87,0.526
2025-02-22,affiliate / partner,3,0.591
2025-02-22,email-campaign,3,0.492
2025-02-22,FB,17,0.675
2025-02-22,AFFILIATE,4,0.533
2025-02-22,partner-network,6,0.579
2025-02-22,email / newsletter,3,0.348
2025-02-22,seo,5,0.314
2025-02-22,(organic),8,0.443
2025-02-22,email-campaign,2,0.454
2025-02-22,meta / social,26,0.584
2025-02-23,partner-network,17,0.573
2025-02-23,fb_paid,18,0.627
2025-02-23,google-ads,29,0.465
2025-02-23,FB,18,0.647
2025-02-23,(organic),10,0.309
2025-02-23,FB,21,0.553
2025-02-23,klaviyo,7,0.381
2025-02-23,googleads,23,0.523
2025-02-24,FB,35,0.629
2025-02-24,google / cpc,29,0.491
2025-02-24,facebook / paid,34,0.53
2025-02-24,klaviyo,1,0.377
2025-02-24,google / cpc,26,0.385
2025-02-24,seo,9,0.42
2025-02-24,AFFILIATE,14,0.606
2025-02-24,Email,6,0.441
2025-02-24,googleads,32,0.56
2025-02-24,Email,3,0.484
2025-02-25,google / cpc,45,0.432
2025-02-25,google / organic,14,0.413
2025-02-25,klaviyo,5,0.384
2025-02-25,facebook / paid,61,0.541
2025-02-25,partner-network,31,0.58
2025-02-25,klaviyo,3,0.491
2025-02-25,googleads,23,0.379
2025-02-26,klaviyo,3,0.472
2025-02-26,facebook / paid,21,0.583
2025-02-26,AFFILIATE,22,0.58
2025-02-26,organic,1,0.516
2025-02-26,adwords,37,0.467
2025-02-26,adwords,39,0.336
2025-02-26,email / newsletter,5,0.5
2025-02-26,meta / social,16,0.681
2025-02-26,meta / social,20,0.581
2025-02-26,google / organic,6,0.437
2025-02-27,google-ads,27,0.449
2025-02-27,AFFILIATE,5,0.612
2025-02-27,fb_paid,16,0.611
2025-02-27,Email,3,0.427
2025-02-27,klaviyo,3,0.458
2025-02-27,partner-network,7,0.612
2025-02-27,google-ads,23,0.417
2025-02-27,FB,15,0.479
2025-02-27,FB,14,0.531
2025-02-27,google / organic,9,0.425
2025-02-28,googleads,12,0.469
2025-02-28,aff,10,0.672
2025-02-28,googleads,24,0.526
2025-02-28,affiliate / partner,6,0.764
2025-02-28,klaviyo,5,0.403
2025-02-28,seo,5,0.4
2025-02-28,fb_paid,46,0.627
2025-02-28,klaviyo,1,0.388
2025-02-28,adwords,17,0.569
2025-02-28,organic,6,0.501
2025-02-28,google / organic,5,0.398
2025-03-01,facebook / paid,59,0.581
2025-03-01,seo,2,0.41
2025-03-01,affiliate / partner,10,0.601
2025-03-01,email / newsletter,10,0.429
2025-03-01,affiliate / partner,6,0.584
2025-03-01,seo,5,0.389
2025-03-01,adwords,18,0.474
2025-03-01,googleads,22,0.347
2025-03-01,klaviyo,5,0.442
2025-03-01,affiliate / partner,3,0.679
2025-03-01,google-ads,17,0.478
2025-03-02,AFFILIATE,6,0.577
2025-03-02,google / organic,3,0.31
2025-03-02,AFFILIATE,6,0.703
2025-03-02,adwords,62,0.418
2025-03-02,fb_paid,59,0.625
2025-03-02,seo,3,0.364
2025-03-03,FB,28,0.738
2025-03-03,affiliate / partner,5,0.726
2025-03-03,email / newsletter,15,0.481
2025-03-03,meta / social,29,0.561
2025-03-03,adwords,25,0.445
2025-03-03,google / cpc,38,0.541
2025-03-03,affiliate / partner,6,0.538
2025-03-03,affiliate / partner,10,0.657
2025-03-03,organic,6,0.4
2025-03-04,email / newsletter,7,0.452
2025-03-04,google-ads,13,0.435
2025-03-04,seo,5,0.498
2025-03-04,email-campaign,3,0.411
2025-03-04,facebook / paid,70,0.558
2025-03-04,google / cpc,28,0.45
2025-03-04,adwords,22,0.43
2025-03-04,partner-network,13,0.54
2025-03-04,organic,6,0.433
2025-03-04,AFFILIATE,14,0.62
2025-03-04,email / newsletter,4,0.445
2025-03-05,affiliate / partner,5,0.694
2025-03-05,googleads,33,0.413
2025-03-05,AFFILIATE,11,0.613
2025-03-05,klaviyo,3,0.504
2025-03-05,email / newsletter,8,0.524
2025-03-05,google / cpc,43,0.489
2025-03-05,meta / social,21,0.604
2025-03-05,organic,8,0.288
2025-03-05,FB,18,0.45
2025-03-05,email-campaign,2,0.37
2025-03-06,email / newsletter,5,0.435
2025-03-06,adwords,68,0.523
2025-03-06,facebook / paid,15,0.528
2025-03-06,google / organic,7,0.373
2025-03-06,partner-network,3,0.675
2025-03-06,FB,24,0.608
2025-03-06,partner-network,9,0.595
2025-03-06,facebook / paid,19,0.58
2025-03-06,email / newsletter,5,0.458
2025-03-07,email / newsletter,9,0.476
2025-03-07,FB,17,0.552
2025-03-07,klaviyo,7,0.434
2025-03-07,googleads,36,0.555
2025-03-07,(organic),7,0.473
2025-03-07,facebook / paid,24,0.464
2025-03-07,aff,7,0.581
2025-03-07,meta / social,17,0.62
2025-03-07,affiliate / partner,7,0.655
2025-03-07,googleads,41,0.47
2025-03-08,AFFILIATE,6,0.51
2025-03-08,Email,11,0.415
2025-03-08,googleads,52,0.515
2025-03-08,meta / social,48,0.661
2025-03-08,(organic),2,0.369
2025-03-08,AFFILIATE,9,0.577
2025-03-08,(organic),4,0.35
2025-03-09,google / organic,10,0.488
2025-03-09,FB,17,0.603
2025-03-09,partner-network,6,0.653
2025-03-09,adwords,87,0.503
2025-03-09,facebook / paid,16,0.539
2025-03-09,AFFILIATE,4,0.713
2025-03-09,Email,15,0.479
2025-03-09,facebook / paid,18,0.61
2025-03-09,AFFILIATE,4,0.514
2025-03-10,email-campaign,10,0.425
2025-03-10,google / organic,6,0.316
2025-03-10,Email,8,0.456
2025-03-10,(organic),6,0.471
2025-03-10,fb_paid,58,0.67
2025-03-10,googleads,56,0.46
2025-03-10,partner-network,16,0.611
2025-03-11,email / newsletter,3,0.481
2025-03-11,organic,7,0.418
2025-03-11,adwords,25,0.457
2025-03-11,organic,12,0.272
2025-03-11,klaviyo,7,0.41
2025-03-11,fb_paid,97,0.616
2025-03-11,google / cpc,26,0.454
2025-03-11,partner-network,20,0.602
2025-03-11,googleads,23,0.463
2025-03-12,aff,6,0.628
2025-03-12,email-campaign,10,0.479
2025-03-12,facebook / paid,76,0.527
2025-03-12,seo,5,0.382
2025-03-12,email / newsletter,7,0.483
2025-03-12,partner-network,4,0.572
2025-03-12,organic,2,0.434
2025-03-12,(organic),3,0.429
2025-03-12,googleads,42,0.458
2025-03-13,AFFILIATE,2,0.604
2025-03-13,Email,6,0.503
2025-03-13,facebook / paid,79,0.523
2025-03-13,(organic),5,0.378
2025-03-13,klaviyo,7,0.36
2025-03-13,googleads,79,0.494
2025-03-13,partner-network,6,0.744
2025-03-13,(organic),3,0.389
2025-03-13,affiliate / partner,10,0.636
2025-03-14,google / organic,-7,0.406
2025-03-14,email / newsletter,3,0.368
2025-03-14,partner-network,5,0.632
2025-03-14,aff,8,0.631
2025-03-14,adwords,72,0.395
2025-03-14,fb_paid,18,0.512
2025-03-14,email-campaign,3,0.348
2025-03-14,facebook / paid,29,0.527
2025-03-15,fb_paid,29,0.6
2025-03-15,organic,3,0.47
2025-03-15,google / organic,3,0.406
2025-03-15,affiliate / partner,7,0.718
2025-03-15,adwords,30,0.414
2025-03-15,Email,4,0.428
2025-03-15,googleads,32,0.444
2025-03-15,fb_paid,20,0.437
2025-03-15,Email,8,0.452
2025-03-16,google / cpc,19,0.462
2025-03-16,seo,10,0.414
2025-03-16,meta / social,23,0.635
2025-03-16,partner-network,10,0.506
2025-03-16,googleads,20,0.534
2025-03-16,affiliate / partner,5,0.68
2025-03-16,Email,5,0.451
2025-03-16,google / cpc,16,0.485
2025-03-16,meta / social,32,0.478
2025-03-16,email / newsletter,6,0.456
2025-03-17,email / newsletter,4,0.437
2025-03-17,googleads,16,0.483
2025-03-17,FB,45,0.682
2025-03-17,aff,10,0.628
2025-03-17,google / cpc,19,0.403
2025-03-17,google / cpc,24,0.367
2025-03-17,(organic),12,0.421
2025-03-17,seo,5,0.419
2025-03-17,aff,7,0.655
2025-03-17,facebook / paid,36,0.576
2025-03-17,klaviyo,9,0.451
2025-03-18,google-ads,44,0.42
2025-03-18,email-campaign,10,0.45
2025-03-18,fb_paid,45,0.563
2025-03-18,affiliate / partner,7,0.707
2025-03-18,AFFILIATE,5,0.629
2025-03-18,email / newsletter,10,0.536
2025-03-18,organic,10,0.444
2025-03-18,google / cpc,52,0.559
2025-03-18,meta / social,41,0.411
2025-03-18,aff,10,0.702
2025-03-19,partner-network,9,0.572
2025-03-19,google / cpc,37,0.46
2025-03-19,Email,6,0.496
2025-03-19,email-campaign,1,0.501
2025-03-19,affiliate / partner,6,0.703
2025-03-19,meta / social,37,0.668
2025-03-19,googleads,25,0.368
2025-03-19,meta / social,27,0.633
2025-03-19,google / organic,8,0.419
2025-03-19,partner-network,5,0.723
2025-03-20,fb_paid,45,0.578
2025-03-20,aff,13,0.538
2025-03-20,seo,9,0.454
2025-03-20,affiliate / partner,8,0.664
2025-03-20,facebook / paid,34,0.504
2025-03-20,google / organic,4,0.36
2025-03-20,google-ads,24,0.554
2025-03-20,klaviyo,11,0.338
2025-03-20,adwords,24,0.461
2025-03-21,organic,12,0.337
2025-03-21,email / newsletter,15,0.522
2025-03-21,adwords,36,0.451
2025-03-21,meta / social,74,0.611
2025-03-21,aff,15,0.561
2025-03-21,google-ads,25,0.513
2025-03-22,(organic),9,0.434
2025-03-22,email-campaign,8,0.425
2025-03-22,google / cpc,28,0.539
2025-03-22,fb_paid,42,0.565
2025-03-22,partner-network,8,0.546
2025-03-22,fb_paid,41,0.629
2025-03-22,email-campaign,5,0.381
2025-03-22,partner-network,6,0.651
2025-03-22,google-ads,32,0.436
2025-03-23,meta / social,23,0.649
2025-03-23,google / organic,3,0.401
2025-03-23,google / cpc,38,0.462
2025-03-23,fb_paid,30,0.527
2025-03-23,(organic),4,0.455
2025-03-23,email / newsletter,8,0.443
2025-03-23,affiliate / partner,7,0.64
2025-03-23,partner-network,5,0.68
2025-03-23,partner-network,4,0.575
2025-03-23,adwords,35,0.527
2025-03-23,email / newsletter,9,0.484
2025-03-24,email / newsletter,7,0.374
2025-03-24,google-ads,31,0.468
2025-03-24,google / organic,3,0.419
2025-03-24,google / organic,3,0.377
2025-03-24,affiliate / partner,4,0.551
2025-03-24,facebook / paid,16,0.501
2025-03-24,google-ads,45,0.501
2025-03-24,fb_paid,19,0.549
2025-03-24,klaviyo,7,0.311
2025-03-24,partner-network,6,0.65
2025-03-24,FB,13,0.58
2025-03-24,organic,3,0.378
2025-03-25,fb_paid,80,0.664
2025-03-25,affiliate / partner,5,0.531
2025-03-25,google-ads,26,0.447
2025-03-25,email / newsletter,7,0.559
2025-03-25,klaviyo,4,0.368
2025-03-25,google / organic,11,0.373
2025-03-25,google / cpc,25,0.471
2025-03-25,partner-network,5,0.691
2025-03-26,google-ads,23,0.425
2025-03-26,fb_paid,51,0.503
2025-03-26,(organic),6,0.347
2025-03-26,adwords,25,0.428
2025-03-26,FB,43,0.544
2025-03-26,partner-network,15,0.657
2025-03-26,adwords,37,0.481
2025-03-26,google / organic,6,0.329
2025-03-26,klaviyo,10,0.475
2025-03-27,organic,7,0.481
2025-03-27,partner-network,14,0.724
2025-03-27,partner-network,7,0.683
2025-03-27,meta / social,29,0.494
2025-03-27,google-ads,59,0.63
2025-03-27,Email,8,0.429
2025-03-27,email-campaign,11,0.449
2025-03-27,facebook / paid,22,0.515
2025-03-28,googleads,32,0.411
2025-03-28,facebook / paid,67,0.567
2025-03-28,partner-network,10,0.605
2025-03-28,google / organic,4,0.423
2025-03-28,Email,5,0.448
2025-03-28,AFFILIATE,8,0.577
2025-03-28,klaviyo,8,0.344
2025-03-28,googleads,32,0.542
2025-03-28,seo,3,0.333
2025-03-28,organic,1,0.337
2025-03-29,(organic),5,0.444
2025-03-29,aff,3,0.612
2025-03-29,meta / social,26,0.609
2025-03-29,affiliate / partner,5,0.666
2025-03-29,adwords,13,0.395
2025-03-29,email / newsletter,4,0.437
2025-03-29,seo,3,0.43
2025-03-29,email / newsletter,15,0.427
2025-03-29,meta / social,19,0.613
2025-03-29,partner-network,8,0.565
2025-03-29,googleads,23,0.438
2025-03-30,email / newsletter,9,0.45
2025-03-30,adwords,45,0.507
2025-03-30,adwords,29,0.523
2025-03-30,facebook / paid,27,0.554
2025-03-30,seo,1,0.434
2025-03-30,meta / social,30,0.593
2025-03-30,google / organic,4,0.387
2025-03-30,AFFILIATE,8,0.679
2025-03-30,(organic),3,0.424
2025-03-30,aff,9,0.675
2025-03-31,FB,36,0.617
2025-03-31,organic,4,0.39
2025-03-31,facebook / paid,42,0.709
2025-03-31,partner-network,19,0.596
2025-03-31,adwords,51,0.437
2025-03-31,email-campaign,5,0.402
2025-03-31,klaviyo,8,0.445
2025-03-31,seo,3,0.429
2025-04-01,partner-network,5,0.571
2025-04-01,klaviyo,7,0.493
2025-04-01,organic,6,0.46
2025-04-01,organic,8,0.414
2025-04-01,meta / social,31,0.67
2025-04-01,adwords,43,0.518
2025-04-01,AFFILIATE,10,0.58
2025-04-01,klaviyo,9,0.498
2025-04-01,google-ads,49,0.512
2025-04-01,fb_paid,24,0.635
2025-04-02,google / organic,4,0.438
2025-04-02,organic,6,0.41
2025-04-02,Email,11,0.298
2025-04-02,google-ads,86,0.486
2025-04-02,fb_paid,32,0.537
2025-04-02,aff,4,0.588
2025-04-02,AFFILIATE,5,0.615
2025-04-02,affiliate / partner,9,0.523
2025-04-02,FB,22,0.593
2025-04-03,partner-network,7,0.649
2025-04-03,google / cpc,54,0.461
2025-04-03,google / organic,4,0.361
2025-04-03,google / organic,5,0.407
2025-04-03,AFFILIATE,9,0.583
2025-04-03,meta / social,21,0.521
2025-04-03,klaviyo,9,0.453
2025-04-03,fb_paid,33,0.518
2025-04-04,FB,52,0.542
2025-04-04,aff,9,0.627
2025-04-04,email / newsletter,5,0.337
2025-04-04,google / cpc,23,0.428
2025-04-04,google / cpc,28,0.342
2025-04-04,organic,12,0.406
2025-04-04,Email,2,0.406
2025-04-04,affiliate / partner,7,0.604
2025-04-05,email-campaign,6,0.347
2025-04-05,organic,2,0.398
2025-04-05,googleads,30,0.367
2025-04-05,meta / social,42,0.502
2025-04-05,(organic),1,0.485
2025-04-05,affiliate / partner,4,0.678
2025-04-05,affiliate / partner,6,0.589
2025-04-05,organic,4,0.405
2025-04-05,partner-network,7,0.624
2025-04-05,google-ads,29,0.566
2025-04-05,email-campaign,5,0.48
2025-04-06,email-campaign,5,0.497
2025-04-06,FB,17,0.66
2025-04-06,adwords,70,0.567
2025-04-06,email / newsletter,4,0.431
2025-04-06,fb_paid,19,0.539
2025-04-06,AFFILIATE,12,0.682
2025-04-06,Email,2,0.426
2025-04-06,seo,12,0.412
2025-04-06,affiliate / partner,10,0.593
2025-04-07,Email,5,0.472
2025-04-07,(organic),6,0.47
2025-04-07,klaviyo,9,0.447
2025-04-07,fb_paid,43,0.581
2025-04-07,Email,7,0.413
2025-04-07,seo,5,0.295
2025-04-07,googleads,48,0.546
2025-04-07,AFFILIATE,18,0.656
2025-04-07,adwords,46,0.562
2025-04-08,Email,3,0.456
2025-04-08,seo,1,0.431
2025-04-08,FB,38,0.592
2025-04-08,google / organic,1,0.373
2025-04-08,googleads,33,0.483
2025-04-08,email / newsletter,4,0.379
2025-04-08,adwords,53,0.51
2025-04-08,google / organic,1,0.442
2025-04-08,aff,12,0.675
2025-04-08,AFFILIATE,5,0.739
2025-04-08,email / newsletter,6,0.446
2025-04-09,affiliate / partner,11,0.712
2025-04-09,googleads,95,0.519
2025-04-09,FB,25,0.59
2025-04-09,organic,5,0.411
2025-04-09,meta / social,29,0.498
2025-04-09,partner-network,8,0.59
2025-04-09,seo,3,0.376
2025-04-09,Email,15,0.51
2025-04-10,googleads,36,0.553
2025-04-10,google / cpc,20,0.55
2025-04-10,affiliate / partner,16,0.69
2025-04-10,(organic),12,0.386
2025-04-10,meta / social,45,0.577
2025-04-10,Email,20,0.433
2025-04-11,fb_paid,50,0.591
2025-04-11,partner-network,18,0.527
2025-04-11,google-ads,35,0.468
2025-04-11,google / organic,4,0.495
2025-04-11,seo,5,0.424
2025-04-11,AFFILIATE,12,0.668
2025-04-11,klaviyo,11,0.508
2025-04-11,googleads,28,0.465
2025-04-11,seo,3,0.432
2025-04-12,email / newsletter,7,0.411
2025-04-12,fb_paid,34,0.707
2025-04-12,Email,4,0.449
2025-04-12,(organic),3,0.398
2025-04-12,(organic),4,0.446
2025-04-12,adwords,23,0.462
2025-04-12,partner-network,10,0.66
2025-04-12,organic,1,0.51
2025-04-12,googleads,31,0.486
2025-04-13,organic,13,0.389
2025-04-13,Email,11,0.449
2025-04-13,AFFILIATE,16,0.664
2025-04-13,meta / social,18,0.619
2025-04-13,FB,13,0.519
2025-04-13,google / cpc,97,0.492
2025-04-14,partner-network,11,0.582
2025-04-14,Email,10,0.428
2025-04-14,email / newsletter,5,0.441
2025-04-14,meta / social,38,0.55
2025-04-14,seo,6,0.416
2025-04-14,adwords,55,0.44
2025-04-14,organic,9,0.42
2025-04-15,meta / social,70,0.781
2025-04-15,google-ads,78,0.464
2025-04-15,(organic),9,0.435
2025-04-15,email / newsletter,9,0.421
2025-04-15,email-campaign,9,0.444
2025-04-15,partner-network,6,0.733
2025-04-15,aff,11,0.579
2025-04-15,google / organic,5,0.325
2025-04-16,email-campaign,2,0.416
2025-04-16,organic,13,0.501
2025-04-16,partner-network,15,0.512
2025-04-16,FB,22,0.617
2025-04-16,email / newsletter,7,0.488
2025-04-16,googleads,37,0.45
2025-04-16,googleads,-52,0.47
2025-04-16,meta / social,15,0.624
2025-04-16,fb_paid,14,0.591
2025-04-17,google / cpc,26,0.524
2025-04-17,google-ads,17,0.406
2025-04-17,google / cpc,21,0.479
2025-04-17,aff,9,0.621
2025-04-17,fb_paid,20,0.645
2025-04-17,fb_paid,39,0.685
2025-04-17,partner-network,13,0.532
2025-04-17,email / newsletter,5,0.553
2025-04-17,google / organic,4,0.442
2025-04-17,seo,4,0.42
2025-04-17,FB,22,0.603
2025-04-17,klaviyo,5,0.442
2025-04-18,google / cpc,22,0.475
2025-04-18,(organic),1,0.369
2025-04-18,fb_paid,36,0.642
2025-04-18,google / cpc,21,0.424
2025-04-18,fb_paid,27,0.581
2025-04-18,seo,3,0.421
2025-04-18,aff,20,0.688
2025-04-18,google-ads,15,0.571
2025-04-18,email / newsletter,5,0.403
2025-04-18,email / newsletter,9,0.411
2025-04-19,email / newsletter,1,0.396
2025-04-19,google / organic,7,0.328
2025-04-19,affiliate / partner,3,0.79
2025-04-19,Email,8,0.502
2025-04-19,aff,5,0.685
2025-04-19,meta / social,15,0.563
2025-04-19,organic,5,0.471
2025-04-19,affiliate / partner,5,0.671
2025-04-19,googleads,72,0.494
2025-04-19,(organic),8,0.384
2025-04-19,meta / social,15,0.512
2025-04-20,meta / social,49,0.466
2025-04-20,google-ads,39,0.431
2025-04-20,organic,5,0.373
2025-04-20,googleads,48,0.599
2025-04-20,partner-network,8,0.575
2025-04-20,email / newsletter,4,0.412
2025-04-20,email / newsletter,7,0.361
2025-04-20,google / organic,4,0.325
2025-04-20,AFFILIATE,8,0.691
2025-04-20,aff,6,0.582
2025-04-21,google / cpc,33,0.513
2025-04-21,facebook / paid,50,0.522
2025-04-21,aff,5,0.66
2025-04-21,google-ads,27,0.495
2025-04-21,email-campaign,11,0.436
2025-04-21,adwords,22,0.471
2025-04-21,seo,2,0.394
2025-04-21,affiliate / partner,14,0.651
2025-04-21,seo,1,0.432
2025-04-21,seo,2,0.402
2025-04-22,Email,3,0.519
2025-04-22,meta / social,16,0.666
2025-04-22,meta / social,29,0.527
2025-04-22,seo,8,0.45
2025-04-22,googleads,24,0.524
2025-04-22,partner-network,20,0.626
2025-04-22,googleads,25,0.426
2025-04-22,google-ads,29,0.369
2025-04-22,(organic),10,0.38
2025-04-22,email / newsletter,5,0.369
2025-04-23,adwords,43,0.544
2025-04-23,partner-network,21,0.644
2025-04-23,adwords,46,0.407
2025-04-23,seo,4,0.473
2025-04-23,meta / social,61,0.527
2025-04-23,google / organic,6,0.391
2025-04-23,partner-network,7,0.584
2025-04-23,klaviyo,10,0.456
2025-04-24,seo,7,0.473
2025-04-24,AFFILIATE,13,0.535
2025-04-24,google-ads,-14,0.402
2025-04-24,email-campaign,7,0.412
2025-04-24,aff,11,0.619
2025-04-24,googleads,16,0.439
2025-04-24,meta / social,29,0.6
2025-04-24,Email,12,0.399
2025-04-24,meta / social,33,0.577
2025-04-25,email / newsletter,4,0.288
2025-04-25,klaviyo,6,0.518
2025-04-25,klaviyo,3,0.416
2025-04-25,google / organic,-7,0.404
2025-04-25,partner-network,5,0.671
2025-04-25,facebook / paid,30,0.635
2025-04-25,google-ads,31,0.425
2025-04-25,affiliate / partner,7,0.638
2025-04-25,adwords,33,0.563
2025-04-25,facebook / paid,26,0.52
2025-04-26,AFFILIATE,13,0.647
2025-04-26,FB,21,0.599
2025-04-26,seo,7,0.458
2025-04-26,email / newsletter,9,0.44
2025-04-26,google-ads,42,0.543
2025-04-26,google / cpc,18,0.429
2025-04-26,seo,4,0.375
2025-04-26,aff,9,0.539
2025-04-26,facebook / paid,12,0.57
2025-04-26,meta / social,11,0.504
2025-04-27,google / organic,13,0.458
2025-04-27,google / cpc,19,0.407
2025-04-27,facebook / paid,28,0.638
2025-04-27,klaviyo,13,0.419
2025-04-27,google / cpc,-20,0.5
2025-04-27,AFFILIATE,22,0.757
2025-04-27,facebook / paid,30,0.627
2025-04-27,adwords,15,0.423
2025-04-28,organic,6,0.442
2025-04-28,Email,3,0.457
2025-04-28,google-ads,14,0.526
2025-04-28,seo,3,0.512
2025-04-28,aff,5,0.578
2025-04-28,email / newsletter,8,0.516
2025-04-28,google / cpc,27,0.402
2025-04-28,googleads,20,0.476
2025-04-28,aff,13,0.695
2025-04-28,meta / social,46,0.587
2025-04-29,AFFILIATE,8,0.698
2025-04-29,googleads,23,0.447
2025-04-29,google-ads,22,0.531
2025-04-29,email-campaign,4,0.406
2025-04-29,organic,18,0.456
2025-04-29,fb_paid,18,0.558
2025-04-29,meta / social,18,0.631
2025-04-29,affiliate / partner,10,0.705
2025-04-29,meta / social,24,0.565
2025-04-29,google / cpc,30,0.415
2025-04-29,klaviyo,8,0.347
2025-04-30,partner-network,6,0.686
2025-04-30,partner-network,8,0.681
2025-04-30,googleads,49,0.509
2025-04-30,fb_paid,48,0.591
2025-04-30,partner-network,9,0.742
2025-04-30,(organic),9,0.505
2025-04-30,google-ads,41,0.462
2025-04-30,email / newsletter,12,0.423
2025-05-01,FB,14,0.574
2025-05-01,google / cpc,89,0.397
2025-05-01,affiliate / partner,8,0.579
2025-05-01,meta / social,30,0.685
2025-05-01,email-campaign,1,0.416
2025-05-01,seo,8,0.447
2025-05-01,affiliate / partner,4,0.704
2025-05-01,aff,4,0.594
2025-05-01,fb_paid,21,0.657
2025-05-01,google / organic,6,0.42
2025-05-01,email / newsletter,3,0.41
2025-05-02,google / organic,4,0.384
2025-05-02,(organic),2,0.374
2025-05-02,affiliate / partner,6,0.685
2025-05-02,fb_paid,21,0.605
2025-05-02,google / cpc,60,0.485
2025-05-02,email / newsletter,2,0.407
2025-05-02,meta / social,23,0.612
2025-05-02,partner-network,7,0.663
2025-05-02,Email,6,0.452
2025-05-02,google-ads,50,0.414
2025-05-03,organic,3,0.43
2025-05-03,Email,4,0.498
2025-05-03,fb_paid,86,0.573
2025-05-03,googleads,76,0.501
2025-05-03,affiliate / partner,6,0.643
2025-05-03,affiliate / partner,9,0.675
2025-05-03,google / organic,3,0.388
2025-05-03,organic,4,0.384
2025-05-04,adwords,39,0.53
2025-05-04,AFFILIATE,10,0.529
2025-05-04,aff,6,0.631
2025-05-04,FB,35,0.606
2025-05-04,email-campaign,5,0.432
2025-05-04,google-ads,32,0.493
2025-05-04,email-campaign,3,0.345
2025-05-04,seo,6,0.427
2025-05-04,FB,46,0.656
2025-05-04,organic,2,0.359
2025-05-04,google / organic,4,0.34
2025-05-05,googleads,109,0.426
2025-05-05,meta / social,81,0.543
2025-05-05,organic,4,0.476
2025-05-05,organic,2,0.434
2025-05-05,Email,7,0.364
2025-05-05,partner-network,31,0.616
2025-05-05,klaviyo,6,0.48
2025-05-06,google-ads,59,0.492
2025-05-06,adwords,50,0.474
2025-05-06,affiliate / partner,19,0.696
2025-05-06,email / newsletter,4,0.455
2025-05-06,email-campaign,9,0.407
2025-05-06,seo,14,0.404
2025-05-06,facebook / paid,86,0.513
2025-05-07,seo,3,0.449
2025-05-07,fb_paid,26,0.504
2025-05-07,seo,6,0.328
2025-05-07,adwords,64,0.562
2025-05-07,fb_paid,37,0.533
2025-05-07,klaviyo,26,0.49
2025-05-07,affiliate / partner,6,0.657
2025-05-07,AFFILIATE,6,0.656
2025-05-08,google-ads,71,0.383
2025-05-08,fb_paid,41,0.6
2025-05-08,email / newsletter,3,0.336
2025-05-08,email / newsletter,4,0.356
2025-05-08,(organic),4,0.422
2025-05-08,seo,4,0.351
2025-05-08,aff,14,0.646
2025-05-08,email / newsletter,6,0.404
2025-05-08,meta / social,33,0.552
2025-05-09,AFFILIATE,16,0.647
2025-05-09,email-campaign,4,0.391
2025-05-09,google / organic,5,0.426
2025-05-09,FB,62,0.541
2025-05-09,organic,5,0.399
2025-05-09,Email,5,0.375
2025-05-09,google / cpc,91,0.475
2025-05-10,googleads,66,0.521
2025-05-10,AFFILIATE,4,0.69
2025-05-10,klaviyo,7,0.442
2025-05-10,facebook / paid,34,0.606
2025-05-10,email-campaign,5,0.465
2025-05-10,aff,7,0.691
2025-05-10,meta / social,24,0.551
2025-05-10,seo,8,0.317
2025-05-10,seo,3,0.444
2025-05-11,meta / social,83,0.457
2025-05-11,email / newsletter,3,0.494
2025-05-11,AFFILIATE,12,0.667
2025-05-11,organic,10,0.416
2025-05-11,email-campaign,6,0.509
2025-05-11,adwords,76,0.439
2025-05-11,partner-network,5,0.597
2025-05-11,partner-network,2,0.655
2025-05-11,(organic),7,0.391
2025-05-12,google-ads,36,0.505
2025-05-12,aff,19,0.626
2025-05-12,adwords,48,0.487
2025-05-12,facebook / paid,86,0.531
2025-05-12,klaviyo,4,0.501
2025-05-12,(organic),3,0.301
2025-05-12,klaviyo,5,0.386
2025-05-12,google / organic,2,0.345
2025-05-13,email-campaign,9,0.514
2025-05-13,google-ads,52,0.424
2025-05-13,aff,10,0.679
2025-05-13,meta / social,56,0.562
2025-05-13,adwords,51,0.551
2025-05-13,google / organic,6,0.396
2025-05-14,(organic),5,0.446
2025-05-14,email-campaign,7,0.543
2025-05-14,adwords,46,0.511
2025-05-14,klaviyo,6,0.512
2025-05-14,(organic),7,0.464
2025-05-14,aff,6,0.711
2025-05-14,meta / social,83,0.575
2025-05-14,aff,6,0.68
2025-05-14,adwords,43,0.471
2025-05-15,adwords,36,0.368
2025-05-15,email / newsletter,9,0.406
2025-05-15,FB,42,0.586
2025-05-15,meta / social,38,0.592
2025-05-15,seo,8,0.416
2025-05-15,aff,7,0.588
2025-05-15,googleads,36,0.607
2025-05-15,affiliate / partner,5,0.669
2025-05-15,(organic),11,0.351
2025-05-16,klaviyo,6,0.406
2025-05-16,(organic),13,0.291
2025-05-16,partner-network,21,0.667
2025-05-16,adwords,32,0.493
2025-05-16,googleads,36,0.371
2025-05-16,Email,5,0.475
2025-05-16,meta / social,37,0.527
2025-05-16,facebook / paid,26,0.532
2025-05-17,adwords,43,0.407
2025-05-17,seo,4,0.439
2025-05-17,facebook / paid,22,0.598
2025-05-17,(organic),5,0.402
2025-05-17,Email,11,0.496
2025-05-17,google / organic,6,0.328
2025-05-17,google-ads,43,0.396
2025-05-17,meta / social,21,0.542
2025-05-17,aff,14,0.699
2025-05-18,email / newsletter,5,0.49
2025-05-18,(organic),4,0.383
2025-05-18,FB,19,0.608
2025-05-18,Email,3,0.408
2025-05-18,googleads,20,0.532
2025-05-18,google / cpc,28,0.516
2025-05-18,AFFILIATE,17,0.54
2025-05-18,fb_paid,28,0.62
2025-05-18,FB,17,0.586
2025-05-18,seo,2,0.379
2025-05-18,adwords,24,0.317
2025-05-19,seo,10,0.419
2025-05-19,organic,10,0.412
2025-05-19,google / cpc,36,0.367
2025-05-19,adwords,31,0.486
2025-05-19,klaviyo,14,0.383
2025-05-19,aff,12,0.649
2025-05-19,FB,80,0.519
2025-05-19,partner-network,15,0.654
2025-05-20,meta / social,18,0.646
2025-05-20,AFFILIATE,5,0.718
2025-05-20,email / newsletter,10,0.406
2025-05-20,organic,5,0.454
2025-05-20,google / cpc,44,0.407
2025-05-20,FB,26,0.593
2025-05-20,(organic),7,0.522
2025-05-20,google / cpc,50,0.466
2025-05-20,fb_paid,23,0.628
2025-05-20,partner-network,5,0.597
2025-05-20,AFFILIATE,5,0.627
2025-05-21,FB,77,0.549
2025-05-21,google / organic,6,0.474
2025-05-21,affiliate / partner,2,0.642
2025-05-21,klaviyo,4,0.433
2025-05-21,googleads,50,0.555
2025-05-21,seo,3,0.279
2025-05-21,organic,5,0.525
2025-05-21,Email,7,0.466
2025-05-21,adwords,49,0.573
2025-05-21,AFFILIATE,10,0.656
2025-05-22,googleads,32,0.505
2025-05-22,email-campaign,12,0.459
2025-05-22,seo,7,0.398
2025-05-22,aff,19,0.514
2025-05-22,google-ads,29,0.51
2025-05-22,meta / social,36,0.546
2025-05-22,google-ads,25,0.478
2025-05-22,meta / social,29,0.57
2025-05-22,(organic),8,0.38
2025-05-23,Email,6,0.411
2025-05-23,AFFILIATE,20,0.652
2025-05-23,organic,12,0.42
2025-05-23,googleads,110,0.443
2025-05-23,facebook / paid,69,0.621
2025-05-23,Email,5,0.357
2025-05-24,affiliate / partner,25,0.586
2025-05-24,FB,38,0.532
2025-05-24,(organic),8,0.471
2025-05-24,fb_paid,45,0.556
2025-05-24,Email,4,0.342
2025-05-24,google-ads,49,0.46
2025-05-24,email / newsletter,4,0.526
2025-05-25,google / organic,-16,0.361
2025-05-25,AFFILIATE,12,0.573
2025-05-25,klaviyo,2,0.453
2025-05-25,google / cpc,53,0.366
2025-05-25,adwords,58,0.485
2025-05-25,meta / social,101,0.565
2025-05-25,email-campaign,11,0.364
2025-05-26,affiliate / partner,6,0.696
2025-05-26,email / newsletter,5,0.51
2025-05-26,google / organic,7,0.392
2025-05-26,google-ads,45,0.501
2025-05-26,AFFILIATE,10,0.534
2025-05-26,seo,8,0.416
2025-05-26,googleads,41,0.551
2025-05-26,meta / social,61,0.581
2025-05-26,email-campaign,7,0.411
2025-05-27,facebook / paid,83,0.599
2025-05-27,Email,1,0.443
2025-05-27,google / organic,9,0.453
2025-05-27,klaviyo,2,0.485
2025-05-27,googleads,41,0.373
2025-05-27,google / cpc,49,0.525
2025-05-27,aff,4,0.69
2025-05-27,(organic),8,0.457
2025-05-27,affiliate / partner,5,0.637
2025-05-27,email-campaign,2,0.424
2025-05-28,FB,30,0.61
2025-05-28,organic,1,0.445
2025-05-28,AFFILIATE,9,0.698
2025-05-28,email / newsletter,3,0.401
2025-05-28,googleads,118,0.447
2025-05-28,meta / social,32,0.563
2025-05-28,partner-network,8,0.536
2025-05-28,google / organic,6,0.267
2025-05-28,Email,3,0.45
2025-05-28,(organic),1,0.447
2025-05-28,meta / social,33,0.698
2025-05-29,fb_paid,27,0.537
2025-05-29,googleads,57,0.405
2025-05-29,aff,10,0.53
2025-05-29,google / cpc,43,0.439
2025-05-29,(organic),6,0.36
2025-05-29,organic,5,0.531
2025-05-29,klaviyo,5,0.428
2025-05-29,affiliate / partner,9,0.639
2025-05-29,facebook / paid,23,0.529
2025-05-29,FB,17,0.607
2025-05-29,Email,3,0.518
2025-05-30,facebook / paid,67,0.605
2025-05-30,partner-network,3,0.638
2025-05-30,Email,10,0.44
2025-05-30,partner-network,6,0.617
2025-05-30,affiliate / partner,3,0.716
2025-05-30,google / cpc,29,0.444
2025-05-30,adwords,29,0.471
2025-05-30,(organic),5,0.419
2025-05-30,seo,3,0.426
2025-05-31,partner-network,6,0.661
2025-05-31,klaviyo,2,0.421
2025-05-31,meta / social,12,0.542
2025-05-31,fb_paid,13,0.533
2025-05-31,aff,4,0.57
2025-05-31,google / organic,3,0.388
2025-05-31,google / organic,1,0.366
2025-05-31,organic,4,0.389
2025-05-31,fb_paid,16,0.552
2025-05-31,google / cpc,93,0.438
2025-05-31,klaviyo,3,0.417
2025-06-01,google / organic,7,0.457
2025-06-01,google-ads,46,0.486
2025-06-01,FB,20,0.511
2025-06-01,Email,5,0.466
2025-06-01,google-ads,30,0.45
2025-06-01,AFFILIATE,7,0.699
2025-06-01,meta / social,16,0.601
2025-06-01,aff,6,0.713
2025-06-01,meta / social,21,0.624
2025-06-01,google / organic,2,0.461
2025-06-02,aff,7,0.593
2025-06-02,klaviyo,4,0.433
2025-06-02,adwords,23,0.419
2025-06-02,facebook / paid,56,0.68
2025-06-02,googleads,22,0.491
2025-06-02,aff,1,0.694
2025-06-02,googleads,26,0.438
2025-06-02,klaviyo,3,0.582
2025-06-02,partner-network,5,0.635
2025-06-02,google / organic,11,0.391
2025-06-03,adwords,26,0.484
2025-06-03,fb_paid,93,0.6
2025-06-03,(organic),20,0.25
2025-06-03,email-campaign,15,0.451
2025-06-03,adwords,34,0.455
2025-06-03,google-ads,32,0.493
2025-06-03,klaviyo,7,0.379
2025-06-03,affiliate / partner,21,0.626
2025-06-04,google / cpc,67,0.378
2025-06-04,affiliate / partner,10,0.552
2025-06-04,klaviyo,20,0.444
2025-06-04,seo,8,0.321
2025-06-04,google / organic,4,0.381
2025-06-04,aff,9,0.678
2025-06-04,FB,68,0.594
2025-06-05,meta / social,29,0.504
2025-06-05,klaviyo,13,0.454
2025-06-05,meta / social,34,0.53
2025-06-05,adwords,39,0.436
2025-06-05,google-ads,30,0.512
2025-06-05,AFFILIATE,21,0.457
2025-06-05,google-ads,29,0.472
2025-06-05,organic,5,0.405
2025-06-05,email-campaign,15,0.436
2025-06-05,organic,5,0.399
2025-06-06,partner-network,3,0.568
2025-06-06,fb_paid,20,0.542
2025-06-06,googleads,62,0.425
2025-06-06,partner-network,5,0.694
2025-06-06,google / organic,2,0.343
2025-06-06,Email,5,0.467
2025-06-06,email / newsletter,4,0.487
2025-06-06,seo,4,0.38
2025-06-06,meta / social,21,0.509
2025-06-07,partner-network,9,0.572
2025-06-07,googleads,22,0.467
2025-06-07,fb_paid,26,0.479
2025-06-07,(organic),10,0.461
2025-06-07,google-ads,30,0.472
2025-06-07,(organic),5,0.312
2025-06-07,email / newsletter,5,0.419
2025-06-07,facebook / paid,16,0.599
2025-06-07,partner-network,8,0.452
2025-06-07,klaviyo,4,0.498
2025-06-07,Email,1,0.464
2025-06-08,email / newsletter,8,0.458
2025-06-08,organic,6,0.467
2025-06-08,seo,6,0.399
2025-06-08,partner-network,7,0.646
2025-06-08,google / cpc,24,0.394
2025-06-08,meta / social,52,0.544
2025-06-08,aff,5,0.644
2025-06-08,google-ads,23,0.385
2025-06-09,adwords,49,0.488
2025-06-09,AFFILIATE,7,0.672
2025-06-09,facebook / paid,41,0.516
2025-06-09,aff,3,0.685
2025-06-09,organic,3,0.454
2025-06-09,email-campaign,17,0.527
2025-06-09,googleads,44,0.534
2025-06-09,organic,5,0.516
2025-06-09,affiliate / partner,4,0.544
2025-06-10,aff,6,0.711
2025-06-10,AFFILIATE,4,0.596
2025-06-10,Email,15,0.431
2025-06-10,seo,2,0.447
2025-06-10,FB,31,0.673
2025-06-10,organic,4,0.342
2025-06-10,adwords,88,0.425
2025-06-10,facebook / paid,24,0.65
2025-06-11,email / newsletter,4,0.424
2025-06-11,seo,4,0.354
2025-06-11,Email,5,0.496
2025-06-11,google-ads,30,0.498
2025-06-11,partner-network,21,0.7
2025-06-11,google-ads,23,0.549
2025-06-11,meta / social,86,0.536
2025-06-11,seo,9,0.405
2025-06-12,organic,2,0.397
2025-06-12,aff,7,0.584
2025-06-12,email / newsletter,8,0.43
2025-06-12,google / cpc,37,0.567
2025-06-12,google / organic,5,0.409
2025-06-12,google / cpc,25,0.525
2025-06-12,FB,16,0.704
2025-06-12,facebook / paid,21,0.514
2025-06-12,google / organic,1,0.337
2025-06-12,partner-network,8,0.592
2025-06-13,affiliate / partner,7,0.654
2025-06-13,partner-network,5,0.633
2025-06-13,meta / social,14,0.608
2025-06-13,google / organic,7,0.411
2025-06-13,FB,15,0.48
2025-06-13,klaviyo,8,0.364
2025-06-13,FB,7,0.492
2025-06-13,(organic),4,0.497
2025-06-13,googleads,25,0.482
2025-06-13,google / cpc,23,0.489
2025-06-13,google / cpc,23,0.37
2025-06-13,partner-network,4,0.624
2025-06-13,Email,3,0.441
2025-06-14,Email,7,0.447
2025-06-14,google-ads,30,0.478
2025-06-14,fb_paid,15,0.548
2025-06-14,fb_paid,16,0.542
2025-06-14,(organic),5,0.346
2025-06-14,aff,3,0.601
2025-06-14,google-ads,24,0.466
2025-06-14,AFFILIATE,7,0.706
2025-06-14,FB,12,0.576
2025-06-14,organic,5,0.388
2025-06-14,email-campaign,11,0.412
2025-06-15,AFFILIATE,7,0.551
2025-06-15,seo,12,0.488
2025-06-15,google / cpc,28,0.452
2025-06-15,email-campaign,5,0.459
2025-06-15,meta / social,33,0.619
2025-06-15,google-ads,30,0.424
2025-06-15,google-ads,29,0.534
2025-06-15,affiliate / partner,5,0.603
2025-06-15,Email,6,0.384
2025-06-15,fb_paid,29,0.637
2025-06-16,klaviyo,2,0.364
2025-06-16,email-campaign,4,0.441
2025-06-16,facebook / paid,11,0.591
2025-06-16,meta / social,16,0.538
2025-06-16,partner-network,26,0.606
2025-06-16,google-ads,45,0.465
2025-06-16,Email,6,0.413
2025-06-16,organic,8,0.5
2025-06-16,google-ads,43,0.534
2025-06-16,meta / social,10,0.61
2025-06-16,seo,5,0.38
2025-06-17,google-ads,80,0.474
2025-06-17,seo,7,0.341
2025-06-17,AFFILIATE,19,0.672
2025-06-17,email-campaign,10,0.497
2025-06-17,facebook / paid,16,0.537
2025-06-17,fb_paid,15,0.617
2025-06-17,google / organic,8,0.575
2025-06-17,facebook / paid,26,0.663
2025-06-18,fb_paid,19,0.629
2025-06-18,Email,7,0.373
2025-06-18,adwords,33,0.49
2025-06-18,fb_paid,33,0.687
2025-06-18,google / organic,4,0.328
2025-06-18,email / newsletter,7,0.321
2025-06-18,google / cpc,38,0.436
2025-06-18,aff,8,0.693
2025-06-18,AFFILIATE,6,0.467
2025-06-18,google / organic,3,0.47
2025-06-19,FB,46,0.526
2025-06-19,Email,4,0.496
2025-06-19,google-ads,15,0.366
2025-06-19,google / organic,1,0.434
2025-06-19,organic,4,0.44
2025-06-19,Email,9,0.376
2025-06-19,AFFILIATE,7,0.611
2025-06-19,google / cpc,30,0.489
2025-06-19,google / cpc,22,0.499
2025-06-19,klaviyo,4,0.463
2025-06-19,(organic),3,0.362
2025-06-20,AFFILIATE,8,0.656
2025-06-20,seo,2,0.495
2025-06-20,FB,30,0.579
2025-06-20,googleads,32,0.624
2025-06-20,email-campaign,23,0.431
2025-06-20,googleads,39,0.429
2025-06-20,organic,8,0.344
2025-06-20,meta / social,26,0.62
2025-06-20,affiliate / partner,13,0.604
2025-06-21,adwords,24,0.581
2025-06-21,aff,5,0.587
2025-06-21,google / organic,4,0.525
2025-06-21,meta / social,20,0.544
2025-06-21,affiliate / partner,11,0.633
2025-06-21,googleads,31,0.547
2025-06-21,seo,4,0.32
2025-06-21,facebook / paid,21,0.582
2025-06-21,Email,11,0.423
2025-06-22,email-campaign,7,0.527
2025-06-22,fb_paid,34,0.57
2025-06-22,email-campaign,5,0.424
2025-06-22,organic,6,0.43
2025-06-22,meta / social,23,0.635
2025-06-22,googleads,74,0.47
2025-06-22,aff,22,0.735
2025-06-22,organic,5,0.441
2025-06-22,email-campaign,9,0.597
2025-06-23,email / newsletter,3,0.493
2025-06-23,affiliate / partner,9,0.62
2025-06-23,FB,58,0.57
2025-06-23,AFFILIATE,8,0.632
2025-06-23,AFFILIATE,8,0.682
2025-06-23,google / cpc,37,0.475
2025-06-23,klaviyo,3,0.557
2025-06-23,seo,5,0.443
2025-06-23,google-ads,44,0.524
2025-06-23,seo,7,0.353
2025-06-24,FB,58,0.529
2025-06-24,adwords,26,0.4
2025-06-24,organic,2,0.431
2025-06-24,organic,5,0.282
2025-06-24,email / newsletter,5,0.554
2025-06-24,klaviyo,-8,0.402
2025-06-24,partner-network,20,0.62
2025-06-24,organic,4,0.379
2025-06-24,google-ads,31,0.603
2025-06-25,facebook / paid,16,0.542
2025-06-25,AFFILIATE,3,0.707
2025-06-25,google / cpc,83,0.5
2025-06-25,fb_paid,21,0.586
2025-06-25,partner-network,4,0.65
2025-06-25,klaviyo,13,0.42
2025-06-25,organic,10,0.391
2025-06-25,fb_paid,14,0.566
2025-06-26,google / organic,6,0.381
2025-06-26,email / newsletter,5,0.507
2025-06-26,facebook / paid,38,0.633
2025-06-26,klaviyo,4,0.435
2025-06-26,(organic),5,0.425
2025-06-26,email / newsletter,3,0.441
2025-06-26,fb_paid,24,0.597
2025-06-26,affiliate / partner,16,0.633
2025-06-26,adwords,92,0.441
2025-06-27,adwords,29,0.502
2025-06-27,Email,17,0.423
2025-06-27,aff,11,0.527
2025-06-27,organic,13,0.409
2025-06-27,FB,22,0.571
2025-06-27,adwords,34,0.501
2025-06-27,FB,26,0.605
2025-06-27,affiliate / partner,13,0.583
2025-06-28,aff,6,0.563
2025-06-28,AFFILIATE,3,0.654
2025-06-28,email / newsletter,5,0.448
2025-06-28,email / newsletter,5,0.529
2025-06-28,seo,3,0.527
2025-06-28,affiliate / partner,8,0.65
2025-06-28,FB,26,0.537
2025-06-28,fb_paid,33,0.515
2025-06-28,google / organic,6,0.477
2025-06-28,google / cpc,69,0.453
2025-06-28,email / newsletter,3,0.343
2025-06-29,aff,8,0.664
2025-06-29,(organic),1,0.416
2025-06-29,meta / social,53,0.579
2025-06-29,fb_paid,36,0.551
2025-06-29,google-ads,48,0.419
2025-06-29,klaviyo,5,0.527
2025-06-29,email / newsletter,2,0.43
2025-06-29,google / cpc,34,0.397
2025-06-29,(organic),6,0.357
2025-06-29,(organic),8,0.407
2025-06-29,Email,3,0.471
2025-06-29,AFFILIATE,13,0.659
2025-06-30,email-campaign,2,0.425
2025-06-30,klaviyo,5,0.511
2025-06-30,affiliate / partner,10,0.752
2025-06-30,google-ads,44,0.479
2025-06-30,fb_paid,40,0.571
2025-06-30,(organic),5,0.398
2025-06-30,google / cpc,40,0.443
2025-06-30,email / newsletter,3,0.491
2025-06-30,partner-network,13,0.6
2025-07-01,facebook / paid,82,0.518
2025-07-01,seo,14,0.353
2025-07-01,email / newsletter,4,0.468
2025-07-01,google-ads,71,0.475
2025-07-01,seo,5,0.478
2025-07-01,aff,8,0.648
2025-07-01,affiliate / partner,8,0.674
2025-07-01,email / newsletter,3,0.398
2025-07-01,email / newsletter,6,0.574
2025-07-02,email-campaign,3,0.406
2025-07-02,FB,41,0.587
2025-07-02,klaviyo,1,0.462
2025-07-02,Email,1,0.479
2025-07-02,seo,8,0.408
2025-07-02,google / cpc,55,0.537
2025-07-02,affiliate / partner,23,0.658
2025-07-02,fb_paid,40,0.498
2025-07-03,email-campaign,5,0.328
2025-07-03,meta / social,28,0.494
2025-07-03,partner-network,11,0.661
2025-07-03,klaviyo,3,0.454
2025-07-03,facebook / paid,29,0.651
2025-07-03,aff,12,0.722
2025-07-03,seo,3,0.419
2025-07-03,googleads,71,0.46
2025-07-03,seo,6,0.377
2025-07-04,google / organic,7,0.463
2025-07-04,klaviyo,7,0.376
2025-07-04,facebook / paid,31,0.545
2025-07-04,aff,7,0.502
2025-07-04,partner-network,2,0.618
2025-07-04,meta / social,33,0.573
2025-07-04,(organic),7,0.445
2025-07-04,adwords,54,0.468
2025-07-04,Email,4,0.464
2025-07-04,partner-network,6,0.596
2025-07-04,google-ads,51,0.447
2025-07-05,fb_paid,40,0.614
2025-07-05,(organic),2,0.397
2025-07-05,googleads,73,0.405
2025-07-05,seo,1,0.444
2025-07-05,affiliate / partner,11,0.664
2025-07-05,partner-network,9,0.609
2025-07-05,email-campaign,3,0.358
2025-07-05,klaviyo,3,0.406
2025-07-05,email / newsletter,1,0.395
2025-07-06,seo,5,0.416
2025-07-06,Email,5,0.389
2025-07-06,organic,9,0.444
2025-07-06,google / cpc,24,0.626
2025-07-06,googleads,35,0.5
2025-07-06,googleads,26,0.452
2025-07-06,klaviyo,5,0.394
2025-07-06,affiliate / partner,25,0.645
2025-07-06,meta / social,63,0.659
2025-07-07,email / newsletter,5,0.384
2025-07-07,FB,15,0.586
2025-07-07,google / organic,3,0.46
2025-07-07,email-campaign,5,0.448
2025-07-07,FB,23,0.595
2025-07-07,aff,9,0.654
2025-07-07,adwords,47,0.536
2025-07-07,googleads,44,0.431
2025-07-07,affiliate / partner,12,0.564
2025-07-07,(organic),5,0.3
2025-07-07,email-campaign,2,0.372
2025-07-08,google-ads,33,0.572
2025-07-08,google / organic,2,0.403
2025-07-08,klaviyo,7,0.376
2025-07-08,google / organic,3,0.433
2025-07-08,google-ads,34,0.427
2025-07-08,facebook / paid,36,0.62
2025-07-08,affiliate / partner,8,0.714
2025-07-08,(organic),4,0.444
2025-07-08,partner-network,7,0.557
2025-07-08,email / newsletter,5,0.475
2025-07-08,meta / social,38,0.556
2025-07-08,affiliate / partner,4,0.557
2025-07-09,klaviyo,9,0.424
2025-07-09,FB,43,0.654
2025-07-09,email / newsletter,2,0.511
2025-07-09,aff,2,0.723
2025-07-09,organic,3,0.397
2025-07-09,google / organic,6,0.562
2025-07-09,adwords,48,0.462
2025-07-09,aff,5,0.568
2025-07-09,google / cpc,44,0.372
2025-07-09,affiliate / partner,6,0.646
2025-07-10,google-ads,24,0.44
2025-07-10,affiliate / partner,12,0.606
2025-07-10,FB,25,0.667
2025-07-10,google / organic,1,0.445
2025-07-10,google-ads,24,0.449
2025-07-10,email / newsletter,7,0.341
2025-07-10,(organic),6,0.486
2025-07-10,google / cpc,28,0.537
2025-07-10,affiliate / partner,12,0.62
2025-07-10,meta / social,30,0.596
2025-07-10,email-campaign,2,0.508
2025-07-10,(organic),1,0.303
2025-07-10,email-campaign,7,0.448
2025-07-11,organic,11,0.368
2025-07-11,google-ads,46,0.432
2025-07-11,AFFILIATE,21,0.563
2025-07-11,Email,6,0.489
2025-07-11,google-ads,45,0.511
2025-07-11,fb_paid,39,0.556
2025-07-11,email / newsletter,2,0.532
2025-07-11,organic,5,0.347
2025-07-12,(organic),3,0.396
2025-07-12,FB,54,0.608
2025-07-12,organic,10,0.44
2025-07-12,adwords,33,0.441
2025-07-12,aff,17,0.545
2025-07-12,Email,4,0.404
2025-07-12,googleads,37,0.38
2025-07-12,klaviyo,4,0.47
2025-07-13,AFFILIATE,4,0.617
2025-07-13,email-campaign,12,0.435
2025-07-13,(organic),4,0.426
2025-07-13,aff,7,0.704
2025-07-13,fb_paid,56,0.52
2025-07-13,(organic),4,0.419
2025-07-13,email-campaign,3,0.471
2025-07-13,(organic),1,0.426
2025-07-13,google-ads,64,0.502
2025-07-14,meta / social,37,0.558
2025-07-14,seo,13,0.396
2025-07-14,google-ads,74,0.547
2025-07-14,affiliate / partner,11,0.516
2025-07-14,email / newsletter,4,0.445
2025-07-14,FB,32,0.502
2025-07-14,googleads,61,0.405
2025-07-14,email / newsletter,7,0.366
2025-07-14,affiliate / partner,12,0.603
2025-07-15,googleads,32,0.568
2025-07-15,google / cpc,39,0.503
2025-07-15,(organic),7,0.458
2025-07-15,facebook / paid,55,0.57
2025-07-15,google-ads,34,0.454
2025-07-15,AFFILIATE,10,0.666
2025-07-15,Email,11,0.475
2025-07-15,aff,6,0.672
2025-07-15,partner-network,4,0.697
2025-07-16,partner-network,12,0.704
2025-07-16,email-campaign,8,0.436
2025-07-16,facebook / paid,34,0.573
2025-07-16,organic,3,0.378
2025-07-16,googleads,44,0.486
2025-07-16,adwords,30,0.409
2025-07-16,meta / social,38,0.66
2025-07-16,Email,3,0.385
2025-07-16,AFFILIATE,7,0.664
2025-07-17,(organic),4,0.358
2025-07-17,adwords,61,0.487
2025-07-17,FB,77,0.579
2025-07-17,google / organic,5,0.473
2025-07-17,email / newsletter,15,0.413
2025-07-17,AFFILIATE,7,0.558
2025-07-17,AFFILIATE,10,0.6
2025-07-17,affiliate / partner,7,0.684
2025-07-17,seo,5,0.403
2025-07-18,google / cpc,24,0.5
2025-07-18,google / organic,13,0.366
2025-07-18,google / cpc,31,0.502
2025-07-18,meta / social,40,0.591
2025-07-18,email / newsletter,3,0.455
2025-07-18,email-campaign,5,0.366
2025-07-18,AFFILIATE,7,0.572
2025-07-18,fb_paid,18,0.667
2025-07-18,affiliate / partner,6,0.575
2025-07-19,google-ads,104,0.498
2025-07-19,seo,6,0.469
2025-07-19,seo,2,0.318
2025-07-19,meta / social,17,0.601
2025-07-19,email-campaign,4,0.473
2025-07-19,meta / social,24,0.556
2025-07-19,AFFILIATE,7,0.671
2025-07-19,affiliate / partner,4,0.602
2025-07-19,email-campaign,6,0.526
2025-07-20,aff,8,0.663
2025-07-20,klaviyo,8,0.342
2025-07-20,facebook / paid,26,0.597
2025-07-20,seo,2,0.307
2025-07-20,google-ads,58,0.446
2025-07-20,google / organic,3,0.306
2025-07-20,fb_paid,27,0.576
2025-07-20,AFFILIATE,6,0.608
2025-07-20,googleads,57,0.492
2025-07-21,google / cpc,96,0.537
2025-07-21,fb_paid,34,0.547
2025-07-21,meta / social,31,0.49
2025-07-21,seo,10,0.48
2025-07-21,partner-network,21,0.68
2025-07-21,email / newsletter,17,0.455
2025-07-22,organic,2,0.554
2025-07-22,seo,6,0.388
2025-07-22,adwords,84,0.576
2025-07-22,aff,21,0.687
2025-07-22,FB,28,0.575
2025-07-22,klaviyo,17,0.459
2025-07-22,meta / social,17,0.549
2025-07-23,organic,11,0.498
2025-07-23,meta / social,56,0.607
2025-07-23,email-campaign,-4,0.471
2025-07-23,Email,9,0.46
2025-07-23,AFFILIATE,13,0.685
2025-07-23,google / cpc,112,0.476
2025-07-24,affiliate / partner,16,0.623
2025-07-24,klaviyo,11,0.398
2025-07-24,organic,10,0.422
2025-07-24,organic,9,0.507
2025-07-24,google / cpc,101,0.529
2025-07-24,FB,77,0.587
2025-07-25,Email,2,0.442
2025-07-25,facebook / paid,20,0.51
2025-07-25,facebook / paid,15,0.567
2025-07-25,googleads,43,0.488
2025-07-25,AFFILIATE,6,0.576
2025-07-25,googleads,42,0.546
2025-07-25,aff,10,0.676
2025-07-25,seo,15,0.417
2025-07-26,fb_paid,55,0.521
2025-07-26,googleads,28,0.461
2025-07-26,partner-network,6,0.583
2025-07-26,seo,10,0.349
2025-07-26,email-campaign,6,0.451
2025-07-26,partner-network,5,0.621
2025-07-26,Email,4,0.443
2025-07-26,google-ads,26,0.493
2025-07-26,organic,6,0.284
2025-07-27,(organic),4,0.355
2025-07-27,(organic),1,0.317
2025-07-27,Email,5,0.581
2025-07-27,aff,10,0.743
2025-07-27,google / cpc,96,0.401
2025-07-27,affiliate / partner,10,0.592
2025-07-27,email-campaign,4,0.395
2025-07-27,facebook / paid,58,0.506
2025-07-28,seo,6,0.419
2025-07-28,affiliate / partner,9,0.6
2025-07-28,googleads,44,0.508
2025-07-28,meta / social,27,0.516
2025-07-28,klaviyo,5,0.395
2025-07-28,email / newsletter,2,0.518
2025-07-28,email / newsletter,6,0.331
2025-07-28,AFFILIATE,3,0.677
2025-07-28,google-ads,46,0.463
2025-07-28,meta / social,23,0.542
2025-07-28,organic,5,0.388
2025-07-28,seo,2,0.368
2025-07-29,Email,4,0.412
2025-07-29,aff,17,0.67
2025-07-29,email / newsletter,4,0.321
2025-07-29,seo,4,0.417
2025-07-29,googleads,36,0.499
2025-07-29,google / cpc,32,0.559
2025-07-29,meta / social,53,0.479
2025-07-29,AFFILIATE,15,0.595
2025-07-30,seo,1,0.451
2025-07-30,affiliate / partner,13,0.644
2025-07-30,googleads,56,0.452
2025-07-30,email / newsletter,17,0.389
2025-07-30,organic,2,0.395
2025-07-30,FB,63,0.52
2025-07-31,organic,7,0.508
2025-07-31,google / cpc,69,0.448
2025-07-31,partner-network,9,0.694
2025-07-31,klaviyo,9,0.368
2025-07-31,klaviyo,7,0.481
2025-07-31,fb_paid,58,0.438
2025-07-31,google / organic,8,0.382
2025-08-01,google / organic,5,0.439
2025-08-01,google-ads,90,0.479
2025-08-01,FB,-23,0.646
2025-08-01,affiliate / partner,6,0.6
2025-08-01,google / organic,3,0.465
2025-08-01,AFFILIATE,7,0.764
2025-08-01,seo,2,0.447
2025-08-01,AFFILIATE,6,0.551
2025-08-01,meta / social,29,0.665
2025-08-01,email-campaign,8,0.412
2025-08-02,AFFILIATE,2,0.555
2025-08-02,meta / social,52,0.649
2025-08-02,email / newsletter,6,0.447
2025-08-02,partner-network,2,0.651
2025-08-02,klaviyo,2,0.486
2025-08-02,google / organic,4,0.408
2025-08-02,partner-network,4,0.735
2025-08-02,(organic),1,0.463
2025-08-02,google-ads,59,0.534
2025-08-03,email / newsletter,4,0.44
2025-08-03,fb_paid,21,0.621
2025-08-03,meta / social,18,0.711
2025-08-03,adwords,60,0.432
2025-08-03,adwords,58,0.45
2025-08-03,affiliate / partner,8,0.681
2025-08-03,FB,14,0.574
2025-08-03,(organic),8,0.36
2025-08-03,Email,2,0.476
2025-08-03,AFFILIATE,11,0.652
2025-08-03,organic,8,0.406
2025-08-04,(organic),6,0.378
2025-08-04,affiliate / partner,9,0.516
2025-08-04,Email,15,0.473
2025-08-04,facebook / paid,28,0.562
2025-08-04,googleads,37,0.422
2025-08-04,affiliate / partner,18,0.643
2025-08-04,googleads,26,0.425
2025-08-04,google / organic,5,0.293
2025-08-04,facebook / paid,29,0.591
2025-08-05,organic,15,0.332
2025-08-05,google / cpc,44,0.344
2025-08-05,facebook / paid,13,0.553
2025-08-05,facebook / paid,19,0.621
2025-08-05,FB,17,0.445
2025-08-05,Email,3,0.471
2025-08-05,googleads,32,0.474
2025-08-05,AFFILIATE,21,0.551
2025-08-05,Email,5,0.472
2025-08-06,affiliate / partner,7,0.568
2025-08-06,organic,4,0.485
2025-08-06,affiliate / partner,9,0.644
2025-08-06,meta / social,49,0.52
2025-08-06,email / newsletter,4,0.542
2025-08-06,adwords,29,0.42
2025-08-06,google / organic,4,0.313
2025-08-06,email-campaign,4,0.469
2025-08-06,Email,7,0.451
2025-08-06,google / cpc,24,0.597
2025-08-07,email-campaign,4,0.482
2025-08-07,google / organic,13,0.314
2025-08-07,adwords,28,0.529
2025-08-07,aff,21,0.624
2025-08-07,AFFILIATE,8,0.62
2025-08-07,Email,9,0.351
2025-08-07,google-ads,36,0.423
2025-08-07,meta / social,45,0.507
2025-08-08,google-ads,52,0.516
2025-08-08,Email,4,0.474
2025-08-08,meta / social,31,0.658
2025-08-08,AFFILIATE,19,0.678
2025-08-08,google / organic,8,0.375
2025-08-08,FB,30,0.514
2025-08-08,email-campaign,6,0.459
2025-08-08,partner-network,14,0.614
2025-08-09,email-campaign,4,0.477
2025-08-09,google / organic,6,0.441
2025-08-09,seo,4,0.47
2025-08-09,googleads,37,0.503
2025-08-09,adwords,28,0.406
2025-08-09,AFFILIATE,7,0.731
2025-08-09,fb_paid,19,0.619
2025-08-09,aff,16,0.651
2025-08-09,partner-network,7,0.619
2025-08-09,fb_paid,26,0.578
2025-08-10,FB,22,0.502
2025-08-10,Email,3,0.429
2025-08-10,FB,14,0.553
2025-08-10,organic,7,0.456
2025-08-10,AFFILIATE,11,0.604
2025-08-10,partner-network,9,0.539
2025-08-10,google-ads,58,0.533
2025-08-10,email / newsletter,7,0.388
2025-08-10,seo,4,0.439
2025-08-10,aff,9,0.648
2025-08-10,FB,21,0.565
2025-08-10,organic,4,0.425
2025-08-11,googleads,46,0.415
2025-08-11,facebook / paid,34,0.609
2025-08-11,klaviyo,3,0.427
2025-08-11,affiliate / partner,28,0.64
2025-08-11,FB,27,0.565
2025-08-11,email-campaign,4,0.507
2025-08-11,seo,10,0.387
2025-08-11,googleads,55,0.508
2025-08-11,google / organic,12,0.482
2025-08-12,organic,3,0.379
2025-08-12,meta / social,15,0.672
2025-08-12,aff,9,0.616
2025-08-12,meta / social,14,0.634
2025-08-12,affiliate / partner,8,0.668
2025-08-12,email-campaign,9,0.465
2025-08-12,google / organic,3,0.492
2025-08-12,googleads,80,0.407
2025-08-12,meta / social,14,0.587
2025-08-13,fb_paid,34,0.64
2025-08-13,google-ads,27,0.511
2025-08-13,google / organic,6,0.513
2025-08-13,affiliate / partner,26,0.548
2025-08-13,adwords,30,0.44
2025-08-13,google / cpc,29,0.465
2025-08-13,meta / social,18,0.542
2025-08-13,email-campaign,6,0.477
2025-08-13,organic,4,0.38
2025-08-13,Email,2,0.309
2025-08-14,affiliate / partner,8,0.613
2025-08-14,FB,23,0.546
2025-08-14,googleads,19,0.487
2025-08-14,seo,7,0.392
2025-08-14,Email,7,0.441
2025-08-14,FB,20,0.56
2025-08-14,adwords,23,0.46
2025-08-14,affiliate / partner,11,0.582
2025-08-14,(organic),9,0.423
2025-08-14,google-ads,16,0.539
2025-08-15,google / cpc,54,0.518
2025-08-15,aff,17,0.61
2025-08-15,seo,5,0.457
2025-08-15,fb_paid,17,0.607
2025-08-15,facebook / paid,12,0.574
2025-08-15,facebook / paid,19,0.548
2025-08-15,klaviyo,9,0.456
2025-08-16,meta / social,18,0.478
2025-08-16,google / cpc,24,0.491
2025-08-16,(organic),4,0.376
2025-08-16,organic,6,0.384
2025-08-16,affiliate / partner,11,0.536
2025-08-16,fb_paid,16,0.583
2025-08-16,email / newsletter,2,0.333
2025-08-16,email-campaign,4,0.277
2025-08-16,email-campaign,1,0.378
2025-08-16,meta / social,15,0.539
2025-08-16,googleads,27,0.52
2025-08-16,partner-network,6,0.603
2025-08-17,meta / social,32,0.665
2025-08-17,(organic),4,0.395
2025-08-17,email-campaign,7,0.329
2025-08-17,email-campaign,4,0.39
2025-08-17,FB,20,0.603
2025-08-17,email / newsletter,4,0.43
2025-08-17,google-ads,85,0.459
2025-08-17,AFFILIATE,20,0.547
2025-08-17,google / organic,8,0.414
2025-08-18,fb_paid,21,0.561
2025-08-18,facebook / paid,27,0.485
2025-08-18,seo,8,0.297
2025-08-18,partner-network,12,0.606
2025-08-18,(organic),7,0.382
2025-08-18,email / newsletter,11,0.415
2025-08-18,klaviyo,7,0.563
2025-08-18,googleads,25,0.489
2025-08-18,googleads,33,0.482
2025-08-18,affiliate / partner,15,0.626
2025-08-19,email-campaign,3,0.491
2025-08-19,FB,18,0.531
2025-08-19,email / newsletter,3,0.523
2025-08-19,googleads,18,0.416
2025-08-19,adwords,17,0.565
2025-08-19,facebook / paid,25,0.575
2025-08-19,aff,18,0.619
2025-08-19,googleads,15,0.53
2025-08-19,facebook / paid,20,0.662
2025-08-19,(organic),1,0.36
2025-08-20,partner-network,14,0.639
2025-08-20,google-ads,41,0.498
2025-08-20,meta / social,55,0.576
2025-08-20,Email,6,0.404
2025-08-20,(organic),4,0.471
2025-08-20,google / cpc,26,0.444
2025-08-20,AFFILIATE,12,0.587
2025-08-20,google / organic,1,0.404
2025-08-20,email / newsletter,5,0.335
2025-08-21,Email,3,0.497
2025-08-21,organic,5,0.452
2025-08-21,googleads,91,0.433
2025-08-21,AFFILIATE,13,0.528
2025-08-21,FB,24,0.602
2025-08-21,klaviyo,2,0.484
2025-08-21,facebook / paid,19,0.621
2025-08-21,AFFILIATE,13,0.544
2025-08-21,(organic),3,0.372
2025-08-21,email-campaign,1,0.524
2025-08-22,affiliate / partner,11,0.609
2025-08-22,google-ads,19,0.514
2025-08-22,google-ads,19,0.518
2025-08-22,meta / social,49,0.589
2025-08-22,aff,-6,0.58
2025-08-22,klaviyo,7,0.423
2025-08-22,organic,5,0.368
2025-08-22,google / organic,7,0.373
2025-08-23,affiliate / partner,10,0.746
2025-08-23,google / cpc,16,0.45
2025-08-23,AFFILIATE,11,0.684
2025-08-23,fb_paid,22,0.604
2025-08-23,seo,4,0.391
2025-08-23,fb_paid,19,0.633
2025-08-23,klaviyo,2,0.434
2025-08-23,email / newsletter,2,0.484
2025-08-23,googleads,20,0.441
2025-08-23,googleads,16,0.429
2025-08-23,seo,2,0.401
2025-08-24,adwords,38,0.465
2025-08-24,partner-network,25,0.677
2025-08-24,organic,5,0.39
2025-08-24,FB,32,0.654
2025-08-24,(organic),4,0.309
2025-08-24,email / newsletter,3,0.447
2025-08-24,google-ads,27,0.372
2025-08-24,Email,5,0.455
2025-08-24,Email,6,0.472
2025-08-25,googleads,78,0.494
2025-08-25,organic,2,0.408
2025-08-25,seo,2,0.346
2025-08-25,meta / social,37,0.665
2025-08-25,aff,20,0.728
2025-08-25,email / newsletter,3,0.44
2025-08-25,FB,46,0.45
2025-08-25,email-campaign,5,0.516
2025-08-25,organic,6,0.38
2025-08-26,seo,2,0.435
2025-08-26,seo,6,0.357
2025-08-26,(organic),3,0.471
2025-08-26,partner-network,27,0.738
2025-08-26,adwords,32,0.461
2025-08-26,Email,5,0.375
2025-08-26,meta / social,22,0.512
2025-08-26,FB,22,0.613
2025-08-26,google-ads,26,0.48
2025-08-26,email / newsletter,2,0.442
2025-08-26,googleads,28,0.441
2025-08-26,facebook / paid,23,0.615
2025-08-27,FB,39,0.67
2025-08-27,meta / social,32,0.483
2025-08-27,email / newsletter,8,0.367
2025-08-27,AFFILIATE,13,0.609
2025-08-27,googleads,40,0.478
2025-08-27,organic,6,0.372
2025-08-27,email-campaign,3,0.412
2025-08-27,google-ads,27,0.366
2025-08-27,affiliate / partner,13,0.527
2025-08-27,partner-network,8,0.688
2025-08-28,FB,41,0.682
2025-08-28,google / cpc,64,0.504
2025-08-28,email-campaign,9,0.475
2025-08-28,affiliate / partner,23,0.562
2025-08-28,google / organic,7,0.477
2025-08-28,AFFILIATE,18,0.634
2025-08-28,FB,31,0.673
2025-08-29,google-ads,42,0.531
2025-08-29,email-campaign,3,0.495
2025-08-29,partner-network,12,0.661
2025-08-29,AFFILIATE,5,0.567
2025-08-29,google-ads,51,0.468
2025-08-29,seo,15,0.416
2025-08-29,FB,16,0.585
2025-08-29,affiliate / partner,8,0.567
2025-08-29,facebook / paid,19,0.571
2025-08-29,klaviyo,3,0.468
2025-08-29,FB,8,0.626
2025-08-30,fb_paid,28,0.568
2025-08-30,google-ads,19,0.453
2025-08-30,google-ads,16,0.431
2025-08-30,Email,5,0.422
2025-08-30,seo,4,0.354
2025-08-30,FB,20,0.568
2025-08-30,klaviyo,4,0.314
2025-08-30,adwords,13,0.459
2025-08-30,seo,6,0.405
2025-08-30,partner-network,7,0.554
2025-08-30,aff,12,0.667
2025-08-31,email-campaign,5,0.351
2025-08-31,FB,33,0.473
2025-08-31,email / newsletter,6,0.505
2025-08-31,AFFILIATE,21,0.627
2025-08-31,seo,4,0.392
2025-08-31,googleads,73,0.508
2025-08-31,meta / social,27,0.539
2025-08-31,google / organic,10,0.405
2025-09-01,seo,15,0.492
2025-09-01,meta / social,39,0.557
2025-09-01,affiliate / partner,8,0.674
2025-09-01,klaviyo,6,0.317
2025-09-01,email-campaign,6,0.461
2025-09-01,affiliate / partner,11,0.558
2025-09-01,klaviyo,4,0.447
2025-09-01,fb_paid,66,0.594
2025-09-01,google / cpc,70,0.604
2025-09-02,google / organic,4,0.445
2025-09-02,klaviyo,4,0.498
2025-09-02,partner-network,15,0.564
2025-09-02,(organic),7,0.38
2025-09-02,affiliate / partner,6,0.586
2025-09-02,google / cpc,49,0.428
2025-09-02,facebook / paid,95,0.566
2025-09-02,email / newsletter,8,0.435
2025-09-02,adwords,51,0.513
2025-09-03,google / organic,10,0.445
2025-09-03,googleads,43,0.443
2025-09-03,google / organic,4,0.449
2025-09-03,googleads,42,0.365
2025-09-03,email-campaign,11,0.432
2025-09-03,AFFILIATE,12,0.639
2025-09-03,fb_paid,67,0.668
2025-09-03,AFFILIATE,11,0.627
2025-09-04,meta / social,74,0.603
2025-09-04,seo,6,0.462
2025-09-04,klaviyo,4,0.4
2025-09-04,adwords,90,0.337
2025-09-04,Email,8,0.455
2025-09-04,klaviyo,8,0.343
2025-09-04,partner-network,5,0.564
2025-09-04,google / organic,4,0.377
2025-09-04,AFFILIATE,9,0.669
2025-09-05,organic,2,0.419
2025-09-05,facebook / paid,15,0.585
2025-09-05,AFFILIATE,1,0.539
2025-09-05,aff,7,0.727
2025-09-05,FB,25,0.604
2025-09-05,FB,19,0.599
2025-09-05,email / newsletter,3,0.479
2025-09-05,organic,7,0.319
2025-09-05,(organic),5,0.381
2025-09-05,googleads,67,0.51
2025-09-05,email-campaign,1,0.466
2025-09-05,email / newsletter,7,0.387
2025-09-06,google / cpc,53,0.509
2025-09-06,affiliate / partner,21,0.555
2025-09-06,google / organic,5,0.39
2025-09-06,klaviyo,4,0.417
2025-09-06,email-campaign,6,0.455
2025-09-06,organic,4,0.353
2025-09-06,(organic),5,0.413
2025-09-06,facebook / paid,61,0.572
2025-09-07,FB,47,0.591
2025-09-07,email-campaign,12,0.473
2025-09-07,email-campaign,9,0.46
2025-09-07,AFFILIATE,8,0.643
2025-09-07,partner-network,1,0.636
2025-09-07,AFFILIATE,8,0.615
2025-09-07,(organic),15,0.456
2025-09-07,meta / social,44,0.682
2025-09-07,googleads,121,0.525
2025-09-08,partner-network,18,0.708
2025-09-08,adwords,31,0.481
2025-09-08,adwords,30,0.388
2025-09-08,klaviyo,14,0.482
2025-09-08,google / organic,15,0.296
2025-09-08,fb_paid,64,0.527
2025-09-09,(organic),7,0.538
2025-09-09,google / cpc,26,0.469
2025-09-09,seo,9,0.386
2025-09-09,AFFILIATE,15,0.664
2025-09-09,google / cpc,45,0.409
2025-09-09,fb_paid,88,0.59
2025-09-09,klaviyo,5,0.431
2025-09-09,email-campaign,10,0.425
2025-09-10,fb_paid,77,0.659
2025-09-10,google / cpc,44,0.463
2025-09-10,seo,8,0.324
2025-09-10,partner-network,17,0.636
2025-09-10,googleads,48,0.497
2025-09-10,email-campaign,15,0.453
2025-09-11,aff,2,0.648
2025-09-11,aff,8,0.55
2025-09-11,affiliate / partner,13,0.65
2025-09-11,google-ads,17,0.491
2025-09-11,google-ads,20,0.512
2025-09-11,google / organic,7,0.344
2025-09-11,email-campaign,10,0.407
2025-09-11,facebook / paid,76,0.545
2025-09-11,email-campaign,11,0.422
2025-09-11,googleads,15,0.483
2025-09-11,seo,7,0.349
2025-09-12,google-ads,19,0.386
2025-09-12,fb_paid,51,0.526
2025-09-12,aff,4,0.596
2025-09-12,google-ads,27,0.519
2025-09-12,FB,37,0.525
2025-09-12,seo,7,0.512
2025-09-12,partner-network,4,0.57
2025-09-12,email-campaign,5,0.347
2025-09-12,email / newsletter,5,0.524
2025-09-12,(organic),9,0.357
2025-09-12,googleads,27,0.45
2025-09-13,email-campaign,16,0.415
2025-09-13,googleads,33,0.408
2025-09-13,google / organic,9,0.373
2025-09-13,google / cpc,34,0.422
2025-09-13,affiliate / partner,12,0.649
2025-09-13,fb_paid,69,0.601
2025-09-14,seo,4,0.488
2025-09-14,fb_paid,71,0.52
2025-09-14,klaviyo,7,0.397
2025-09-14,google / organic,8,0.412
2025-09-14,google / organic,5,0.375
2025-09-14,aff,14,0.604
2025-09-14,google / cpc,42,0.596
2025-09-14,googleads,32,0.429
2025-09-14,email-campaign,3,0.314
2025-09-15,aff,13,0.512
2025-09-15,google / organic,7,0.435
2025-09-15,google / organic,3,0.298
2025-09-15,organic,4,0.357
2025-09-15,fb_paid,29,0.662
2025-09-15,email-campaign,7,0.39
2025-09-15,email-campaign,4,0.485
2025-09-15,partner-network,10,0.615
2025-09-15,Email,8,0.449
2025-09-15,fb_paid,31,0.516
2025-09-15,adwords,29,0.465
2025-09-15,google / cpc,32,0.395
2025-09-16,adwords,83,0.451
2025-09-16,seo,12,0.371
2025-09-16,email / newsletter,13,0.491
2025-09-16,FB,76,0.61
2025-09-16,partner-network,22,0.627
2025-09-16,organic,8,0.383
2025-09-17,partner-network,5,0.671
2025-09-17,email / newsletter,8,0.415
2025-09-17,aff,6,0.681
2025-09-17,Email,8,0.444
2025-09-17,organic,14,0.436
2025-09-17,google-ads,42,0.385
2025-09-17,FB,77,0.482
2025-09-17,google-ads,34,0.399
2025-09-17,klaviyo,6,0.393
2025-09-18,facebook / paid,73,0.473
2025-09-18,partner-network,10,0.712
2025-09-18,google / cpc,47,0.318
2025-09-18,affiliate / partner,16,0.516
2025-09-18,email / newsletter,9,0.327
2025-09-18,adwords,57,0.443
2025-09-18,seo,15,0.29
2025-09-18,email-campaign,7,0.306
2025-09-19,google / organic,12,0.472
2025-09-19,fb_paid,96,0.616
2025-09-19,adwords,70,0.483
2025-09-19,klaviyo,8,0.46
2025-09-19,AFFILIATE,17,0.654
2025-09-20,facebook / paid,32,0.67
2025-09-20,organic,10,0.372
2025-09-20,fb_paid,55,0.5
2025-09-20,google-ads,42,0.478
2025-09-20,aff,9,0.595
2025-09-20,email-campaign,4,0.453
2025-09-20,google / cpc,35,0.537
2025-09-20,affiliate / partner,5,0.686
2025-09-20,email / newsletter,5,0.475
2025-09-20,klaviyo,3,0.447
2025-09-20,seo,7,0.484
2025-09-21,affiliate / partner,5,0.565
2025-09-21,(organic),6,0.453
2025-09-21,affiliate / partner,7,0.603
2025-09-21,google-ads,54,0.4
2025-09-21,klaviyo,27,0.457
2025-09-21,facebook / paid,83,0.558
2025-09-21,google-ads,44,0.508
2025-09-21,seo,6,0.351
2025-09-22,AFFILIATE,12,0.557
2025-09-22,meta / social,18,0.578
2025-09-22,facebook / paid,24,0.658
2025-09-22,google / cpc,17,0.442
2025-09-22,FB,27,0.631
2025-09-22,google-ads,23,0.442
2025-09-22,email / newsletter,11,0.434
2025-09-22,(organic),11,0.461
2025-09-22,googleads,16,0.443
2025-09-22,email / newsletter,9,0.392
2025-09-23,klaviyo,2,0.477
2025-09-23,partner-network,18,0.722
2025-09-23,meta / social,41,0.585
2025-09-23,email / newsletter,2,0.383
2025-09-23,google-ads,33,0.572
2025-09-23,google-ads,36,0.5
2025-09-23,organic,2,0.419
2025-09-23,FB,33,0.607
2025-09-23,google / organic,7,0.453
2025-09-24,organic,3,0.428
2025-09-24,google / cpc,33,0.487
2025-09-24,email-campaign,18,0.359
2025-09-24,AFFILIATE,2,0.581
2025-09-24,meta / social,35,0.549
2025-09-24,facebook / paid,45,0.547
2025-09-24,seo,3,0.406
2025-09-24,adwords,20,0.578
2025-09-24,google-ads,25,0.529
2025-09-24,affiliate / partner,11,0.7
2025-09-24,affiliate / partner,5,0.64
2025-09-25,google / organic,8,0.463
2025-09-25,google / cpc,21,0.446
2025-09-25,googleads,16,0.468
2025-09-25,google-ads,19,0.433
2025-09-25,klaviyo,18,0.445
2025-09-25,affiliate / partner,9,0.729
2025-09-25,partner-network,5,0.667
2025-09-25,meta / social,63,0.672
2025-09-26,organic,20,0.453
2025-09-26,AFFILIATE,4,0.682
2025-09-26,email-campaign,3,0.489
2025-09-26,FB,19,0.568
2025-09-26,FB,30,0.541
2025-09-26,fb_paid,27,0.542
2025-09-26,google-ads,45,0.486
2025-09-26,Email,6,0.405
2025-09-26,partner-network,5,0.682
2025-09-26,AFFILIATE,4,0.675
2025-09-26,Email,7,0.404
2025-09-26,adwords,40,0.552
2025-09-27,klaviyo,11,0.378
2025-09-27,aff,7,0.636
2025-09-27,google-ads,78,0.505
2025-09-27,klaviyo,10,0.377
2025-09-27,affiliate / partner,10,0.72
2025-09-27,organic,9,0.398
2025-09-27,meta / social,59,0.548
2025-09-27,seo,5,0.26
2025-09-28,(organic),8,0.411
2025-09-28,FB,20,0.615
2025-09-28,klaviyo,18,0.403
2025-09-28,facebook / paid,26,0.614
2025-09-28,googleads,107,0.603
2025-09-28,affiliate / partner,20,0.677
2025-09-28,organic,2,0.382
2025-09-28,facebook / paid,30,0.528
2025-09-29,google / organic,4,0.415
2025-09-29,google / cpc,36,0.507
2025-09-29,adwords,29,0.462
2025-09-29,klaviyo,8,0.407
2025-09-29,seo,5,0.36
2025-09-29,google / cpc,28,0.556
2025-09-29,fb_paid,54,0.63
2025-09-29,klaviyo,5,0.408
2025-09-29,google / organic,2,0.413
2025-09-29,affiliate / partner,18,0.633
2025-09-30,facebook / paid,33,0.544
2025-09-30,meta / social,29,0.639
2025-09-30,google / cpc,66,0.433
2025-09-30,partner-network,15,0.736
2025-09-30,fb_paid,36,0.562
2025-09-30,google / organic,12,0.423
2025-09-30,email-campaign,10,0.378
2025-10-01,klaviyo,3,0.433
2025-10-01,email-campaign,6,0.421
2025-10-01,seo,5,0.397
2025-10-01,facebook / paid,76,0.58
2025-10-01,organic,6,0.395
2025-10-01,seo,3,0.434
2025-10-01,aff,3,0.684
2025-10-01,affiliate / partner,3,0.531
2025-10-01,affiliate / partner,5,0.596
2025-10-01,googleads,85,0.562
2025-10-01,email-campaign,2,0.499
2025-10-02,email / newsletter,4,0.515
2025-10-02,google / organic,16,0.421
2025-10-02,AFFILIATE,9,0.646
2025-10-02,google-ads,57,0.427
2025-10-02,FB,55,0.618
2025-10-02,klaviyo,10,0.408
2025-10-02,aff,7,0.62
2025-10-02,AFFILIATE,3,0.54
2025-10-03,aff,12,0.69
2025-10-03,email / newsletter,12,0.476
2025-10-03,partner-network,9,0.663
2025-10-03,FB,39,0.545
2025-10-03,google / organic,13,0.415
2025-10-03,meta / social,31,0.565
2025-10-03,google-ads,28,0.439
2025-10-03,google-ads,29,0.47
2025-10-03,klaviyo,10,0.338
2025-10-04,google-ads,20,0.443
2025-10-04,Email,6,0.46
2025-10-04,affiliate / partner,3,0.678
2025-10-04,Email,7,0.481
2025-10-04,seo,16,0.405
2025-10-04,partner-network,9,0.678
2025-10-04,adwords,24,0.526
2025-10-04,meta / social,60,0.73
2025-10-05,facebook / paid,72,0.576
2025-10-05,google-ads,29,0.541
2025-10-05,aff,22,0.75
2025-10-05,google-ads,39,0.441
2025-10-05,email / newsletter,16,0.434
2025-10-05,organic,19,0.441
2025-10-06,Email,9,0.416
2025-10-06,aff,4,0.602
2025-10-06,organic,14,0.411
2025-10-06,fb_paid,66,0.718
2025-10-06,affiliate / partner,15,0.597
2025-10-06,google / cpc,76,0.437
2025-10-06,email-campaign,9,0.479
2025-10-07,partner-network,14,0.653
2025-10-07,google / cpc,96,0.513
2025-10-07,email / newsletter,4,0.433
2025-10-07,(organic),8,0.373
2025-10-07,klaviyo,5,0.433
2025-10-07,seo,7,0.433
2025-10-07,FB,36,0.594
2025-10-07,email / newsletter,2,0.485
2025-10-07,meta / social,29,0.594
2025-10-08,FB,77,0.622
2025-10-08,Email,5,0.346
2025-10-08,Email,7,0.46
2025-10-08,adwords,81,0.436
2025-10-08,organic,7,0.356
2025-10-08,organic,8,0.349
2025-10-08,partner-network,17,0.662
2025-10-09,organic,8,0.393
2025-10-09,google-ads,27,0.466
2025-10-09,Email,7,0.505
2025-10-09,google / organic,2,0.427
2025-10-09,meta / social,62,0.643
2025-10-09,google / cpc,36,0.532
2025-10-09,affiliate / partner,39,0.55
2025-10-10,email / newsletter,5,0.484
2025-10-10,facebook / paid,36,0.529
2025-10-10,affiliate / partner,7,0.666
2025-10-10,AFFILIATE,7,0.654
2025-10-10,email-campaign,4,0.481
2025-10-10,(organic),1,0.317
2025-10-10,seo,11,0.457
2025-10-10,klaviyo,3,0.407
2025-10-10,google-ads,54,0.43
2025-10-10,organic,6,0.393
2025-10-11,klaviyo,2,0.42
2025-10-11,organic,5,0.472
2025-10-11,facebook / paid,64,0.677
2025-10-11,google-ads,39,0.515
2025-10-11,affiliate / partner,4,0.555
2025-10-11,seo,3,0.405
2025-10-11,klaviyo,2,0.436
2025-10-11,partner-network,3,0.702
2025-10-11,partner-network,6,0.564
2025-10-11,adwords,30,0.483
2025-10-12,Email,9,0.361
2025-10-12,meta / social,33,0.537
2025-10-12,google-ads,20,0.419
2025-10-12,email-campaign,5,0.45
2025-10-12,google / organic,6,0.36
2025-10-12,fb_paid,22,0.471
2025-10-12,affiliate / partner,10,0.639
2025-10-12,seo,9,0.448
2025-10-12,google / cpc,34,0.359
2025-10-13,fb_paid,33,0.583
2025-10-13,adwords,27,0.431
2025-10-13,organic,7,0.44
2025-10-13,email-campaign,4,0.414
2025-10-13,partner-network,9,0.803
2025-10-13,google-ads,40,0.392
2025-10-13,google / organic,10,0.455
2025-10-13,FB,33,0.584
2025-10-13,adwords,38,0.499
2025-10-13,affiliate / partner,14,0.567
2025-10-13,Email,8,0.346
2025-10-14,google / cpc,38,0.517
2025-10-14,google / organic,9,0.508
2025-10-14,googleads,36,0.511
2025-10-14,seo,6,0.524
2025-10-14,aff,12,0.558
2025-10-14,meta / social,81,0.523
2025-10-14,email-campaign,14,0.38
2025-10-14,AFFILIATE,10,0.633
2025-10-15,aff,7,0.584
2025-10-15,organic,16,0.363
2025-10-15,email / newsletter,8,0.462
2025-10-15,AFFILIATE,8,0.538
2025-10-15,organic,6,0.456
2025-10-15,facebook / paid,33,0.613
2025-10-15,googleads,68,0.473
2025-10-15,email / newsletter,8,0.38
2025-10-15,facebook / paid,46,0.514
2025-10-16,Email,6,0.42
2025-10-16,googleads,59,0.595
2025-10-16,aff,14,0.61
2025-10-16,facebook / paid,80,0.56
2025-10-16,(organic),16,0.463
2025-10-16,email / newsletter,14,0.491
2025-10-17,klaviyo,5,0.405
2025-10-17,facebook / paid,27,0.651
2025-10-17,google / organic,7,0.373
2025-10-17,google / cpc,49,0.406
2025-10-17,email / newsletter,8,0.382
2025-10-17,google / organic,8,0.444
2025-10-17,meta / social,25,0.598
2025-10-17,partner-network,24,0.605
2025-10-17,google / organic,8,0.418
2025-10-18,seo,2,0.41
2025-10-18,organic,8,0.445
2025-10-18,AFFILIATE,8,0.617
2025-10-18,affiliate / partner,3,0.575
2025-10-18,meta / social,30,0.584
2025-10-18,googleads,62,0.465
2025-10-18,affiliate / partner,4,0.57
2025-10-18,email-campaign,6,0.42
2025-10-18,fb_paid,16,0.54
2025-10-18,seo,3,0.398
2025-10-19,email-campaign,4,0.334
2025-10-19,seo,7,0.397
2025-10-19,klaviyo,5,0.444
2025-10-19,FB,22,0.616
2025-10-19,affiliate / partner,12,0.657
2025-10-19,FB,35,0.533
2025-10-19,google / cpc,98,0.484
2025-10-19,organic,10,0.348
2025-10-20,google-ads,39,0.452
2025-10-20,google-ads,37,0.474
2025-10-20,organic,5,0.35
2025-10-20,google / organic,6,0.363
2025-10-20,google / cpc,46,0.429
2025-10-20,AFFILIATE,7,0.667
2025-10-20,affiliate / partner,4,0.678
2025-10-20,facebook / paid,62,0.529
2025-10-20,AFFILIATE,4,0.644
2025-10-20,Email,8,0.472
2025-10-21,fb_paid,37,0.674
2025-10-21,google-ads,110,0.397
2025-10-21,(organic),13,0.439
2025-10-21,email / newsletter,9,0.557
2025-10-21,aff,16,0.63
2025-10-21,fb_paid,26,0.631
2025-10-22,fb_paid,26,0.685
2025-10-22,adwords,27,0.386
2025-10-22,partner-network,6,0.657
2025-10-22,adwords,27,0.495
2025-10-22,meta / social,32,0.586
2025-10-22,affiliate / partner,7,0.675
2025-10-22,email / newsletter,8,0.451
2025-10-22,email-campaign,10,0.544
2025-10-22,fb_paid,26,0.555
2025-10-22,google / organic,7,0.335
2025-10-22,(organic),10,0.509
2025-10-23,meta / social,26,0.538
2025-10-23,googleads,81,0.458
2025-10-23,(organic),11,0.397
2025-10-23,meta / social,29,0.519
2025-10-23,aff,18,0.607
2025-10-23,seo,12,0.44
2025-10-23,email / newsletter,11,0.47
2025-10-23,AFFILIATE,10,0.611
2025-10-24,organic,8,0.465
2025-10-24,google / cpc,32,0.49
2025-10-24,Email,20,0.422
2025-10-24,partner-network,12,0.608
2025-10-24,facebook / paid,37,0.632
2025-10-24,fb_paid,41,0.515
2025-10-24,(organic),5,0.404
2025-10-24,googleads,27,0.455
2025-10-24,aff,11,0.678
2025-10-25,meta / social,36,0.601
2025-10-25,meta / social,24,0.578
2025-10-25,google / cpc,28,0.495
2025-10-25,email / newsletter,2,0.46
2025-10-25,(organic),3,0.295
2025-10-25,email / newsletter,7,0.37
2025-10-25,seo,6,0.458
2025-10-25,google-ads,32,0.444
2025-10-25,affiliate / partner,5,0.641
2025-10-25,aff,6,0.663
2025-10-26,googleads,38,0.536
2025-10-26,googleads,40,0.368
2025-10-26,facebook / paid,102,0.512
2025-10-26,affiliate / partner,9,0.656
2025-10-26,Email,14,0.381
2025-10-26,seo,13,0.478
2025-10-26,affiliate / partner,10,0.585
2025-10-27,partner-network,3,0.635
2025-10-27,google / cpc,19,0.5
2025-10-27,aff,6,0.611
2025-10-27,klaviyo,7,0.4
2025-10-27,partner-network,10,0.611
2025-10-27,organic,11,0.402
2025-10-27,FB,33,0.57
2025-10-27,google / cpc,20,0.512
2025-10-27,meta / social,36,0.614
2025-10-27,google-ads,14,0.482
2025-10-27,email / newsletter,7,0.4
2025-10-28,partner-network,7,0.652
2025-10-28,meta / social,49,0.51
2025-10-28,Email,5,0.469
2025-10-28,adwords,46,0.4
2025-10-28,partner-network,10,0.612
2025-10-28,google / organic,9,0.418
2025-10-28,google / cpc,49,0.512
2025-10-28,email / newsletter,3,0.491
2025-10-28,klaviyo,4,0.42
2025-10-28,organic,5,0.44
2025-10-28,facebook / paid,53,0.519
2025-10-29,email-campaign,17,0.39
2025-10-29,FB,22,0.619
2025-10-29,(organic),6,0.353
2025-10-29,facebook / paid,24,0.441
2025-10-29,adwords,33,0.456
2025-10-29,AFFILIATE,6,0.67
2025-10-29,partner-network,8,0.592
2025-10-29,google / cpc,26,0.371
2025-10-29,aff,7,0.535
2025-10-29,adwords,26,0.335
2025-10-29,(organic),9,0.319
2025-10-29,facebook / paid,32,0.578
2025-10-30,fb_paid,26,0.565
2025-10-30,aff,21,0.596
2025-10-30,google / organic,9,0.484
2025-10-30,Email,13,0.444
2025-10-30,google-ads,73,0.502
2025-10-30,google / organic,5,0.342
2025-10-30,FB,28,0.594
2025-10-31,Email,6,0.463
2025-10-31,meta / social,45,0.505
2025-10-31,(organic),15,0.447
2025-10-31,AFFILIATE,17,0.739
2025-10-31,googleads,44,0.497
2025-10-31,klaviyo,5,0.5
2025-10-31,google / cpc,53,0.436
2025-11-01,email-campaign,12,0.345
2025-11-01,meta / social,77,0.49
2025-11-01,google-ads,40,0.372
2025-11-01,affiliate / partner,14,0.665
2025-11-01,googleads,40,0.473
2025-11-01,partner-network,11,0.582
2025-11-01,email-campaign,11,0.515
2025-11-01,organic,19,0.383
2025-11-02,klaviyo,18,0.509
2025-11-02,seo,6,0.469
2025-11-02,fb_paid,82,0.545
2025-11-02,(organic),5,0.383
2025-11-02,adwords,66,0.391
2025-11-02,partner-network,18,0.642
2025-11-02,googleads,40,0.45
2025-11-03,Email,9,0.44
2025-11-03,aff,18,0.576
2025-11-03,FB,48,0.545
2025-11-03,organic,27,0.485
2025-11-03,google / cpc,44,0.515
2025-11-03,googleads,68,0.485
2025-11-03,meta / social,50,0.533
2025-11-03,email-campaign,10,0.394
2025-11-03,email-campaign,5,0.431
2025-11-03,partner-network,9,0.589
2025-11-04,google-ads,61,0.439
2025-11-04,googleads,66,0.429
2025-11-04,aff,24,0.57
2025-11-04,facebook / paid,88,0.608
2025-11-04,(organic),4,0.373
2025-11-04,(organic),7,0.351
2025-11-04,klaviyo,21,0.393
2025-11-05,seo,13,0.409
2025-11-05,email / newsletter,6,0.436
2025-11-05,adwords,42,0.534
2025-11-05,affiliate / partner,26,0.588
2025-11-05,facebook / paid,70,0.643
2025-11-05,google-ads,42,0.447
2025-11-05,google / cpc,41,0.423
2025-11-05,email / newsletter,6,0.434
2025-11-05,Email,7,0.341
2025-11-06,(organic),5,0.46
2025-11-06,klaviyo,2,0.432
2025-11-06,meta / social,54,0.583
2025-11-06,google / cpc,47,0.469
2025-11-06,AFFILIATE,11,0.583
2025-11-06,Email,2,0.402
2025-11-06,email-campaign,4,0.413
2025-11-06,facebook / paid,53,0.541
2025-11-06,google / organic,11,0.415
2025-11-06,google-ads,44,0.389
2025-11-06,organic,6,0.36
2025-11-06,AFFILIATE,14,0.582
2025-11-07,FB,27,0.528
2025-11-07,aff,11,0.71
2025-11-07,email-campaign,8,0.465
2025-11-07,partner-network,10,0.662
2025-11-07,google-ads,98,0.414
2025-11-07,FB,27,0.633
2025-11-07,seo,11,0.466
2025-11-07,email-campaign,14,0.411
2025-11-07,google / organic,10,0.423
2025-11-08,email / newsletter,9,0.522
2025-11-08,FB,56,0.562
2025-11-08,email / newsletter,16,0.471
2025-11-08,google / cpc,13,0.482
2025-11-08,adwords,18,0.473
2025-11-08,facebook / paid,59,0.584
2025-11-08,google / organic,12,0.434
2025-11-08,aff,16,0.595
2025-11-08,google-ads,11,0.504
2025-11-09,google / cpc,105,0.501
2025-11-09,FB,56,0.507
2025-11-09,partner-network,32,0.574
2025-11-09,email / newsletter,5,0.528
2025-11-09,meta / social,56,0.599
2025-11-09,organic,18,0.382
2025-11-09,email / newsletter,9,0.373
2025-11-10,google / cpc,62,0.468
2025-11-10,google / organic,10,0.381
2025-11-10,partner-network,6,0.613
2025-11-10,AFFILIATE,8,0.584
2025-11-10,aff,6,0.566
2025-11-10,organic,8,0.47
2025-11-10,adwords,56,0.451
2025-11-10,klaviyo,11,0.471
2025-11-10,meta / social,38,0.537
2025-11-10,fb_paid,48,0.507
2025-11-10,Email,9,0.363
2025-11-11,partner-network,10,0.62
2025-11-11,email / newsletter,6,0.533
2025-11-11,seo,6,0.429
2025-11-11,fb_paid,29,0.578
2025-11-11,affiliate / partner,6,0.573
2025-11-11,google / organic,7,0.383
2025-11-11,google / cpc,49,0.457
2025-11-11,facebook / paid,52,0.665
2025-11-11,Email,11,0.517
2025-11-11,affiliate / partner,12,0.647
2025-11-11,organic,8,0.431
2025-11-11,facebook / paid,53,0.582
2025-11-11,email-campaign,9,0.371
2025-11-11,adwords,49,0.38
2025-11-12,affiliate / partner,20,0.594
2025-11-12,fb_paid,53,0.602
2025-11-12,organic,12,0.383
2025-11-12,google / cpc,35,0.409
2025-11-12,FB,62,0.548
2025-11-12,google / organic,10,0.402
2025-11-12,adwords,36,0.46
2025-11-12,email / newsletter,32,0.474
2025-11-13,seo,7,0.426
2025-11-13,googleads,66,0.577
2025-11-13,facebook / paid,39,0.627
2025-11-13,(organic),12,0.524
2025-11-13,klaviyo,6,0.404
2025-11-13,google-ads,48,0.384
2025-11-13,email / newsletter,4,0.457
2025-11-13,affiliate / partner,15,0.627
2025-11-13,Email,3,0.37
2025-11-13,google / organic,8,0.378
2025-11-13,meta / social,58,0.515
2025-11-13,affiliate / partner,15,0.548
2025-11-14,fb_paid,40,0.511
2025-11-14,google / cpc,33,0.482
2025-11-14,googleads,33,0.464
2025-11-14,partner-network,13,0.58
2025-11-14,fb_paid,49,0.508
2025-11-14,googleads,29,0.472
2025-11-14,AFFILIATE,10,0.697
2025-11-14,(organic),18,0.409
2025-11-14,klaviyo,7,0.496
2025-11-14,klaviyo,6,0.35
2025-11-15,klaviyo,4,0.406
2025-11-15,google / cpc,27,0.452
2025-11-15,adwords,35,0.397
2025-11-15,seo,12,0.448
2025-11-15,adwords,37,0.532
2025-11-15,affiliate / partner,25,0.668
2025-11-15,klaviyo,7,0.428
2025-11-15,organic,3,0.54
2025-11-15,meta / social,69,0.503
2025-11-15,email / newsletter,-6,0.497
2025-11-16,adwords,57,0.451
2025-11-16,google / organic,11,0.445
2025-11-16,facebook / paid,36,0.502
2025-11-16,googleads,53,0.484
2025-11-16,meta / social,40,0.519
2025-11-16,partner-network,4,0.56
2025-11-16,Email,7,0.46
2025-11-16,FB,38,0.634
2025-11-16,partner-network,14,0.695
2025-11-16,email / newsletter,14,0.419
2025-11-17,aff,19,0.694
2025-11-17,googleads,156,0.412
2025-11-17,(organic),10,0.414
2025-11-17,organic,13,0.448
2025-11-17,facebook / paid,32,0.646
2025-11-17,partner-network,16,0.619
2025-11-17,facebook / paid,36,0.513
2025-11-17,FB,34,0.615
2025-11-17,klaviyo,18,0.411
2025-11-18,google / organic,21,0.39
2025-11-18,aff,27,0.645
2025-11-18,fb_paid,48,0.605
2025-11-18,google-ads,36,0.629
2025-11-18,email-campaign,11,0.393
2025-11-18,google / cpc,42,0.555
2025-11-18,Email,18,0.506
2025-11-18,FB,42,0.548
2025-11-19,google / organic,6,0.386
2025-11-19,facebook / paid,48,0.603
2025-11-19,facebook / paid,50,0.595
2025-11-19,AFFILIATE,11,0.687
2025-11-19,affiliate / partner,8,0.63
2025-11-19,google / organic,7,0.345
2025-11-19,email-campaign,11,0.526
2025-11-19,email / newsletter,12,0.46
2025-11-19,googleads,100,0.423
2025-11-20,fb_paid,29,0.676
2025-11-20,facebook / paid,35,0.521
2025-11-20,organic,36,0.342
2025-11-20,google-ads,63,0.407
2025-11-20,fb_paid,30,0.561
2025-11-20,Email,20,0.405
2025-11-20,partner-network,30,0.704
2025-11-21,googleads,35,0.518
2025-11-21,google-ads,36,0.496
2025-11-21,meta / social,40,0.42
2025-11-21,email / newsletter,9,0.493
2025-11-21,partner-network,22,0.591
2025-11-21,google / organic,6,0.419
2025-11-21,google-ads,28,0.491
2025-11-21,organic,5,0.415
2025-11-21,meta / social,45,0.646
2025-11-21,Email,13,0.491
2025-11-22,(organic),6,0.383
2025-11-22,email / newsletter,18,0.444
2025-11-22,partner-network,7,0.703
2025-11-22,facebook / paid,78,0.535
2025-11-22,AFFILIATE,10,0.63
2025-11-22,adwords,98,0.369
2025-11-22,google / organic,11,0.516
2025-11-23,FB,39,0.518
2025-11-23,seo,5,0.39
2025-11-23,google-ads,66,0.429
2025-11-23,klaviyo,5,0.468
2025-11-23,klaviyo,2,0.508
2025-11-23,fb_paid,35,0.503
2025-11-23,googleads,67,0.44
2025-11-23,klaviyo,6,0.397
2025-11-23,aff,31,0.678
2025-11-23,organic,1,0.292
2025-11-23,google / organic,5,0.425
2025-11-24,organic,9,0.544
2025-11-24,AFFILIATE,8,0.645
2025-11-24,facebook / paid,31,0.56
2025-11-24,google-ads,157,0.375
2025-11-24,aff,9,0.68
2025-11-24,facebook / paid,22,0.559
2025-11-24,fb_paid,26,0.534
2025-11-24,Email,10,0.392
2025-11-24,klaviyo,11,0.431
2025-11-24,partner-network,4,0.538
2025-11-25,google / cpc,56,0.343
2025-11-25,(organic),7,0.302
2025-11-25,(organic),9,0.45
2025-11-25,AFFILIATE,5,0.628
2025-11-25,facebook / paid,66,0.61
2025-11-25,google-ads,44,0.485
2025-11-25,affiliate / partner,12,0.646
2025-11-25,organic,10,0.326
2025-11-25,email / newsletter,9,0.465
2025-11-25,email / newsletter,9,0.558
2025-11-25,partner-network,10,0.625
2025-11-25,email-campaign,10,0.611
2025-11-26,(organic),7,0.399
2025-11-26,google / cpc,31,0.489
2025-11-26,aff,15,0.713
2025-11-26,email-campaign,10,0.454
2025-11-26,googleads,38,0.435
2025-11-26,meta / social,39,0.624
2025-11-26,facebook / paid,45,0.549
2025-11-26,email-campaign,17,0.386
2025-11-26,google / cpc,33,0.511
2025-11-26,seo,7,0.487
2025-11-26,aff,15,0.59
2025-11-27,adwords,97,0.604
2025-11-27,affiliate / partner,10,0.578
2025-11-27,(organic),10,0.419
2025-11-27,google / organic,8,0.423
2025-11-27,Email,17,0.413
2025-11-27,FB,94,0.568
2025-11-27,partner-network,15,0.709
2025-11-28,seo,7,0.338
2025-11-28,google / organic,4,0.449
2025-11-28,adwords,31,0.449
2025-11-28,FB,21,0.609
2025-11-28,meta / social,27,0.616
2025-11-28,AFFILIATE,3,0.599
2025-11-28,email-campaign,19,0.352
2025-11-28,facebook / paid,20,0.603
2025-11-28,affiliate / partner,7,0.577
2025-11-28,googleads,15,0.416
2025-11-28,google-ads,21,0.513
2025-11-28,seo,5,0.435
2025-11-28,email-campaign,22,0.563
2025-11-29,organic,15,0.461
2025-11-29,meta / social,61,0.463
2025-11-29,googleads,50,0.487
2025-11-29,partner-network,8,0.602
2025-11-29,email / newsletter,17,0.515
2025-11-29,partner-network,13,0.602
2025-11-29,google-ads,48,0.405
2025-11-30,FB,60,0.6
2025-11-30,organic,9,0.334
2025-11-30,google / cpc,60,0.483
2025-11-30,FB,74,0.601
2025-11-30,Email,19,0.471
2025-11-30,affiliate / partner,11,0.539
2025-11-30,seo,11,0.335
2025-11-30,aff,18,0.638
2025-11-30,google / cpc,49,0.467
2025-12-01,google / cpc,132,0.499
2025-12-01,(organic),1,0.45
2025-12-01,(organic),1,0.406
2025-12-01,email / newsletter,3,0.538
2025-12-01,affiliate / partner,20,0.681
2025-12-01,email / newsletter,3,0.423
2025-12-01,klaviyo,3,0.365
2025-12-01,facebook / paid,52,0.551
2025-12-01,fb_paid,56,0.533
2025-12-01,(organic),3,0.388
2025-12-02,FB,37,0.52
2025-12-02,(organic),12,0.32
2025-12-02,FB,40,0.588
2025-12-02,email-campaign,3,0.492
2025-12-02,AFFILIATE,20,0.548
2025-12-02,google / cpc,50,0.487
2025-12-02,organic,4,0.344
2025-12-02,google / cpc,65,0.503
2025-12-02,Email,8,0.422
2025-12-03,google / cpc,68,0.496
2025-12-03,facebook / paid,48,0.525
2025-12-03,aff,10,0.601
2025-12-03,Email,14,0.546
2025-12-03,fb_paid,32,0.59
2025-12-03,seo,7,0.455
2025-12-03,aff,13,0.643
2025-12-03,google / cpc,77,0.44
2025-12-04,AFFILIATE,27,0.661
2025-12-04,googleads,101,0.396
2025-12-04,email-campaign,2,0.362
2025-12-04,Email,7,0.405
2025-12-04,organic,21,0.503
2025-12-04,meta / social,23,0.676
2025-12-04,facebook / paid,26,0.614
2025-12-05,googleads,41,0.426
2025-12-05,aff,24,0.627
2025-12-05,organic,3,0.459
2025-12-05,klaviyo,6,0.489
2025-12-05,adwords,46,0.462
2025-12-05,email-campaign,4,0.42
2025-12-05,(organic),6,0.343
2025-12-05,FB,66,0.532
2025-12-06,google / organic,10,0.42
2025-12-06,aff,25,0.564
2025-12-06,google / cpc,43,0.456
2025-12-06,googleads,42,0.468
2025-12-06,klaviyo,13,0.398
2025-12-06,FB,84,0.454
2025-12-06,adwords,36,0.459
2025-12-06,seo,7,0.315
2025-12-07,Email,3,0.372
2025-12-07,FB,37,0.63
2025-12-07,fb_paid,24,0.531
2025-12-07,email / newsletter,3,0.386
2025-12-07,google / organic,11,0.356
2025-12-07,partner-network,41,0.652
2025-12-07,adwords,171,0.46
2025-12-08,fb_paid,59,0.511
2025-12-08,seo,22,0.389
2025-12-08,email / newsletter,7,0.375
2025-12-08,aff,17,0.617
2025-12-08,partner-network,8,0.667
2025-12-08,email / newsletter,12,0.427
2025-12-08,adwords,46,0.526
2025-12-08,google-ads,38,0.53
2025-12-08,partner-network,7,0.591
2025-12-09,meta / social,61,0.558
2025-12-09,partner-network,14,0.628
2025-12-09,partner-network,13,0.662
2025-12-09,meta / social,49,0.588
2025-12-09,seo,14,0.428
2025-12-09,Email,8,0.475
2025-12-09,partner-network,15,0.565
2025-12-09,google / cpc,100,0.544
2025-12-09,Email,13,0.44
2025-12-10,aff,24,0.619
2025-12-10,FB,34,0.515
2025-12-10,google-ads,31,0.479
2025-12-10,fb_paid,38,0.55
2025-12-10,google / cpc,38,0.401
2025-12-10,Email,18,0.436
2025-12-10,organic,9,0.373
2025-12-10,seo,10,0.407
2025-12-10,adwords,32,0.463
2025-12-11,adwords,30,0.41
2025-12-11,(organic),4,0.345
2025-12-11,partner-network,34,0.65
2025-12-11,fb_paid,80,0.509
2025-12-11,seo,10,0.337
2025-12-11,google / organic,4,0.395
2025-12-11,Email,8,0.464
2025-12-11,google / cpc,37,0.531
2025-12-11,klaviyo,9,0.503
2025-12-12,organic,9,0.522
2025-12-12,klaviyo,7,0.497
2025-12-12,googleads,48,0.453
2025-12-12,fb_paid,44,0.617
2025-12-12,klaviyo,2,0.483
2025-12-12,googleads,45,0.538
2025-12-12,meta / social,48,0.637
2025-12-12,AFFILIATE,28,0.6
2025-12-13,AFFILIATE,5,0.557
2025-12-13,adwords,33,0.507
2025-12-13,google / cpc,35,0.543
2025-12-13,seo,14,0.447
2025-12-13,klaviyo,7,0.406
2025-12-13,adwords,38,0.538
2025-12-13,facebook / paid,52,0.5
2025-12-13,AFFILIATE,5,0.602
2025-12-13,partner-network,6,0.662
2025-12-13,email / newsletter,5,0.36
2025-12-14,adwords,51,0.395
2025-12-14,Email,20,0.399
2025-12-14,google / organic,7,0.438
2025-12-14,googleads,51,0.47
2025-12-14,(organic),9,0.395
2025-12-14,aff,23,0.589
2025-12-14,(organic),5,0.438
2025-12-14,meta / social,47,0.519
2025-12-14,fb_paid,44,0.547
2025-12-15,organic,6,0.365
2025-12-15,partner-network,7,0.634
2025-12-15,meta / social,25,0.649
2025-12-15,fb_paid,22,0.613
2025-12-15,Email,4,0.471
2025-12-15,organic,7,0.371
2025-12-15,Email,4,0.39
2025-12-15,google-ads,50,0.518
2025-12-15,(organic),3,0.443
2025-12-15,googleads,58,0.484
2025-12-15,Email,1,0.505
2025-12-15,facebook / paid,29,0.561
2025-12-15,AFFILIATE,10,0.652
2025-12-16,fb_paid,42,0.592
2025-12-16,partner-network,14,0.726
2025-12-16,partner-network,19,0.608
2025-12-16,email-campaign,27,0.522
2025-12-16,google / cpc,65,0.399
2025-12-16,seo,9,0.488
2025-12-16,seo,6,0.348
2025-12-16,fb_paid,39,0.653
2025-12-16,googleads,64,0.443
2025-12-16,FB,36,0.606
2025-12-16,(organic),8,0.405
2025-12-17,klaviyo,12,0.502
2025-12-17,partner-network,16,0.618
2025-12-17,email-campaign,12,0.34
2025-12-17,googleads,70,0.51
2025-12-17,organic,8,0.398
2025-12-17,googleads,53,0.297
2025-12-17,FB,44,0.638
2025-12-17,google / organic,5,0.362
2025-12-17,meta / social,43,0.596
2025-12-17,partner-network,6,0.72
2025-12-18,meta / social,54,0.581
2025-12-18,aff,19,0.648
2025-12-18,(organic),5,0.396
2025-12-18,organic,4,0.476
2025-12-18,affiliate / partner,12,0.571
2025-12-18,googleads,56,0.443
2025-12-18,google / organic,5,0.398
2025-12-18,klaviyo,11,0.472
2025-12-18,adwords,51,0.477
2025-12-19,FB,29,0.699
2025-12-19,email-campaign,6,0.448
2025-12-19,(organic),4,0.434
2025-12-19,affiliate / partner,19,0.587
2025-12-19,facebook / paid,38,0.609
2025-12-19,meta / social,37,0.682
2025-12-19,email-campaign,4,0.414
2025-12-19,google / organic,5,0.374
2025-12-19,adwords,128,0.466
2025-12-20,klaviyo,12,0.423
2025-12-20,aff,7,0.603
2025-12-20,googleads,31,0.479
2025-12-20,klaviyo,10,0.372
2025-12-20,google-ads,26,0.526
2025-12-20,meta / social,24,0.591
2025-12-20,FB,24,0.595
2025-12-20,affiliate / partner,8,0.57
2025-12-20,seo,19,0.404
2025-12-20,aff,10,0.682
2025-12-20,meta / social,28,0.56
2025-12-20,google / cpc,21,0.448
2025-12-21,(organic),5,0.428
2025-12-21,google / cpc,44,0.466
2025-12-21,email / newsletter,11,0.47
2025-12-21,AFFILIATE,24,0.651
2025-12-21,facebook / paid,40,0.568
2025-12-21,googleads,53,0.525
2025-12-21,google / cpc,44,0.391
2025-12-21,facebook / paid,40,0.595
2025-12-21,email / newsletter,9,0.47
2025-12-21,organic,5,0.384
2025-12-21,affiliate / partner,12,0.555
2025-12-22,FB,39,0.567
2025-12-22,(organic),25,0.475
2025-12-22,fb_paid,33,0.616
2025-12-22,AFFILIATE,21,0.606
2025-12-22,AFFILIATE,13,0.717
2025-12-22,google / cpc,74,0.475
2025-12-22,email-campaign,12,0.346
2025-12-22,adwords,70,0.422
2025-12-22,email / newsletter,13,0.415
2025-12-23,email-campaign,8,0.477
2025-12-23,organic,12,0.457
2025-12-23,adwords,57,0.441
2025-12-23,Email,8,0.359
2025-12-23,google / organic,10,0.481
2025-12-23,AFFILIATE,13,0.653
2025-12-23,klaviyo,6,0.369
2025-12-23,FB,64,0.596
2025-12-23,aff,21,0.788
2025-12-23,google / cpc,43,0.493
2025-12-24,partner-network,4,0.627
2025-12-24,seo,6,0.328
2025-12-24,email / newsletter,11,0.443
2025-12-24,AFFILIATE,11,0.592
2025-12-24,meta / social,36,0.579
2025-12-24,google / cpc,97,0.392
2025-12-24,google / organic,8,0.387
2025-12-24,email-campaign,7,0.502
2025-12-24,partner-network,8,0.641
2025-12-24,meta / social,46,0.599
2025-12-25,(organic),18,0.278
2025-12-25,adwords,140,0.467
2025-12-25,email-campaign,5,0.414
2025-12-25,meta / social,46,0.638
2025-12-25,AFFILIATE,27,0.516
2025-12-25,email-campaign,9,0.37
2025-12-25,meta / social,32,0.578
2025-12-26,meta / social,28,0.675
2025-12-26,meta / social,22,0.618
2025-12-26,email-campaign,8,0.458
2025-12-26,partner-network,6,0.653
2025-12-26,email / newsletter,14,0.467
2025-12-26,google / organic,6,0.446
2025-12-26,google / cpc,107,0.387
2025-12-26,affiliate / partner,12,0.649
2025-12-26,seo,3,0.381
2025-12-26,fb_paid,25,0.583
2025-12-27,affiliate / partner,5,0.551
2025-12-27,fb_paid,36,0.522
2025-12-27,google-ads,100,0.384
2025-12-27,email / newsletter,5,0.376
2025-12-27,partner-network,13,0.622
2025-12-27,aff,9,0.754
2025-12-27,meta / social,36,0.538
2025-12-27,organic,9,0.451
2025-12-27,Email,9,0.391
2025-12-28,seo,6,0.487
2025-12-28,partner-network,12,0.588
2025-12-28,aff,15,0.59
2025-12-28,facebook / paid,37,0.569
2025-12-28,email / newsletter,29,0.393
2025-12-28,organic,6,0.435
2025-12-28,adwords,160,0.649
2025-12-28,fb_paid,44,0.653
2025-12-29,googleads,46,0.463
2025-12-29,Email,3,0.502
2025-12-29,Email,6,0.34
2025-12-29,AFFILIATE,17,0.56
2025-12-29,organic,4,0.459
2025-12-29,email-campaign,3,0.387
2025-12-29,seo,3,0.375
2025-12-29,google / organic,6,0.449
2025-12-29,fb_paid,97,0.547
2025-12-29,affiliate / partner,9,0.656
2025-12-29,affiliate / partner,9,0.548
2025-12-29,adwords,49,0.47
2025-12-30,fb_paid,98,0.611
2025-12-30,organic,5,0.357
2025-12-30,aff,11,0.642
2025-12-30,email-campaign,20,0.406
2025-12-30,google-ads,51,0.597
2025-12-30,(organic),11,0.346
2025-12-30,adwords,49,0.411
2025-12-30,aff,11,0.549
2025-12-31,google-ads,31,0.569
2025-12-31,adwords,40,0.489
2025-12-31,email / newsletter,27,0.415
2025-12-31,google / organic,9,0.361
2025-12-31,partner-network,14,0.676
2025-12-31,meta / social,106,0.467
2025-12-31,googleads,23,0.406
2025-12-31,seo,10,0.361
2025-12-31,aff,10,0.622
2026-01-01,adwords,69,0.392
2026-01-01,meta / social,79,0.554
2026-01-01,email-campaign,8,0.463
2026-01-01,(organic),6,0.43
2026-01-01,aff,24,0.595
2026-01-02,affiliate / partner,6,0.563
2026-01-02,affiliate / partner,6,0.566
2026-01-02,FB,33,0.567
2026-01-02,email / newsletter,3,0.438
2026-01-02,organic,3,0.283
2026-01-02,(organic),8,0.375
2026-01-02,googleads,67,0.356
2026-01-02,klaviyo,3,0.462
2026-01-02,FB,42,0.612
2026-01-02,email / newsletter,1,0.462
2026-01-03,AFFILIATE,5,0.683
2026-01-03,email / newsletter,3,0.492
2026-01-03,facebook / paid,69,0.52
2026-01-03,AFFILIATE,7,0.613
2026-01-03,email / newsletter,2,0.455
2026-01-03,aff,7,0.678
2026-01-03,organic,10,0.404
2026-01-03,adwords,65,0.457
2026-01-04,klaviyo,9,0.353
2026-01-04,AFFILIATE,3,0.656
2026-01-04,AFFILIATE,2,0.567
2026-01-04,googleads,56,0.365
2026-01-04,(organic),3,0.393
2026-01-04,FB,18,0.654
2026-01-04,affiliate / partner,5,0.708
2026-01-04,facebook / paid,23,0.539
2026-01-05,AFFILIATE,3,0.666
2026-01-05,googleads,24,0.599
2026-01-05,googleads,27,0.539
2026-01-05,AFFILIATE,4,0.581
2026-01-05,meta / social,29,0.542
2026-01-05,facebook / paid,31,0.619
2026-01-05,google / organic,8,0.408
2026-01-05,googleads,15,0.441
2026-01-05,email-campaign,11,0.488
2026-01-05,affiliate / partner,4,0.582
2026-01-06,google-ads,30,0.465
2026-01-06,google-ads,28,0.449
2026-01-06,Email,14,0.509
2026-01-06,fb_paid,29,0.549
2026-01-06,AFFILIATE,3,0.625
2026-01-06,google / organic,6,0.365
2026-01-06,meta / social,37,0.462
2026-01-06,partner-network,10,0.577
2026-01-06,google / organic,6,0.433
2026-01-07,adwords,64,0.453
2026-01-07,klaviyo,13,0.373
2026-01-07,facebook / paid,20,0.559
2026-01-07,organic,5,0.389
2026-01-07,seo,10,0.49
2026-01-07,partner-network,23,0.562
2026-01-07,fb_paid,12,0.51
2026-01-08,googleads,32,0.427
2026-01-08,partner-network,7,0.607
2026-01-08,facebook / paid,18,0.616
2026-01-08,fb_paid,16,0.628
2026-01-08,google / organic,11,0.41
2026-01-08,google / cpc,27,0.46
2026-01-08,FB,14,0.55
2026-01-08,Email,4,0.334
2026-01-08,affiliate / partner,4,0.686
2026-01-09,fb_paid,19,0.622
2026-01-09,google-ads,52,0.429
2026-01-09,(organic),6,0.354
2026-01-09,FB,29,0.524
2026-01-09,facebook / paid,32,0.606
2026-01-09,affiliate / partner,12,0.618
2026-01-10,FB,14,0.622
2026-01-10,organic,2,0.38
2026-01-10,facebook / paid,12,0.675
2026-01-10,google / cpc,12,0.458
2026-01-10,(organic),2,0.37
2026-01-10,email-campaign,2,0.352
2026-01-10,AFFILIATE,21,0.574
2026-01-10,googleads,27,0.448
2026-01-10,(organic),1,0.341
2026-01-10,Email,4,0.514
2026-01-10,fb_paid,10,0.585
2026-01-11,aff,8,0.693
2026-01-11,Email,4,0.456
2026-01-11,email-campaign,2,0.428
2026-01-11,adwords,41,0.266
2026-01-11,email / newsletter,3,0.509
2026-01-11,FB,21,0.568
2026-01-11,FB,24,0.644
2026-01-11,adwords,31,0.398
2026-01-11,partner-network,4,0.644
2026-01-11,seo,14,0.485
2026-01-12,meta / social,33,0.501
2026-01-12,seo,4,0.358
2026-01-12,email-campaign,8,0.306
2026-01-12,fb_paid,24,0.583
2026-01-12,adwords,33,0.49
2026-01-12,seo,6,0.442
2026-01-12,google / cpc,37,0.481
2026-01-12,AFFILIATE,18,0.637
2026-01-13,klaviyo,13,0.474
2026-01-13,fb_paid,16,0.561
2026-01-13,(organic),1,0.335
2026-01-13,aff,12,0.75
2026-01-13,facebook / paid,21,0.496
2026-01-13,facebook / paid,19,0.539
2026-01-13,seo,6,0.375
2026-01-13,googleads,29,0.38
2026-01-13,AFFILIATE,12,0.584
2026-01-13,adwords,26,0.471
2026-01-14,klaviyo,1,0.527
2026-01-14,email-campaign,4,0.345
2026-01-14,affiliate / partner,4,0.675
2026-01-14,FB,26,0.566
2026-01-14,aff,11,0.554
2026-01-14,seo,1,0.414
2026-01-14,klaviyo,2,0.523
2026-01-14,FB,30,0.541
2026-01-14,affiliate / partner,5,0.676
2026-01-14,google-ads,51,0.509
2026-01-14,organic,2,0.431
2026-01-15,adwords,31,0.41
2026-01-15,meta / social,16,0.626
2026-01-15,email / newsletter,2,0.347
2026-01-15,aff,3,0.656
2026-01-15,organic,5,0.551
2026-01-15,facebook / paid,27,0.59
2026-01-15,(organic),4,0.446
2026-01-15,email / newsletter,1,0.341
2026-01-15,adwords,41,0.528
2026-01-15,seo,5,0.436
2026-01-15,partner-network,2,0.689
2026-01-15,aff,6,0.627
2026-01-16,organic,11,0.45
2026-01-16,adwords,46,0.42
2026-01-16,FB,44,0.539
2026-01-16,email / newsletter,11,0.399
2026-01-16,aff,17,0.621
2026-01-17,Email,6,0.425
2026-01-17,google / organic,2,0.302
2026-01-17,fb_paid,10,0.619
2026-01-17,aff,20,0.651
2026-01-17,Email,1,0.458
2026-01-17,google / organic,4,0.453
2026-01-17,(organic),1,0.304
2026-01-17,google / cpc,40,0.523
2026-01-17,google / cpc,40,0.518
2026-01-17,fb_paid,13,0.547
2026-01-17,FB,18,0.527
2026-01-18,adwords,43,0.461
2026-01-18,googleads,31,0.422
2026-01-18,partner-network,25,0.635
2026-01-18,Email,7,0.36
2026-01-18,facebook / paid,30,0.651
2026-01-18,FB,21,0.519
2026-01-18,klaviyo,5,0.319
2026-01-18,organic,8,0.437
2026-01-19,organic,3,0.326
2026-01-19,adwords,34,0.546
2026-01-19,google / organic,3,0.398
2026-01-19,fb_paid,26,0.631
2026-01-19,partner-network,14,0.618
2026-01-19,email-campaign,4,0.363
2026-01-19,(organic),2,0.498
2026-01-19,facebook / paid,25,0.644
2026-01-19,google / cpc,31,0.513
2026-01-19,AFFILIATE,12,0.664
2026-01-19,email-campaign,6,0.415
2026-01-20,AFFILIATE,7,0.585
2026-01-20,google / organic,2,0.324
2026-01-20,aff,12,0.56
2026-01-20,organic,3,0.392
2026-01-20,klaviyo,3,0.269
2026-01-20,klaviyo,2,0.417
2026-01-20,googleads,20,0.533
2026-01-20,seo,2,0.457
2026-01-20,adwords,10,0.389
2026-01-20,google-ads,20,0.519
2026-01-20,fb_paid,58,0.543
2026-01-21,facebook / paid,27,0.532
2026-01-21,email-campaign,10,0.46
2026-01-21,FB,20,0.561
2026-01-21,partner-network,4,0.592
2026-01-21,FB,17,0.648
2026-01-21,(organic),16,0.321
2026-01-21,googleads,32,0.391
2026-01-21,partner-network,4,0.555
2026-01-21,google-ads,23,0.46
2026-01-21,partner-network,3,0.666
2026-01-22,meta / social,18,0.513
2026-01-22,AFFILIATE,10,0.546
2026-01-22,AFFILIATE,13,0.637
2026-01-22,seo,2,0.407
2026-01-22,meta / social,13,0.662
2026-01-22,klaviyo,5,0.342
2026-01-22,email / newsletter,6,0.399
2026-01-22,google / organic,4,0.44
2026-01-22,google / cpc,65,0.541
2026-01-22,organic,2,0.482
2026-01-23,google-ads,32,0.39
2026-01-23,AFFILIATE,12,0.54
2026-01-23,FB,26,0.567
2026-01-23,email / newsletter,3,0.42
2026-01-23,aff,6,0.619
2026-01-23,seo,3,0.445
2026-01-23,google-ads,23,0.45
2026-01-23,email-campaign,5,0.431
2026-01-23,(organic),1,0.404
2026-01-23,FB,26,0.562
2026-01-24,FB,54,0.592
2026-01-24,Email,5,0.561
2026-01-24,affiliate / partner,4,0.655
2026-01-24,google-ads,45,0.381
2026-01-24,klaviyo,5,0.369
2026-01-24,partner-network,6,0.536
2026-01-24,(organic),13,0.366
2026-01-25,aff,4,0.56
2026-01-25,google / cpc,36,0.502
2026-01-25,seo,7,0.377
2026-01-25,Email,1,0.391
2026-01-25,aff,7,0.704
2026-01-25,google / cpc,30,0.398
2026-01-25,fb_paid,36,0.688
2026-01-25,fb_paid,27,0.594
2026-01-26,AFFILIATE,18,0.613
2026-01-26,organic,7,0.407
2026-01-26,klaviyo,12,0.432
2026-01-26,seo,5,0.358
2026-01-26,google / cpc,61,0.43
2026-01-26,google / organic,2,0.416
2026-01-26,fb_paid,56,0.635
2026-01-27,meta / social,22,0.556
2026-01-27,aff,19,0.628
2026-01-27,organic,4,0.481
2026-01-27,meta / social,31,0.616
2026-01-27,seo,7,0.416
2026-01-27,google / cpc,14,0.486
2026-01-27,google-ads,23,0.542
2026-01-27,klaviyo,9,0.49
2026-01-28,google-ads,21,0.482
2026-01-28,affiliate / partner,3,0.631
2026-01-28,(organic),4,0.432
2026-01-28,email-campaign,6,0.48
2026-01-28,adwords,24,0.528
2026-01-28,AFFILIATE,6,0.629
2026-01-28,email / newsletter,3,0.445
2026-01-28,FB,13,0.639
2026-01-28,meta / social,27,0.59
2026-01-28,organic,3,0.37
2026-01-28,affiliate / partner,2,0.603
2026-01-29,seo,4,0.387
2026-01-29,seo,5,0.417
2026-01-29,affiliate / partner,2,0.636
2026-01-29,email / newsletter,4,0.408
2026-01-29,facebook / paid,16,0.613
2026-01-29,meta / social,11,0.484
2026-01-29,fb_paid,12,0.532
2026-01-29,google / organic,6,0.327
2026-01-29,googleads,60,0.513
2026-01-29,AFFILIATE,6,0.63
2026-01-29,aff,4,0.732
2026-01-29,email-campaign,4,0.454
2026-01-30,partner-network,3,0.571
2026-01-30,email / newsletter,3,0.457
2026-01-30,facebook / paid,22,0.543
2026-01-30,seo,1,0.293
2026-01-30,google / cpc,20,0.471
2026-01-30,(organic),4,0.322
2026-01-30,klaviyo,5,0.371
2026-01-30,meta / social,30,0.55
2026-01-30,partner-network,6,0.6
2026-01-30,google-ads,17,0.474
2026-01-31,klaviyo,6,0.403
2026-01-31,google / cpc,27,0.451
2026-01-31,meta / social,17,0.606
2026-01-31,Email,3,0.345
2026-01-31,(organic),10,0.457
2026-01-31,google-ads,27,0.403
2026-01-31,aff,7,0.712
2026-01-31,meta / social,18,0.447
2026-01-31,FB,16,0.597
2026-01-31,aff,3,0.685
2026-02-01,(organic),9,0.427
2026-02-01,klaviyo,10,0.333
2026-02-01,google-ads,42,0.36
2026-02-01,(organic),10,0.288
2026-02-01,email-campaign,11,0.46
2026-02-01,meta / social,37,0.577
2026-02-01,AFFILIATE,17,0.686
2026-02-01,adwords,28,0.49
2026-02-01,meta / social,41,0.499
2026-02-02,Email,1,0.432
2026-02-02,google / organic,4,0.411
2026-02-02,fb_paid,20,0.541
2026-02-02,google-ads,66,0.46
2026-02-02,meta / social,25,0.7
2026-02-02,fb_paid,26,0.648
2026-02-02,affiliate / partner,8,0.602
2026-02-02,partner-network,7,0.567
2026-02-02,email / newsletter,6,0.389
2026-02-02,seo,4,0.444
2026-02-03,google-ads,78,0.455
2026-02-03,seo,7,0.423
2026-02-03,FB,28,0.612
2026-02-03,facebook / paid,33,0.513
2026-02-03,email / newsletter,5,0.433
2026-02-03,affiliate / partner,10,0.681
2026-02-03,(organic),4,0.372
2026-02-03,affiliate / partner,14,0.694
2026-02-04,google / organic,11,0.408
2026-02-04,email-campaign,7,0.445
2026-02-04,email / newsletter,7,0.437
2026-02-04,meta / social,45,0.585
2026-02-04,google / cpc,28,0.468
2026-02-04,adwords,32,0.521
2026-02-04,partner-network,10,0.714
2026-02-04,FB,39,0.492
2026-02-04,adwords,29,0.662
2026-02-05,google-ads,43,0.469
2026-02-05,Email,5,0.491
2026-02-05,AFFILIATE,14,0.602
2026-02-05,Email,7,0.453
2026-02-05,organic,6,0.484
2026-02-05,aff,7,0.59
2026-02-05,fb_paid,37,0.552
2026-02-05,seo,4,0.429
2026-02-05,google / cpc,36,0.511
2026-02-06,google-ads,69,0.446
2026-02-06,email-campaign,1,0.408
2026-02-06,AFFILIATE,7,0.683
2026-02-06,email / newsletter,3,0.328
2026-02-06,affiliate / partner,5,0.652
2026-02-06,meta / social,47,0.708
2026-02-06,seo,5,0.421
2026-02-06,organic,4,0.362
2026-02-07,email / newsletter,5,0.39
2026-02-07,google-ads,82,0.478
2026-02-07,email / newsletter,10,0.38
2026-02-07,seo,9,0.505
2026-02-07,fb_paid,22,0.539
2026-02-07,google / organic,3,0.467
2026-02-07,affiliate / partner,19,0.695
2026-02-07,fb_paid,16,0.641
2026-02-08,aff,7,0.564
2026-02-08,google / cpc,41,0.47
2026-02-08,seo,4,0.483
2026-02-08,meta / social,39,0.588
2026-02-08,facebook / paid,48,0.522
2026-02-08,affiliate / partner,5,0.598
2026-02-08,adwords,25,0.468
2026-02-08,email-campaign,19,0.461
2026-02-09,fb_paid,23,0.572
2026-02-09,AFFILIATE,7,0.661
2026-02-09,aff,11,0.558
2026-02-09,facebook / paid,43,0.677
2026-02-09,google / cpc,53,0.6
2026-02-09,google / organic,7,0.349
2026-02-09,googleads,40,0.519
2026-02-09,aff,5,0.688
2026-02-09,email / newsletter,6,0.33
2026-02-09,klaviyo,8,0.392
2026-02-10,google / organic,6,0.44
2026-02-10,AFFILIATE,16,0.527
2026-02-10,facebook / paid,17,0.583
2026-02-10,organic,6,0.508
2026-02-10,meta / social,13,0.573
2026-02-10,googleads,50,0.485
2026-02-10,klaviyo,13,0.504
2026-02-10,facebook / paid,17,0.651
2026-02-10,google / organic,4,0.383
2026-02-11,(organic),7,0.331
2026-02-11,googleads,25,0.396
2026-02-11,AFFILIATE,10,0.648
2026-02-11,meta / social,28,0.601
2026-02-11,google / cpc,20,0.363
2026-02-11,(organic),7,0.456
2026-02-11,meta / social,33,0.584
2026-02-11,affiliate / partner,8,0.735
2026-02-11,email-campaign,11,0.438
2026-02-11,googleads,29,0.45
2026-02-12,aff,4,0.522
2026-02-12,googleads,98,0.414
2026-02-12,klaviyo,9,0.409
2026-02-12,fb_paid,64,0.501
2026-02-12,(organic),12,0.348
2026-02-12,google / organic,3,0.312
2026-02-12,aff,6,0.739
2026-02-13,klaviyo,8,0.337
2026-02-13,AFFILIATE,11,0.608
2026-02-13,klaviyo,2,0.492
2026-02-13,adwords,26,0.545
2026-02-13,facebook / paid,47,0.6
2026-02-13,google / cpc,18,0.473
2026-02-13,google / cpc,22,0.419
2026-02-13,organic,10,0.337
2026-02-13,email / newsletter,3,0.411
2026-02-14,google / organic,4,0.39
2026-02-14,(organic),1,0.416
2026-02-14,aff,5,0.645
2026-02-14,FB,26,0.649
2026-02-14,facebook / paid,30,0.684
2026-02-14,partner-network,6,0.69
2026-02-14,klaviyo,10,0.375
2026-02-14,google-ads,28,0.477
2026-02-14,googleads,27,0.523
2026-02-15,meta / social,64,0.552
2026-02-15,aff,7,0.586
2026-02-15,aff,4,0.643
2026-02-15,affiliate / partner,9,0.732
2026-02-15,google-ads,45,0.532
2026-02-15,(organic),6,0.463
2026-02-15,email / newsletter,12,0.538
2026-02-16,meta / social,27,0.523
2026-02-16,affiliate / partner,9,0.676
2026-02-16,email / newsletter,9,0.424
2026-02-16,adwords,28,0.583
2026-02-16,AFFILIATE,8,0.653
2026-02-16,FB,33,0.58
2026-02-16,google / organic,5,0.532
2026-02-16,google / cpc,22,0.403
2026-02-16,adwords,30,0.568
2026-02-16,(organic),5,0.421
2026-02-17,email-campaign,2,0.371
2026-02-17,fb_paid,35,0.547
2026-02-17,(organic),9,0.504
2026-02-17,email-campaign,2,0.513
2026-02-17,FB,26,0.655
2026-02-17,Email,8,0.451
2026-02-17,AFFILIATE,24,0.629
2026-02-17,google / cpc,84,0.433
2026-02-18,klaviyo,2,0.417
2026-02-18,google-ads,31,0.401
2026-02-18,meta / social,28,0.557
2026-02-18,google / organic,2,0.514
2026-02-18,FB,29,0.549
2026-02-18,organic,2,0.406
2026-02-18,adwords,27,0.487
2026-02-18,klaviyo,6,0.484
2026-02-18,googleads,33,0.559
2026-02-18,klaviyo,10,0.454
2026-02-18,partner-network,20,0.59
2026-02-18,organic,4,0.318
2026-02-19,aff,9,0.583
2026-02-19,organic,12,0.488
2026-02-19,meta / social,65,0.557
2026-02-19,adwords,35,0.505
2026-02-19,google-ads,36,0.533
2026-02-19,email-campaign,6,0.422
2026-02-19,Email,4,0.406
2026-02-20,email / newsletter,11,0.44
2026-02-20,google / organic,6,0.38
2026-02-20,adwords,35,0.424
2026-02-20,AFFILIATE,12,0.634
2026-02-20,seo,6,0.439
2026-02-20,googleads,41,0.372
2026-02-20,meta / social,63,0.503
2026-02-21,email-campaign,4,0.416
2026-02-21,fb_paid,48,0.598
2026-02-21,Email,1,0.453
2026-02-21,aff,18,0.582
2026-02-21,adwords,20,0.502
2026-02-21,google / organic,2,0.485
2026-02-21,organic,1,0.491
2026-02-21,google-ads,25,0.468
2026-02-21,seo,2,0.408
2026-02-22,klaviyo,1,0.399
2026-02-22,aff,6,0.613
2026-02-22,adwords,44,0.465
2026-02-22,google-ads,41,0.552
2026-02-22,affiliate / partner,4,0.582
2026-02-22,organic,6,0.48
2026-02-22,google / organic,5,0.427
2026-02-22,email-campaign,5,0.423
2026-02-22,facebook / paid,27,0.682
2026-02-22,Email,3,0.453
2026-02-22,facebook / paid,29,0.557
2026-02-23,adwords,23,0.375
2026-02-23,aff,12,0.577
2026-02-23,(organic),5,0.376
2026-02-23,seo,6,0.38
2026-02-23,fb_paid,38,0.581
2026-02-23,googleads,22,0.511
2026-02-23,Email,10,0.449
2026-02-23,meta / social,24,0.671
2026-02-24,FB,23,0.533
2026-02-24,adwords,35,0.457
2026-02-24,google / cpc,44,0.547
2026-02-24,google / organic,10,0.43
2026-02-24,klaviyo,8,0.443
2026-02-24,email / newsletter,6,0.453
2026-02-24,partner-network,15,0.566
2026-02-24,FB,23,0.534
2026-02-25,organic,10,0.459
2026-02-25,partner-network,10,0.605
2026-02-25,google-ads,94,0.418
2026-02-25,klaviyo,13,0.416
2026-02-25,partner-network,6,0.59
2026-02-25,meta / social,65,0.562
2026-02-26,googleads,77,0.522
2026-02-26,facebook / paid,48,0.533
2026-02-26,seo,9,0.463
2026-02-26,AFFILIATE,17,0.702
2026-02-26,email-campaign,10,0.375
2026-02-27,email-campaign,1,0.461
2026-02-27,partner-network,5,0.665
2026-02-27,googleads,36,0.501
2026-02-27,email / newsletter,2,0.512
2026-02-27,AFFILIATE,9,0.536
2026-02-27,email-campaign,2,0.464
2026-02-27,google / organic,11,0.486
2026-02-27,google-ads,35,0.475
2026-02-27,facebook / paid,33,0.602
2026-02-28,seo,8,0.466
2026-02-28,AFFILIATE,21,0.588
2026-02-28,klaviyo,9,0.446
2026-02-28,FB,22,0.615
2026-02-28,(organic),3,0.312
2026-02-28,facebook / paid,19,0.56
2026-02-28,googleads,70,0.461
2026-02-28,facebook / paid,30,0.478
2026-03-01,email-campaign,3,0.434
2026-03-01,organic,5,0.412
2026-03-01,email-campaign,8,0.481
2026-03-01,seo,11,0.531
2026-03-01,email-campaign,4,0.418
2026-03-01,google-ads,118,0.503
2026-03-01,aff,5,0.657
2026-03-01,AFFILIATE,6,0.639
2026-03-01,facebook / paid,29,0.595
2026-03-01,meta / social,25,0.572
2026-03-02,googleads,34,0.583
2026-03-02,seo,4,0.439
2026-03-02,google-ads,32,0.443
2026-03-02,partner-network,6,0.692
2026-03-02,klaviyo,7,0.546
2026-03-02,fb_paid,51,0.659
2026-03-02,partner-network,2,0.641
2026-03-02,facebook / paid,40,0.521
2026-03-02,partner-network,3,0.64
2026-03-02,adwords,31,0.476
2026-03-02,seo,4,0.421
2026-03-02,Email,4,0.418
2026-03-02,google / organic,3,0.505
2026-03-03,googleads,43,0.542
2026-03-03,seo,8,0.458
2026-03-03,FB,37,0.539
2026-03-03,meta / social,46,0.559
2026-03-03,google / cpc,49,0.45
2026-03-03,partner-network,11,0.671
2026-03-03,AFFILIATE,15,0.612
2026-03-03,email-campaign,4,0.493
2026-03-03,email-campaign,7,0.564
2026-03-03,(organic),4,0.35
2026-03-03,google-ads,58,0.444
2026-03-04,google / cpc,25,0.51
2026-03-04,(organic),3,0.385
2026-03-04,FB,21,0.609
2026-03-04,klaviyo,5,0.399
2026-03-04,google / organic,4,0.483
2026-03-04,facebook / paid,34,0.412
2026-03-04,adwords,28,0.482
2026-03-04,email-campaign,7,0.369
2026-03-04,partner-network,15,0.605
2026-03-05,google-ads,64,0.482
2026-03-05,adwords,70,0.471
2026-03-05,FB,40,0.641
2026-03-05,FB,39,0.619
2026-03-05,affiliate / partner,11,0.577
2026-03-05,seo,15,0.413
2026-03-05,email / newsletter,9,0.449
2026-03-05,partner-network,10,0.605
2026-03-06,klaviyo,7,0.37
2026-03-06,FB,36,0.548
2026-03-06,google / organic,11,0.301
2026-03-06,fb_paid,30,0.543
2026-03-06,email / newsletter,6,0.369
2026-03-06,aff,2,0.813
2026-03-06,google / cpc,31,0.553
2026-03-06,google-ads,38,0.595
2026-03-06,affiliate / partner,2,0.633
2026-03-07,AFFILIATE,2,0.56
2026-03-07,fb_paid,34,0.644
2026-03-07,email-campaign,1,0.468
2026-03-07,organic,5,0.403
2026-03-07,googleads,31,0.48
2026-03-07,fb_paid,35,0.542
2026-03-07,partner-network,7,0.598
2026-03-07,klaviyo,2,0.32
2026-03-07,aff,3,0.648
2026-03-07,Email,3,0.455
2026-03-07,google-ads,44,0.475
2026-03-08,google / cpc,79,0.468
2026-03-08,email / newsletter,10,0.411
2026-03-08,facebook / paid,19,0.541
2026-03-08,aff,9,0.673
2026-03-08,fb_paid,16,0.545
2026-03-08,organic,3,0.367
2026-03-08,partner-network,14,0.634
2026-03-08,FB,16,0.589
2026-03-08,google / organic,3,0.404
2026-03-09,FB,42,0.54
2026-03-09,klaviyo,7,0.337
2026-03-09,facebook / paid,44,0.694
2026-03-09,google / cpc,82,0.413
2026-03-09,google / organic,17,0.311
2026-03-09,partner-network,3,0.558
2026-03-09,aff,8,0.642
2026-03-10,facebook / paid,29,0.536
2026-03-10,klaviyo,10,0.464
2026-03-10,affiliate / partner,15,0.792
2026-03-10,googleads,78,0.511
2026-03-10,aff,6,0.597
2026-03-10,email / newsletter,8,0.515
2026-03-10,google / organic,3,0.335
2026-03-10,meta / social,35,0.645
2026-03-10,seo,7,0.356
2026-03-11,googleads,33,0.407
2026-03-11,klaviyo,5,0.468
2026-03-11,AFFILIATE,6,0.71
2026-03-11,aff,14,0.559
2026-03-11,google / organic,7,0.396
2026-03-11,google / cpc,28,0.476
2026-03-11,Email,3,0.457
2026-03-11,FB,41,0.605
2026-03-11,facebook / paid,38,0.669
2026-03-11,email-campaign,2,0.468
2026-03-12,google / organic,12,0.407
2026-03-12,affiliate / partner,17,0.628
2026-03-12,Email,4,0.448
2026-03-12,facebook / paid,88,0.593
2026-03-12,google / cpc,29,0.55
2026-03-12,googleads,37,0.568
2026-03-12,email-campaign,5,0.388
2026-03-12,google / cpc,33,0.532
2026-03-13,seo,7,0.411
2026-03-13,email / newsletter,9,0.45
2026-03-13,googleads,50,0.49
2026-03-13,affiliate / partner,8,0.606
2026-03-13,seo,3,0.496
2026-03-13,aff,3,0.648
2026-03-13,googleads,45,0.461
2026-03-13,partner-network,7,0.638
2026-03-13,meta / social,31,0.589
2026-03-13,FB,26,0.558
2026-03-14,AFFILIATE,9,0.651
2026-03-14,adwords,18,0.421
2026-03-14,organic,10,0.419
2026-03-14,partner-network,7,0.727
2026-03-14,email / newsletter,1,0.309
2026-03-14,google-ads,15,0.481
2026-03-14,email-campaign,3,0.448
2026-03-14,email-campaign,-5,0.352
2026-03-14,facebook / paid,80,0.643
2026-03-14,affiliate / partner,6,0.572
2026-03-14,google / cpc,13,0.497
2026-03-15,google-ads,29,0.435
2026-03-15,meta / social,41,0.678
2026-03-15,facebook / paid,40,0.496
2026-03-15,partner-network,14,0.531
2026-03-15,google / cpc,33,0.464
2026-03-15,(organic),7,0.373
2026-03-15,email-campaign,10,0.417
2026-03-15,adwords,48,0.496
2026-03-16,google / cpc,43,0.45
2026-03-16,meta / social,31,0.573
2026-03-16,FB,28,0.565
2026-03-16,(organic),10,0.388
2026-03-16,klaviyo,2,0.485
2026-03-16,AFFILIATE,14,0.597
2026-03-16,google-ads,34,0.441
2026-03-16,adwords,59,0.503
2026-03-16,email / newsletter,4,0.445
2026-03-17,affiliate / partner,5,0.663
2026-03-17,email-campaign,7,0.418
2026-03-17,AFFILIATE,4,0.577
2026-03-17,google-ads,35,0.61
2026-03-17,email / newsletter,7,0.464
2026-03-17,affiliate / partner,4,0.603
2026-03-17,meta / social,27,0.492
2026-03-17,googleads,30,0.407
2026-03-17,(organic),13,0.415
2026-03-17,meta / social,23,0.618
2026-03-18,email-campaign,4,0.485
2026-03-18,email-campaign,5,0.411
2026-03-18,organic,4,0.358
2026-03-18,AFFILIATE,14,0.702
2026-03-18,meta / social,35,0.62
2026-03-18,fb_paid,24,0.541
2026-03-18,google / cpc,44,0.419
2026-03-18,google / cpc,43,0.543
2026-03-18,meta / social,25,0.552
2026-03-19,partner-network,4,0.64
2026-03-19,google / organic,7,0.421
2026-03-19,email-campaign,7,0.402
2026-03-19,adwords,94,0.415
2026-03-19,aff,6,0.645
2026-03-19,facebook / paid,72,0.508
2026-03-19,affiliate / partner,4,0.662
2026-03-19,organic,3,0.47
2026-03-20,klaviyo,4,0.439
2026-03-20,google / cpc,21,0.472
2026-03-20,(organic),5,0.331
2026-03-20,partner-network,11,0.647
2026-03-20,adwords,26,0.462
2026-03-20,organic,4,0.374
2026-03-20,Email,1,0.446
2026-03-20,klaviyo,3,0.482
2026-03-20,adwords,28,0.422
2026-03-20,AFFILIATE,18,0.624
2026-03-20,fb_paid,79,0.596
2026-03-21,(organic),4,0.404
2026-03-21,AFFILIATE,9,0.572
2026-03-21,(organic),2,0.399
2026-03-21,seo,3,0.375
2026-03-21,facebook / paid,26,0.582
2026-03-21,email-campaign,3,0.377
2026-03-21,googleads,39,0.481
2026-03-21,google / cpc,34,0.553
2026-03-21,AFFILIATE,3,0.643
2026-03-21,facebook / paid,30,0.638
2026-03-22,google / organic,9,0.377
2026-03-22,Email,14,0.383
2026-03-22,facebook / paid,73,0.59
2026-03-22,google / cpc,34,0.432
2026-03-22,email / newsletter,9,0.402
2026-03-22,partner-network,17,0.661
2026-03-22,google-ads,44,0.363
2026-03-23,klaviyo,4,0.392
2026-03-23,googleads,49,0.413
2026-03-23,googleads,52,0.465
2026-03-23,Email,5,0.484
2026-03-23,seo,5,0.422
2026-03-23,AFFILIATE,14,0.638
2026-03-23,FB,83,0.618
2026-03-23,google / organic,6,0.44
2026-03-24,googleads,29,0.445
2026-03-24,organic,11,0.417
2026-03-24,aff,8,0.582
2026-03-24,Email,5,0.424
2026-03-24,google-ads,36,0.513
2026-03-24,klaviyo,3,0.519
2026-03-24,google / cpc,20,0.504
2026-03-24,partner-network,15,0.602
2026-03-24,FB,66,0.721
2026-03-25,email-campaign,2,0.439
2026-03-25,facebook / paid,35,0.616
2026-03-25,meta / social,27,0.55
2026-03-25,adwords,33,0.512
2026-03-25,Email,5,0.482
2026-03-25,seo,8,0.306
2026-03-25,affiliate / partner,7,0.662
2026-03-25,aff,9,0.562
2026-03-25,google-ads,43,0.583
2026-03-25,facebook / paid,28,0.555
2026-03-25,organic,5,0.365
2026-03-26,facebook / paid,21,0.583
2026-03-26,aff,14,0.531
2026-03-26,fb_paid,32,0.618
2026-03-26,google-ads,48,0.45
2026-03-26,Email,6,0.513
2026-03-26,google-ads,44,0.446
2026-03-26,organic,5,0.362
2026-03-26,organic,5,0.491
2026-03-26,organic,4,0.413
2026-03-26,email-campaign,2,0.471
2026-03-27,adwords,37,0.499
2026-03-27,aff,6,0.669
2026-03-27,facebook / paid,64,0.593
2026-03-27,affiliate / partner,5,0.53
2026-03-27,affiliate / partner,7,0.622
2026-03-27,seo,10,0.421
2026-03-27,email / newsletter,4,0.362
2026-03-27,(organic),3,0.349
2026-03-27,google / cpc,37,0.52
2026-03-28,aff,4,0.678
2026-03-28,organic,3,0.449
2026-03-28,email / newsletter,9,0.476
2026-03-28,FB,95,0.627
2026-03-28,adwords,62,0.466
2026-03-28,AFFILIATE,8,0.68
2026-03-28,organic,2,0.442
2026-03-29,aff,5,0.619
2026-03-29,facebook / paid,38,0.486
2026-03-29,affiliate / partner,7,0.559
2026-03-29,(organic),13,0.433
2026-03-29,meta / social,40,0.63
2026-03-29,email / newsletter,8,0.476
2026-03-29,Email,4,0.475
2026-03-29,googleads,37,0.466
2026-03-29,google-ads,53,0.507
2026-03-30,seo,2,0.425
2026-03-30,affiliate / partner,4,0.597
2026-03-30,seo,4,0.369
2026-03-30,email-campaign,5,0.456
2026-03-30,google / organic,8,0.347
2026-03-30,facebook / paid,81,0.584
2026-03-30,Email,4,0.493
2026-03-30,klaviyo,4,0.492
2026-03-30,affiliate / partner,6,0.661
2026-03-30,AFFILIATE,3,0.678
2026-03-30,google-ads,72,0.442
2026-03-31,organic,4,0.402
2026-03-31,affiliate / partner,7,0.649
2026-03-31,Email,9,0.472
2026-03-31,fb_paid,22,0.537
2026-03-31,meta / social,26,0.566
2026-03-31,affiliate / partner,5,0.598
2026-03-31,organic,3,0.396
2026-03-31,Email,6,0.448
2026-03-31,google-ads,108,0.449
2026-03-31,AFFILIATE,7,0.563
2026-04-01,facebook / paid,50,0.558
2026-04-01,AFFILIATE,11,0.647
2026-04-01,google / organic,9,0.542
2026-04-01,fb_paid,34,0.564
2026-04-01,google / cpc,36,0.466
2026-04-01,Email,6,0.429
2026-04-01,googleads,38,0.495
2026-04-01,email / newsletter,7,0.537
2026-04-02,google / cpc,21,0.44
2026-04-02,email-campaign,11,0.507
2026-04-02,AFFILIATE,8,0.709
2026-04-02,partner-network,11,0.559
2026-04-02,facebook / paid,78,0.712
2026-04-02,google-ads,22,0.4
2026-04-02,organic,14,0.429
2026-04-03,email / newsletter,16,0.454
2026-04-03,aff,11,0.721
2026-04-03,adwords,35,0.376
2026-04-03,fb_paid,52,0.54
2026-04-03,partner-network,10,0.557
2026-04-03,meta / social,36,0.578
2026-04-03,seo,8,0.507
2026-04-03,google-ads,48,0.388
2026-04-04,organic,10,0.439
2026-04-04,email-campaign,8,0.505
2026-04-04,Email,8,0.459
2026-04-04,AFFILIATE,6,0.62
2026-04-04,FB,21,0.49
2026-04-04,affiliate / partner,7,0.695
2026-04-04,facebook / paid,32,0.566
2026-04-04,facebook / paid,20,0.609
2026-04-04,aff,5,0.609
2026-04-04,adwords,64,0.38
2026-04-05,aff,6,0.596
2026-04-05,partner-network,5,0.615
2026-04-05,google / organic,8,0.415
2026-04-05,adwords,34,0.456
2026-04-05,facebook / paid,34,0.666
2026-04-05,googleads,37,0.408
2026-04-05,Email,10,0.553
2026-04-05,affiliate / partner,7,0.633
2026-04-05,fb_paid,29,0.523
2026-04-05,facebook / paid,38,0.557
2026-04-06,klaviyo,11,0.427
2026-04-06,fb_paid,79,0.649
2026-04-06,organic,2,0.477
2026-04-06,google-ads,43,0.509
2026-04-06,google-ads,49,0.489
2026-04-06,partner-network,30,0.649
2026-04-06,email / newsletter,9,0.472
2026-04-06,organic,4,0.371
2026-04-06,organic,2,0.356
2026-04-07,FB,88,0.643
2026-04-07,aff,7,0.607
2026-04-07,adwords,27,0.351
2026-04-07,email / newsletter,7,0.45
2026-04-07,aff,10,0.761
2026-04-07,(organic),14,0.418
2026-04-07,google-ads,15,0.434
2026-04-07,google / cpc,32,0.41
2026-04-08,(organic),17,0.45
2026-04-08,Email,21,0.394
2026-04-08,affiliate / partner,8,0.669
2026-04-08,partner-network,9,0.646
2026-04-08,facebook / paid,35,0.677
2026-04-08,google-ads,35,0.6
2026-04-08,facebook / paid,33,0.639
2026-04-08,google / cpc,42,0.616
2026-04-09,AFFILIATE,19,0.589
2026-04-09,FB,42,0.573
2026-04-09,klaviyo,22,0.388
2026-04-09,googleads,37,0.466
2026-04-09,FB,53,0.645
2026-04-09,google / cpc,44,0.525
2026-04-09,organic,3,0.407
2026-04-10,FB,29,0.565
2026-04-10,Email,8,0.452
2026-04-10,google-ads,55,0.577
2026-04-10,FB,18,0.512
2026-04-10,FB,22,0.627
2026-04-10,AFFILIATE,3,0.621
2026-04-10,seo,8,0.379
2026-04-10,partner-network,6,0.658
2026-04-10,google / cpc,40,0.532
2026-04-10,email / newsletter,8,0.532
2026-04-10,partner-network,2,0.66
2026-04-11,fb_paid,68,0.612
2026-04-11,google / cpc,94,0.484
2026-04-11,email / newsletter,9,0.483
2026-04-11,AFFILIATE,23,0.651
2026-04-11,google / organic,6,0.354
2026-04-11,email-campaign,4,0.465
2026-04-12,meta / social,29,0.563
2026-04-12,partner-network,6,0.665
2026-04-12,googleads,59,0.566
2026-04-12,partner-network,7,0.692
2026-04-12,fb_paid,24,0.619
2026-04-12,meta / social,20,0.61
2026-04-12,klaviyo,11,0.542
2026-04-12,google / organic,4,0.305
2026-04-12,organic,4,0.443
2026-04-13,google / organic,20,0.365
2026-04-13,email / newsletter,6,0.546
2026-04-13,facebook / paid,39,0.494
2026-04-13,Email,8,0.263
2026-04-13,fb_paid,36,0.54
2026-04-13,google-ads,98,0.485
2026-04-13,aff,23,0.684
2026-04-14,adwords,65,0.465
2026-04-14,meta / social,29,0.558
2026-04-14,aff,19,0.609
2026-04-14,facebook / paid,31,0.581
2026-04-14,email / newsletter,15,0.433
2026-04-14,meta / social,20,0.526
2026-04-14,seo,4,0.433
2026-04-14,(organic),3,0.417
2026-04-15,email / newsletter,2,0.382
2026-04-15,email / newsletter,4,0.471
2026-04-15,fb_paid,36,0.602
2026-04-15,meta / social,43,0.561
2026-04-15,Email,6,0.453
2026-04-15,organic,2,0.462
2026-04-15,organic,1,0.475
2026-04-15,affiliate / partner,7,0.567
2026-04-15,aff,8,0.633
2026-04-15,adwords,38,0.48
2026-04-15,(organic),5,0.443
2026-04-15,google / cpc,38,0.473
2026-04-15,partner-network,4,0.645
2026-04-16,aff,6,0.609
2026-04-16,seo,3,0.461
2026-04-16,seo,6,0.454
2026-04-16,google / cpc,21,0.433
2026-04-16,Email,3,0.432
2026-04-16,meta / social,25,0.54
2026-04-16,email-campaign,7,0.413
2026-04-16,partner-network,6,0.613
2026-04-16,google-ads,18,0.428
2026-04-16,google / cpc,20,0.383
2026-04-16,FB,36,0.515
2026-04-16,aff,5,0.667
2026-04-17,email / newsletter,3,0.444
2026-04-17,google / cpc,98,0.433
2026-04-17,google / organic,10,0.378
2026-04-17,aff,18,0.579
2026-04-17,Email,5,0.415
2026-04-17,aff,10,0.653
2026-04-17,organic,8,0.326
2026-04-17,FB,32,0.596
2026-04-17,fb_paid,32,0.626
2026-04-18,affiliate / partner,6,0.72
2026-04-18,email / newsletter,13,0.574
2026-04-18,meta / social,42,0.493
2026-04-18,google / organic,6,0.405
2026-04-18,partner-network,8,0.643
2026-04-18,google-ads,79,0.368
2026-04-18,fb_paid,32,0.581
2026-04-18,(organic),9,0.443
2026-04-19,facebook / paid,35,0.47
2026-04-19,AFFILIATE,7,0.579
2026-04-19,google-ads,61,0.568
2026-04-19,klaviyo,5,0.427
2026-04-19,partner-network,9,0.747
2026-04-19,email / newsletter,5,0.441
2026-04-19,fb_paid,31,0.53
2026-04-19,adwords,57,0.508
2026-04-19,google / organic,8,0.399
2026-04-20,organic,6,0.383
2026-04-20,affiliate / partner,13,0.678
2026-04-20,FB,31,0.604
2026-04-20,email-campaign,7,0.391
2026-04-20,google-ads,52,0.469
2026-04-20,fb_paid,46,0.559
2026-04-20,partner-network,11,0.661
2026-04-20,(organic),9,0.454
2026-04-20,Email,6,0.459
2026-04-20,googleads,38,0.466
2026-04-21,AFFILIATE,8,0.624
2026-04-21,google / organic,9,0.393
2026-04-21,google-ads,31,0.525
2026-04-21,google / organic,9,0.358
2026-04-21,email / newsletter,17,0.437
2026-04-21,AFFILIATE,15,0.714
2026-04-21,fb_paid,35,0.485
2026-04-21,fb_paid,43,0.675
2026-04-21,google-ads,46,0.468
2026-04-22,google / organic,9,0.357
2026-04-22,Email,5,0.427
2026-04-22,seo,8,0.493
2026-04-22,email / newsletter,3,0.461
2026-04-22,FB,62,0.533
2026-04-22,googleads,94,0.391
2026-04-22,AFFILIATE,20,0.61
2026-04-23,google / organic,12,0.488
2026-04-23,adwords,39,0.538
2026-04-23,email / newsletter,21,0.484
2026-04-23,affiliate / partner,16,0.583
2026-04-23,FB,72,0.552
2026-04-23,googleads,37,0.445
2026-04-24,facebook / paid,32,0.535
2026-04-24,google-ads,22,0.499
2026-04-24,Email,3,0.434
2026-04-24,meta / social,29,0.602
2026-04-24,aff,5,0.524
2026-04-24,Email,1,0.452
2026-04-24,email / newsletter,6,0.446
2026-04-24,affiliate / partner,9,0.577
2026-04-24,adwords,30,0.434
2026-04-24,google / organic,8,0.415
2026-04-25,meta / social,29,0.572
2026-04-25,googleads,25,0.439
2026-04-25,seo,3,0.427
2026-04-25,klaviyo,5,0.373
2026-04-25,seo,4,0.397
2026-04-25,facebook / paid,28,0.634
2026-04-25,AFFILIATE,2,0.632
2026-04-25,google / cpc,34,0.417
2026-04-25,AFFILIATE,4,0.684
2026-04-25,partner-network,6,0.636
2026-04-25,email-campaign,2,0.42
2026-04-26,adwords,38,0.419
2026-04-26,facebook / paid,31,0.681
2026-04-26,email-campaign,12,0.461
2026-04-26,fb_paid,24,0.538
2026-04-26,meta / social,31,0.571
2026-04-26,Email,7,0.499
2026-04-26,googleads,36,0.476
2026-04-26,(organic),11,0.295
2026-04-26,affiliate / partner,13,0.679
2026-04-27,googleads,32,0.537
2026-04-27,facebook / paid,27,0.47
2026-04-27,email / newsletter,20,0.369
2026-04-27,affiliate / partner,10,0.64
2026-04-27,meta / social,31,0.631
2026-04-27,aff,17,0.724
2026-04-27,google-ads,37,0.494
2026-04-27,FB,25,0.685
2026-04-27,seo,10,0.37
2026-04-28,google-ads,35,0.422
2026-04-28,email-campaign,6,0.403
2026-04-28,organic,4,0.386
2026-04-28,google / organic,7,0.402
2026-04-28,email-campaign,4,0.486
2026-04-28,email-campaign,4,0.498
2026-04-28,adwords,33,0.454
2026-04-28,affiliate / partner,17,0.618
2026-04-28,facebook / paid,100,0.59
2026-04-29,FB,54,0.681
2026-04-29,organic,5,0.356
2026-04-29,AFFILIATE,22,0.64
2026-04-29,googleads,87,0.426
2026-04-29,meta / social,42,0.585
2026-04-29,email-campaign,15,0.487
2026-04-30,email / newsletter,11,0.489
2026-04-30,adwords,87,0.486
2026-04-30,seo,4,0.347
2026-04-30,Email,5,0.484
2026-04-30,FB,12,0.622
2026-04-30,partner-network,5,0.636
2026-04-30,AFFILIATE,6,0.575
2026-04-30,email-campaign,11,0.438
2026-04-30,FB,19,0.516
2026-04-30,AFFILIATE,4,0.65
2026-04-30,FB,20,0.596
2026-04-30,google / organic,5,0.553
2026-05-01,facebook / paid,32,0.602
2026-05-01,email-campaign,9,0.542
2026-05-01,AFFILIATE,22,0.58
2026-05-01,organic,11,0.471
2026-05-01,google / cpc,17,0.417
2026-05-01,fb_paid,24,0.509
2026-05-01,klaviyo,5,0.461
2026-05-01,google / cpc,24,0.353
2026-05-01,google / cpc,20,0.48
2026-05-02,organic,6,0.475
2026-05-02,affiliate / partner,8,0.596
2026-05-02,google / cpc,16,0.615
2026-05-02,facebook / paid,19,0.613
2026-05-02,email-campaign,1,0.493
2026-05-02,partner-network,9,0.592
2026-05-02,google-ads,22,0.399
2026-05-02,organic,5,0.422
2026-05-02,meta / social,18,0.513
2026-05-02,seo,7,0.388
2026-05-02,Email,5,0.335
2026-05-02,FB,23,0.624
2026-05-03,googleads,46,0.456
2026-05-03,aff,11,0.664
2026-05-03,aff,6,0.615
2026-05-03,google / cpc,49,0.446
2026-05-03,meta / social,34,0.579
2026-05-03,(organic),6,0.399
2026-05-03,affiliate / partner,11,0.681
2026-05-03,seo,7,0.44
2026-05-03,klaviyo,20,0.452
2026-05-03,facebook / paid,20,0.674
2026-05-04,email-campaign,10,0.387
2026-05-04,aff,4,0.633
2026-05-04,partner-network,4,0.585
2026-05-04,adwords,30,0.423
2026-05-04,googleads,37,0.437
2026-05-04,organic,14,0.419
2026-05-04,AFFILIATE,1,0.667
2026-05-04,fb_paid,48,0.672
2026-05-04,klaviyo,5,0.514
2026-05-05,aff,6,0.657
2026-05-05,(organic),5,0.426
2026-05-05,fb_paid,40,0.574
2026-05-05,email / newsletter,5,0.356
2026-05-05,seo,4,0.493
2026-05-05,email / newsletter,9,0.42
2026-05-05,partner-network,6,0.566
2026-05-05,adwords,87,0.437
2026-05-05,facebook / paid,35,0.507
2026-05-06,adwords,23,0.458
2026-05-06,AFFILIATE,5,0.658
2026-05-06,google / cpc,20,0.38
2026-05-06,google / cpc,25,0.41
2026-05-06,fb_paid,45,0.61
2026-05-06,aff,7,0.558
2026-05-06,fb_paid,40,0.574
2026-05-06,organic,5,0.51
2026-05-06,aff,12,0.683
2026-05-06,(organic),7,0.407
2026-05-06,klaviyo,11,0.539
2026-05-07,klaviyo,8,0.498
2026-05-07,Email,9,0.413
2026-05-07,seo,10,0.361
2026-05-07,aff,8,0.59
2026-05-07,meta / social,25,0.592
2026-05-07,google / cpc,38,0.459
2026-05-07,meta / social,44,0.607
2026-05-07,google-ads,47,0.461
2026-05-08,Email,5,0.417
2026-05-08,adwords,39,0.473
2026-05-08,affiliate / partner,15,0.659
2026-05-08,organic,4,0.448
2026-05-08,FB,24,0.549
2026-05-08,facebook / paid,21,0.618
2026-05-08,fb_paid,27,0.539
2026-05-08,email-campaign,6,0.476
2026-05-08,googleads,20,0.539
2026-05-08,google / organic,6,0.434
2026-05-09,email / newsletter,8,0.451
2026-05-09,googleads,59,0.408
2026-05-09,google / organic,6,0.492
2026-05-09,meta / social,24,0.671
2026-05-09,email-campaign,5,0.399
2026-05-09,FB,20,0.507
2026-05-09,Email,3,0.472
2026-05-09,partner-network,23,0.598
2026-05-09,organic,2,0.403
2026-05-10,FB,16,0.64
2026-05-10,adwords,57,0.43
2026-05-10,facebook / paid,16,0.585
2026-05-10,partner-network,33,0.624
2026-05-10,google / organic,4,0.42
2026-05-10,FB,11,0.613
2026-05-10,googleads,38,0.522
2026-05-10,klaviyo,12,0.389
2026-05-10,google / organic,6,0.374
2026-05-11,email-campaign,4,0.446
2026-05-11,organic,8,0.532
2026-05-11,meta / social,17,0.544
2026-05-11,googleads,13,0.504
2026-05-11,affiliate / partner,13,0.608
2026-05-11,affiliate / partner,4,0.614
2026-05-11,google / cpc,21,0.423
2026-05-11,meta / social,15,0.473
2026-05-11,adwords,16,0.493
2026-05-11,(organic),13,0.414
2026-05-11,fb_paid,20,0.608
2026-05-11,Email,8,0.508
2026-05-12,google-ads,25,0.419
2026-05-12,google / cpc,31,0.43
2026-05-12,google / organic,5,0.391
2026-05-12,seo,4,0.416
2026-05-12,FB,12,0.52
2026-05-12,fb_paid,11,0.53
2026-05-12,email-campaign,6,0.376
2026-05-12,FB,19,0.634
2026-05-12,affiliate / partner,31,0.492
2026-05-12,organic,5,0.415
2026-05-12,klaviyo,1,0.42
2026-05-13,aff,4,0.455
2026-05-13,(organic),14,0.388
2026-05-13,meta / social,52,0.702
2026-05-13,Email,4,0.388
2026-05-13,AFFILIATE,4,0.651
2026-05-13,Email,8,0.381
2026-05-13,google-ads,25,0.488
2026-05-13,affiliate / partner,9,0.536
2026-05-13,googleads,43,0.477
2026-05-14,klaviyo,2,0.483
2026-05-14,facebook / paid,47,0.678
2026-05-14,googleads,25,0.503
2026-05-14,google-ads,35,0.467
2026-05-14,(organic),6,0.387
2026-05-14,organic,3,0.444
2026-05-14,organic,5,0.418
2026-05-14,klaviyo,3,0.387
2026-05-14,aff,8,0.664
2026-05-14,AFFILIATE,6,0.575
2026-05-14,AFFILIATE,7,0.615
2026-05-15,google / organic,10,0.334
2026-05-15,klaviyo,3,0.421
2026-05-15,facebook / paid,70,0.527
2026-05-15,email-campaign,4,0.416
2026-05-15,affiliate / partner,5,0.593
2026-05-15,AFFILIATE,2,0.673
2026-05-15,googleads,38,0.406
2026-05-15,partner-network,6,0.643
2026-05-15,(organic),4,0.284
2026-05-16,facebook / paid,18,0.609
2026-05-16,meta / social,17,0.536
2026-05-16,Email,2,0.51
2026-05-16,aff,11,0.573
2026-05-16,google-ads,65,0.39
2026-05-16,seo,7,0.367
2026-05-16,email / newsletter,3,0.483
2026-05-16,meta / social,10,0.648
2026-05-16,aff,13,0.542
2026-05-16,google / organic,6,0.515
2026-05-17,adwords,27,0.452
2026-05-17,email-campaign,4,0.38
2026-05-17,AFFILIATE,11,0.5
2026-05-17,facebook / paid,41,0.593
2026-05-17,seo,7,0.461
2026-05-17,klaviyo,4,0.443
2026-05-17,Email,6,0.404
2026-05-17,meta / social,37,0.629
2026-05-17,google / cpc,29,0.389
2026-05-17,googleads,25,0.459
2026-05-17,aff,7,0.628
2026-05-18,Email,14,0.418
2026-05-18,klaviyo,5,0.445
2026-05-18,facebook / paid,25,0.621
2026-05-18,adwords,93,0.561
2026-05-18,facebook / paid,28,0.65
2026-05-18,affiliate / partner,8,0.567
2026-05-18,organic,7,0.517
2026-05-18,facebook / paid,25,0.636
2026-05-18,partner-network,8,0.643
2026-05-18,AFFILIATE,6,0.55
2026-05-18,seo,8,0.379
2026-05-19,affiliate / partner,18,0.602
2026-05-19,facebook / paid,20,0.623
2026-05-19,email-campaign,12,0.48
2026-05-19,partner-network,16,0.598
2026-05-19,Email,8,0.439
2026-05-19,organic,5,0.479
2026-05-19,google-ads,43,0.322
2026-05-19,fb_paid,21,0.586
2026-05-19,googleads,35,0.416
2026-05-19,meta / social,28,0.472
2026-05-19,seo,4,0.33
2026-05-20,google / organic,-5,0.387
2026-05-20,meta / social,42,0.635
2026-05-20,google / cpc,38,0.543
2026-05-20,AFFILIATE,22,0.625
2026-05-20,meta / social,39,0.621
2026-05-20,email / newsletter,22,0.447
2026-05-20,google-ads,35,0.469
2026-05-20,google / organic,2,0.469
2026-05-21,email / newsletter,7,0.453
2026-05-21,meta / social,23,0.579
2026-05-21,organic,3,0.368
2026-05-21,facebook / paid,22,0.607
2026-05-21,seo,6,0.459
2026-05-21,google / cpc,71,0.42
2026-05-21,partner-network,22,0.632
2026-05-21,email-campaign,9,0.474
2026-05-21,(organic),5,0.514
2026-05-22,aff,9,0.584
2026-05-22,Email,6,0.54
2026-05-22,adwords,32,0.523
2026-05-22,affiliate / partner,10,0.695
2026-05-22,email-campaign,4,0.462
2026-05-22,FB,33,0.545
2026-05-22,facebook / paid,38,0.75
2026-05-22,google / cpc,35,0.483
2026-05-22,aff,12,0.536
2026-05-22,organic,10,0.494
2026-05-23,partner-network,9,0.597
2026-05-23,seo,12,0.378
2026-05-23,meta / social,24,0.569
2026-05-23,Email,6,0.397
2026-05-23,aff,6,0.655
2026-05-23,facebook / paid,20,0.53
2026-05-23,adwords,64,0.452
2026-05-24,email-campaign,5,0.39
2026-05-24,fb_paid,51,0.597
2026-05-24,AFFILIATE,13,0.67
2026-05-24,email-campaign,3,0.38
2026-05-24,FB,39,0.576
2026-05-24,google / organic,13,0.392
2026-05-24,adwords,88,0.457
2026-05-24,partner-network,10,0.635
2026-05-25,FB,45,0.599
2026-05-25,email-campaign,19,0.443
2026-05-25,fb_paid,44,0.6
2026-05-25,AFFILIATE,39,0.579
2026-05-25,adwords,39,0.496
2026-05-25,adwords,37,0.464
2026-05-25,organic,35,0.398
2026-05-26,google / organic,7,0.371
2026-05-26,email-campaign,7,0.497
2026-05-26,affiliate / partner,13,0.789
2026-05-26,email / newsletter,4,0.525
2026-05-26,FB,36,0.468
2026-05-26,(organic),8,0.391
2026-05-26,google-ads,81,0.544
2026-05-26,FB,19,0.563
2026-05-26,AFFILIATE,9,0.569
2026-05-27,Email,16,0.431
2026-05-27,facebook / paid,24,0.663
2026-05-27,facebook / paid,24,0.487
2026-05-27,googleads,16,0.511
2026-05-27,google-ads,13,0.477
2026-05-27,facebook / paid,28,0.561
2026-05-27,affiliate / partner,18,0.569
2026-05-27,partner-network,11,0.613
2026-05-27,google / organic,7,0.415
2026-05-27,google-ads,10,0.413
2026-05-28,FB,25,0.596
2026-05-28,adwords,53,0.489
2026-05-28,klaviyo,14,0.448
2026-05-28,FB,28,0.63
2026-05-28,adwords,46,0.439
2026-05-28,affiliate / partner,8,0.588
2026-05-28,AFFILIATE,6,0.695
2026-05-28,google / organic,3,0.384
2026-05-28,(organic),5,0.485
2026-05-29,AFFILIATE,17,0.657
2026-05-29,google / organic,4,0.446
2026-05-29,meta / social,28,0.498
2026-05-29,email / newsletter,2,0.532
2026-05-29,google / cpc,55,0.422
2026-05-29,google / organic,9,0.464
2026-05-29,email / newsletter,9,0.392
2026-05-29,email / newsletter,3,0.323
2026-05-29,facebook / paid,29,0.638
2026-05-30,google / organic,4,0.39
2026-05-30,Email,14,0.444
2026-05-30,adwords,51,0.435
2026-05-30,organic,1,0.416
2026-05-30,affiliate / partner,22,0.528
2026-05-30,(organic),5,0.372
2026-05-30,FB,29,0.55
2026-05-30,facebook / paid,20,0.557
2026-05-31,klaviyo,13,0.452
2026-05-31,google / cpc,40,0.441
2026-05-31,google / cpc,36,0.366
2026-05-31,aff,11,0.707
2026-05-31,seo,8,0.37
2026-05-31,(organic),5,0.431
2026-05-31,fb_paid,46,0.506
2026-05-31,partner-network,12,0.716
2026-05-31,FB,34,0.602
2026-06-01,partner-network,12,0.658
2026-06-01,googleads,71,0.487
2026-06-01,seo,8,0.489
2026-06-01,email / newsletter,4,0.422
2026-06-01,facebook / paid,25,0.509
2026-06-01,FB,19,0.64
2026-06-01,(organic),8,0.448
2026-06-01,aff,17,0.679
2026-06-01,email-campaign,7,0.479
2026-06-02,partner-network,7,0.649
2026-06-02,seo,6,0.425
2026-06-02,googleads,39,0.553
2026-06-02,email / newsletter,7,0.333
2026-06-02,partner-network,10,0.681
2026-06-02,email-campaign,7,0.555
2026-06-02,aff,10,0.698
2026-06-02,organic,5,0.365
2026-06-02,adwords,48,0.413
2026-06-02,facebook / paid,68,0.613
2026-06-02,adwords,37,0.533
2026-06-03,adwords,42,0.388
2026-06-03,(organic),5,0.449
2026-06-03,fb_paid,11,0.674
2026-06-03,facebook / paid,17,0.587
2026-06-03,AFFILIATE,15,0.574
2026-06-03,email / newsletter,2,0.409
2026-06-03,adwords,36,0.462
2026-06-03,fb_paid,12,0.501
2026-06-03,AFFILIATE,13,0.666
2026-06-03,seo,1,0.47
2026-06-03,email / newsletter,8,0.45
2026-06-04,google / cpc,18,0.378
2026-06-04,(organic),7,0.469
2026-06-04,facebook / paid,21,0.541
2026-06-04,FB,19,0.567
2026-06-04,aff,12,0.632
2026-06-04,google / organic,2,0.34
2026-06-04,email / newsletter,11,0.42
2026-06-04,adwords,25,0.448
2026-06-04,meta / social,26,0.436
2026-06-04,AFFILIATE,10,0.574
2026-06-04,google / cpc,13,0.424
2026-06-05,email-campaign,5,0.457
2026-06-05,AFFILIATE,7,0.58
2026-06-05,adwords,26,0.406
2026-06-05,organic,5,0.427
2026-06-05,email / newsletter,7,0.397
2026-06-05,facebook / paid,56,0.562
2026-06-05,organic,5,0.381
2026-06-05,google / organic,5,0.47
2026-06-05,google-ads,16,0.402
2026-06-05,AFFILIATE,7,0.632
2026-06-06,Email,4,0.394
2026-06-06,google / cpc,37,0.433
2026-06-06,aff,16,0.64
2026-06-06,email-campaign,5,0.522
2026-06-06,googleads,33,0.488
2026-06-06,seo,7,0.423
2026-06-06,klaviyo,2,0.437
2026-06-06,fb_paid,68,0.628
2026-06-06,google / organic,5,0.376
2026-06-07,google / cpc,29,0.456
2026-06-07,email-campaign,10,0.398
2026-06-07,adwords,24,0.484
2026-06-07,affiliate / partner,27,0.569
2026-06-07,FB,62,0.536
2026-06-07,google-ads,35,0.405
2026-06-07,(organic),6,0.39
2026-06-07,organic,7,0.471
2026-06-07,Email,7,0.465
2026-06-08,FB,25,0.568
2026-06-08,meta / social,28,0.574
2026-06-08,partner-network,18,0.578
2026-06-08,googleads,29,0.448
2026-06-08,seo,9,0.525
2026-06-08,Email,2,0.409
2026-06-08,Email,5,0.395
2026-06-08,adwords,18,0.479
2026-06-08,googleads,32,0.566
2026-06-09,(organic),8,0.443
2026-06-09,affiliate / partner,6,0.667
2026-06-09,Email,5,0.34
2026-06-09,email-campaign,3,0.475
2026-06-09,AFFILIATE,12,0.618
2026-06-09,seo,8,0.4
2026-06-09,meta / social,34,0.548
2026-06-09,email / newsletter,8,0.431
2026-06-09,google-ads,84,0.524
2026-06-09,fb_paid,37,0.473
2026-06-10,(organic),6,0.41
2026-06-10,facebook / paid,47,0.597
2026-06-10,adwords,86,0.55
2026-06-10,(organic),4,0.34
2026-06-10,meta / social,44,0.477
2026-06-10,aff,22,0.629
2026-06-10,Email,14,0.517
2026-06-11,FB,49,0.664
2026-06-11,organic,15,0.355
2026-06-11,aff,6,0.667
2026-06-11,adwords,23,0.418
2026-06-11,email-campaign,3,0.504
2026-06-11,google / cpc,25,0.462
2026-06-11,google-ads,19,0.482
2026-06-11,Email,8,0.384
2026-06-11,affiliate / partner,9,0.634
2026-06-12,google / organic,9,0.437
2026-06-12,Email,6,0.43
2026-06-12,(organic),6,0.41
2026-06-12,adwords,42,0.513
2026-06-12,email / newsletter,2,0.434
2026-06-12,partner-network,20,0.635
2026-06-12,Email,3,0.367
2026-06-12,facebook / paid,82,0.563
2026-06-12,adwords,42,0.568
2026-06-13,FB,56,0.63
2026-06-13,organic,1,0.481
2026-06-13,google-ads,27,0.487
2026-06-13,organic,2,0.49
2026-06-13,partner-network,6,0.635
2026-06-13,affiliate / partner,11,0.598
2026-06-13,email / newsletter,2,0.419
2026-06-13,email-campaign,2,0.483
2026-06-13,email-campaign,5,0.447
2026-06-13,google-ads,28,0.423
2026-06-13,seo,1,0.366
2026-06-14,(organic),3,0.398
2026-06-14,meta / social,24,0.626
2026-06-14,google-ads,58,0.616
2026-06-14,facebook / paid,20,0.631
2026-06-14,facebook / paid,33,0.533
2026-06-14,partner-network,20,0.649
2026-06-14,email / newsletter,16,0.491
2026-06-14,seo,7,0.532
2026-06-15,email / newsletter,2,0.475
2026-06-15,affiliate / partner,4,0.606
2026-06-15,fb_paid,42,0.574
2026-06-15,google / organic,5,0.391
2026-06-15,google-ads,38,0.458
2026-06-15,affiliate / partner,2,0.636
2026-06-15,seo,5,0.405
2026-06-15,aff,6,0.681
2026-06-15,google-ads,28,0.54
2026-06-15,klaviyo,14,0.509
2026-06-15,facebook / paid,44,0.537
2026-06-16,googleads,17,0.511
2026-06-16,aff,6,0.624
2026-06-16,adwords,24,0.411
2026-06-16,AFFILIATE,6,0.69
2026-06-16,partner-network,7,0.708
2026-06-16,email / newsletter,16,0.501
2026-06-16,FB,80,0.594
2026-06-16,(organic),10,0.409
2026-06-16,google / organic,6,0.519
2026-06-16,google / cpc,20,0.426
2026-06-17,FB,24,0.627
2026-06-17,aff,17,0.59
2026-06-17,email-campaign,4,0.458
2026-06-17,google / organic,3,0.525
2026-06-17,email / newsletter,2,0.425
2026-06-17,organic,5,0.381
2026-06-17,googleads,117,0.442
2026-06-17,FB,35,0.688
2026-06-17,email-campaign,2,0.436
2026-06-17,(organic),2,0.506
2026-06-18,Email,7,0.456
2026-06-18,affiliate / partner,15,0.612
2026-06-18,google-ads,34,0.532
2026-06-18,meta / social,29,0.546
2026-06-18,adwords,27,0.514
2026-06-18,FB,40,0.51
2026-06-18,seo,8,0.425
2026-06-18,klaviyo,9,0.445
2026-06-19,aff,15,0.591
2026-06-19,adwords,56,0.444
2026-06-19,google / organic,11,0.472
2026-06-19,fb_paid,61,0.587
2026-06-19,organic,9,0.473
2026-06-19,email-campaign,13,0.413
2026-06-19,partner-network,20,0.577
2026-06-20,meta / social,19,0.607
2026-06-20,klaviyo,4,0.477
2026-06-20,FB,15,0.528
2026-06-20,google / organic,6,0.38
2026-06-20,organic,3,0.347
2026-06-20,affiliate / partner,17,0.597
2026-06-20,google / cpc,75,0.512
2026-06-20,Email,9,0.403
2026-06-20,seo,4,0.377
2026-06-20,fb_paid,19,0.558
2026-06-21,adwords,83,0.393
2026-06-21,klaviyo,18,0.449
2026-06-21,fb_paid,29,0.559
2026-06-21,aff,11,0.588
2026-06-21,seo,8,0.474
2026-06-21,FB,29,0.542
2026-06-22,FB,91,0.6
2026-06-22,klaviyo,6,0.357
2026-06-22,organic,2,0.444
2026-06-22,affiliate / partner,5,0.577
2026-06-22,partner-network,11,0.602
2026-06-22,Email,5,0.506
2026-06-22,adwords,83,0.483
2026-06-22,Email,4,0.412
2026-06-22,(organic),5,0.44
2026-06-22,organic,4,0.352
2026-06-23,meta / social,32,0.604
2026-06-23,google / organic,7,0.409
2026-06-23,aff,18,0.611
2026-06-23,(organic),6,0.301
2026-06-23,email-campaign,16,0.306
2026-06-23,partner-network,19,0.668
2026-06-23,google-ads,19,0.449
2026-06-23,google-ads,35,0.447
2026-06-23,fb_paid,21,0.504
2026-06-23,organic,7,0.422
2026-06-24,fb_paid,23,0.536
2026-06-24,adwords,31,0.442
2026-06-24,email / newsletter,5,0.501
2026-06-24,AFFILIATE,7,0.592
2026-06-24,googleads,37,0.367
2026-06-24,affiliate / partner,6,0.55
2026-06-24,facebook / paid,26,0.546
2026-06-24,seo,15,0.289
2026-06-24,Email,5,0.449
2026-06-24,google / organic,7,0.461
2026-06-24,AFFILIATE,8,0.676
2026-06-25,seo,5,0.49
2026-06-25,facebook / paid,10,0.685
2026-06-25,meta / social,13,0.585
2026-06-25,meta / social,12,0.558
2026-06-25,seo,3,0.347
2026-06-25,google / cpc,36,0.469
2026-06-25,email-campaign,8,0.471
2026-06-25,seo,1,0.458
2026-06-25,email-campaign,8,0.44
2026-06-25,aff,19,0.614
2026-06-25,adwords,23,0.484
2026-06-26,seo,3,0.375
2026-06-26,google / cpc,41,0.543
2026-06-26,googleads,48,0.549
2026-06-26,email / newsletter,7,0.354
2026-06-26,facebook / paid,71,0.521
2026-06-26,partner-network,-14,0.673
2026-06-26,partner-network,13,0.598
2026-06-27,meta / social,34,0.559
2026-06-27,organic,5,0.334
2026-06-27,email / newsletter,5,0.5
2026-06-27,adwords,89,0.509
2026-06-27,organic,3,0.433
2026-06-27,affiliate / partner,7,0.619
2026-06-27,partner-network,4,0.703
2026-06-27,email / newsletter,3,0.411
2026-06-28,google / organic,6,0.405
2026-06-28,fb_paid,44,0.556
2026-06-28,organic,8,0.363
2026-06-28,adwords,37,0.554
2026-06-28,adwords,31,0.511
2026-06-28,email-campaign,5,0.526
2026-06-28,partner-network,24,0.576
2026-06-28,klaviyo,5,0.403
2026-06-29,fb_paid,36,0.516
2026-06-29,adwords,89,0.468
2026-06-29,fb_paid,35,0.603
2026-06-29,affiliate / partner,7,0.606
2026-06-29,partner-network,9,0.624
2026-06-29,AFFILIATE,5,0.57
2026-06-29,klaviyo,4,0.453
2026-06-29,Email,6,0.437
2026-06-29,google / organic,5,0.366
2026-06-29,seo,7,0.46
2026-06-30,Email,4,0.404
2026-06-30,email-campaign,5,0.396
2026-06-30,organic,8,0.456
2026-06-30,aff,10,0.658
2026-06-30,fb_paid,34,0.654
2026-06-30,meta / social,26,0.581
2026-06-30,adwords,25,0.529
2026-06-30,adwords,24,0.477
2026-06-30,googleads,29,0.357
2026-06-30,google / organic,4,0.367
2026-06-30,partner-network,6,0.562
